,Date,Product_ID,Demand,Inventory
0,2025-10-31,101316,0,0
1,2025-10-31,101318,0,0
2,2025-10-31,101324,0,0
3,2025-10-31,101352,0,0
4,2025-10-31,101353,0,0
5,2025-10-31,101354,0,0
6,2025-10-31,101357,0,0
7,2025-10-31,102003,0,0
8,2025-10-31,102039,0,0
9,2025-10-31,102068,0,0
10,2025-10-31,102353,0,0
11,2025-10-31,102365,0,0
12,2025-10-31,102376,0,0
13,2025-10-31,102708,0,0
14,2025-10-31,102875,0,0
15,2025-10-31,102877,0,0
16,2025-10-31,104046,0,0
17,2025-10-31,104051,0,74
18,2025-10-31,104082,0,0
19,2025-10-31,104083,0,0
20,2025-10-31,104089,0,0
21,2025-10-31,104097,0,0
22,2025-10-31,104098,0,0
23,2025-10-31,104110,0,0
24,2025-10-31,104114,0,0
25,2025-10-31,104115,0,0
26,2025-10-31,104132,0,0
27,2025-10-31,104133,0,0
28,2025-10-31,104134,0,0
29,2025-10-31,104574,0,0
30,2025-10-31,300640,0,0
31,2025-10-31,300641,0,0
32,2025-10-31,300646,0,0
33,2025-10-31,300647,0,0
34,2025-10-31,300648,0,0
35,2025-10-31,300722,0,36
36,2025-10-31,300834,0,0
37,2025-10-31,301303,0,0
38,2025-10-31,301304,0,0
39,2025-10-31,301309,0,0
40,2025-10-31,301310,0,0
41,2025-10-31,301797,0,0
42,2025-10-31,301798,0,0
43,2025-10-31,301816,0,0
44,2025-10-31,400398,0,0
45,2025-10-31,400399,0,0
46,2025-10-31,400401,0,0
47,2025-10-31,400478,0,0
48,2025-10-31,400927,0,0
49,2025-10-31,400929,0,0
50,2025-10-31,400935,0,0
51,2025-10-31,400939,0,0
52,2025-10-31,400950,0,0
53,2025-10-31,400951,0,0
54,2025-10-31,400953,0,0
55,2025-10-31,401583,0,0
56,2025-10-31,401763,0,0
57,2025-10-31,401795,0,0
58,2025-10-31,401832,0,0
59,2025-10-31,401883,0,0
60,2025-10-31,402048,0,0
61,2025-11-01,101316,0,0
62,2025-11-01,101318,0,0
63,2025-11-01,101324,0,0
64,2025-11-01,101352,0,0
65,2025-11-01,101353,0,0
66,2025-11-01,101354,0,0
67,2025-11-01,101357,0,0
68,2025-11-01,102003,0,0
69,2025-11-01,102039,0,0
70,2025-11-01,102068,0,0
71,2025-11-01,102353,0,0
72,2025-11-01,102365,0,0
73,2025-11-01,102376,0,0
74,2025-11-01,102708,0,0
75,2025-11-01,102875,0,0
76,2025-11-01,102877,0,0
77,2025-11-01,104046,0,0
78,2025-11-01,104051,0,74
79,2025-11-01,104082,0,0
80,2025-11-01,104083,0,0
81,2025-11-01,104089,0,0
82,2025-11-01,104097,0,0
83,2025-11-01,104098,0,0
84,2025-11-01,104110,0,0
85,2025-11-01,104114,0,0
86,2025-11-01,104115,0,0
87,2025-11-01,104132,0,0
88,2025-11-01,104133,0,48
89,2025-11-01,104134,0,0
90,2025-11-01,104574,0,0
91,2025-11-01,300640,0,0
92,2025-11-01,300641,0,0
93,2025-11-01,300646,0,0
94,2025-11-01,300647,0,0
95,2025-11-01,300648,0,0
96,2025-11-01,300722,0,36
97,2025-11-01,300834,0,0
98,2025-11-01,301303,0,0
99,2025-11-01,301304,0,0
100,2025-11-01,301309,0,0
101,2025-11-01,301310,0,0
102,2025-11-01,301797,0,0
103,2025-11-01,301798,0,0
104,2025-11-01,301816,0,0
105,2025-11-01,400398,0,0
106,2025-11-01,400399,0,0
107,2025-11-01,400401,0,0
108,2025-11-01,400478,0,0
109,2025-11-01,400927,0,0
110,2025-11-01,400929,0,0
111,2025-11-01,400935,0,0
112,2025-11-01,400939,0,0
113,2025-11-01,400950,0,0
114,2025-11-01,400951,0,0
115,2025-11-01,400953,0,0
116,2025-11-01,401583,0,0
117,2025-11-01,401763,0,0
118,2025-11-01,401795,0,0
119,2025-11-01,401832,0,0
120,2025-11-01,401883,0,0
121,2025-11-01,402048,0,0
122,2025-11-02,101316,0,0
123,2025-11-02,101318,0,0
124,2025-11-02,101324,0,0
125,2025-11-02,101352,0,0
126,2025-11-02,101353,0,0
127,2025-11-02,101354,0,0
128,2025-11-02,101357,0,0
129,2025-11-02,102003,0,0
130,2025-11-02,102039,0,0
131,2025-11-02,102068,0,0
132,2025-11-02,102353,0,0
133,2025-11-02,102365,0,0
134,2025-11-02,102376,0,0
135,2025-11-02,102708,0,0
136,2025-11-02,102875,0,0
137,2025-11-02,102877,0,0
138,2025-11-02,104046,0,0
139,2025-11-02,104051,0,74
140,2025-11-02,104082,0,0
141,2025-11-02,104083,0,0
142,2025-11-02,104089,0,0
143,2025-11-02,104097,0,0
144,2025-11-02,104098,0,0
145,2025-11-02,104110,0,0
146,2025-11-02,104114,0,0
147,2025-11-02,104115,0,0
148,2025-11-02,104132,0,0
149,2025-11-02,104133,48,0
150,2025-11-02,104134,0,0
151,2025-11-02,104574,0,0
152,2025-11-02,300640,0,0
153,2025-11-02,300641,0,0
154,2025-11-02,300646,0,0
155,2025-11-02,300647,0,0
156,2025-11-02,300648,0,0
157,2025-11-02,300722,0,36
158,2025-11-02,300834,0,0
159,2025-11-02,301303,0,0
160,2025-11-02,301304,0,0
161,2025-11-02,301309,0,0
162,2025-11-02,301310,0,0
163,2025-11-02,301797,0,0
164,2025-11-02,301798,0,0
165,2025-11-02,301816,0,0
166,2025-11-02,400398,0,0
167,2025-11-02,400399,0,0
168,2025-11-02,400401,0,0
169,2025-11-02,400478,0,0
170,2025-11-02,400927,0,0
171,2025-11-02,400929,0,0
172,2025-11-02,400935,0,0
173,2025-11-02,400939,0,0
174,2025-11-02,400950,0,0
175,2025-11-02,400951,0,0
176,2025-11-02,400953,0,0
177,2025-11-02,401583,0,0
178,2025-11-02,401763,0,0
179,2025-11-02,401795,0,0
180,2025-11-02,401832,0,0
181,2025-11-02,401883,0,0
182,2025-11-02,402048,0,0
183,2025-11-03,101316,0,0
184,2025-11-03,101318,0,0
185,2025-11-03,101324,0,0
186,2025-11-03,101352,0,0
187,2025-11-03,101353,0,0
188,2025-11-03,101354,0,0
189,2025-11-03,101357,0,0
190,2025-11-03,102003,0,0
191,2025-11-03,102039,0,0
192,2025-11-03,102068,0,0
193,2025-11-03,102353,0,0
194,2025-11-03,102365,0,0
195,2025-11-03,102376,0,0
196,2025-11-03,102708,0,0
197,2025-11-03,102875,0,0
198,2025-11-03,102877,0,0
199,2025-11-03,104046,0,0
200,2025-11-03,104051,0,74
201,2025-11-03,104082,0,0
202,2025-11-03,104083,0,0
203,2025-11-03,104089,0,0
204,2025-11-03,104097,0,0
205,2025-11-03,104098,0,0
206,2025-11-03,104110,0,0
207,2025-11-03,104114,0,0
208,2025-11-03,104115,0,0
209,2025-11-03,104132,0,0
210,2025-11-03,104133,0,0
211,2025-11-03,104134,0,0
212,2025-11-03,104574,0,0
213,2025-11-03,300640,0,0
214,2025-11-03,300641,0,0
215,2025-11-03,300646,0,0
216,2025-11-03,300647,0,0
217,2025-11-03,300648,0,0
218,2025-11-03,300722,0,36
219,2025-11-03,300834,0,0
220,2025-11-03,301303,0,0
221,2025-11-03,301304,0,0
222,2025-11-03,301309,0,0
223,2025-11-03,301310,0,0
224,2025-11-03,301797,0,0
225,2025-11-03,301798,0,0
226,2025-11-03,301816,0,0
227,2025-11-03,400398,0,0
228,2025-11-03,400399,0,0
229,2025-11-03,400401,0,0
230,2025-11-03,400478,0,0
231,2025-11-03,400927,0,0
232,2025-11-03,400929,0,0
233,2025-11-03,400935,0,0
234,2025-11-03,400939,0,0
235,2025-11-03,400950,0,0
236,2025-11-03,400951,0,0
237,2025-11-03,400953,0,0
238,2025-11-03,401583,0,0
239,2025-11-03,401763,0,0
240,2025-11-03,401795,0,0
241,2025-11-03,401832,0,0
242,2025-11-03,401883,0,0
243,2025-11-03,402048,0,0
244,2025-11-04,101316,0,0
245,2025-11-04,101318,0,0
246,2025-11-04,101324,0,0
247,2025-11-04,101352,0,24
248,2025-11-04,101353,0,0
249,2025-11-04,101354,0,0
250,2025-11-04,101357,0,0
251,2025-11-04,102003,0,0
252,2025-11-04,102039,0,0
253,2025-11-04,102068,0,0
254,2025-11-04,102353,0,0
255,2025-11-04,102365,0,0
256,2025-11-04,102376,0,0
257,2025-11-04,102708,0,0
258,2025-11-04,102875,0,0
259,2025-11-04,102877,0,0
260,2025-11-04,104046,0,0
261,2025-11-04,104051,0,74
262,2025-11-04,104082,0,0
263,2025-11-04,104083,0,0
264,2025-11-04,104089,0,0
265,2025-11-04,104097,0,0
266,2025-11-04,104098,0,0
267,2025-11-04,104110,0,0
268,2025-11-04,104114,0,0
269,2025-11-04,104115,0,0
270,2025-11-04,104132,0,0
271,2025-11-04,104133,0,0
272,2025-11-04,104134,0,0
273,2025-11-04,104574,0,0
274,2025-11-04,300640,0,0
275,2025-11-04,300641,0,23
276,2025-11-04,300646,0,0
277,2025-11-04,300647,0,0
278,2025-11-04,300648,0,0
279,2025-11-04,300722,0,36
280,2025-11-04,300834,0,0
281,2025-11-04,301303,0,29
282,2025-11-04,301304,0,0
283,2025-11-04,301309,0,0
284,2025-11-04,301310,0,0
285,2025-11-04,301797,0,0
286,2025-11-04,301798,0,0
287,2025-11-04,301816,0,0
288,2025-11-04,400398,0,0
289,2025-11-04,400399,0,0
290,2025-11-04,400401,0,0
291,2025-11-04,400478,0,0
292,2025-11-04,400927,0,0
293,2025-11-04,400929,0,0
294,2025-11-04,400935,0,0
295,2025-11-04,400939,0,0
296,2025-11-04,400950,0,0
297,2025-11-04,400951,0,0
298,2025-11-04,400953,0,0
299,2025-11-04,401583,0,0
300,2025-11-04,401763,0,0
301,2025-11-04,401795,0,0
302,2025-11-04,401832,0,0
303,2025-11-04,401883,0,0
304,2025-11-04,402048,0,0
305,2025-11-05,101316,0,0
306,2025-11-05,101318,0,0
307,2025-11-05,101324,0,0
308,2025-11-05,101352,24,0
309,2025-11-05,101353,0,0
310,2025-11-05,101354,0,0
311,2025-11-05,101357,0,0
312,2025-11-05,102003,0,0
313,2025-11-05,102039,0,0
314,2025-11-05,102068,0,0
315,2025-11-05,102353,0,0
316,2025-11-05,102365,0,0
317,2025-11-05,102376,0,0
318,2025-11-05,102708,0,0
319,2025-11-05,102875,0,0
320,2025-11-05,102877,0,0
321,2025-11-05,104046,0,0
322,2025-11-05,104051,0,74
323,2025-11-05,104082,0,0
324,2025-11-05,104083,0,0
325,2025-11-05,104089,0,0
326,2025-11-05,104097,0,0
327,2025-11-05,104098,0,0
328,2025-11-05,104110,0,0
329,2025-11-05,104114,0,0
330,2025-11-05,104115,0,0
331,2025-11-05,104132,0,0
332,2025-11-05,104133,0,0
333,2025-11-05,104134,0,0
334,2025-11-05,104574,0,0
335,2025-11-05,300640,0,0
336,2025-11-05,300641,0,23
337,2025-11-05,300646,0,0
338,2025-11-05,300647,0,0
339,2025-11-05,300648,0,0
340,2025-11-05,300722,0,36
341,2025-11-05,300834,0,0
342,2025-11-05,301303,29,0
343,2025-11-05,301304,0,0
344,2025-11-05,301309,0,0
345,2025-11-05,301310,0,0
346,2025-11-05,301797,0,0
347,2025-11-05,301798,0,0
348,2025-11-05,301816,0,0
349,2025-11-05,400398,0,0
350,2025-11-05,400399,0,0
351,2025-11-05,400401,0,0
352,2025-11-05,400478,0,0
353,2025-11-05,400927,0,0
354,2025-11-05,400929,0,0
355,2025-11-05,400935,0,0
356,2025-11-05,400939,0,0
357,2025-11-05,400950,0,0
358,2025-11-05,400951,0,0
359,2025-11-05,400953,0,0
360,2025-11-05,401583,0,0
361,2025-11-05,401763,0,0
362,2025-11-05,401795,0,0
363,2025-11-05,401832,0,0
364,2025-11-05,401883,0,0
365,2025-11-05,402048,0,0
366,2025-11-06,101316,0,0
367,2025-11-06,101318,0,0
368,2025-11-06,101324,0,0
369,2025-11-06,101352,0,0
370,2025-11-06,101353,0,0
371,2025-11-06,101354,0,0
372,2025-11-06,101357,0,0
373,2025-11-06,102003,0,0
374,2025-11-06,102039,0,0
375,2025-11-06,102068,0,0
376,2025-11-06,102353,0,0
377,2025-11-06,102365,0,0
378,2025-11-06,102376,0,0
379,2025-11-06,102708,0,0
380,2025-11-06,102875,0,0
381,2025-11-06,102877,0,0
382,2025-11-06,104046,0,0
383,2025-11-06,104051,0,74
384,2025-11-06,104082,0,0
385,2025-11-06,104083,0,0
386,2025-11-06,104089,0,0
387,2025-11-06,104097,0,0
388,2025-11-06,104098,0,0
389,2025-11-06,104110,0,0
390,2025-11-06,104114,0,0
391,2025-11-06,104115,0,0
392,2025-11-06,104132,0,0
393,2025-11-06,104133,0,0
394,2025-11-06,104134,0,0
395,2025-11-06,104574,0,0
396,2025-11-06,300640,0,0
397,2025-11-06,300641,0,23
398,2025-11-06,300646,0,0
399,2025-11-06,300647,0,0
400,2025-11-06,300648,0,0
401,2025-11-06,300722,0,36
402,2025-11-06,300834,0,0
403,2025-11-06,301303,0,0
404,2025-11-06,301304,0,0
405,2025-11-06,301309,0,0
406,2025-11-06,301310,0,0
407,2025-11-06,301797,0,0
408,2025-11-06,301798,0,0
409,2025-11-06,301816,0,0
410,2025-11-06,400398,0,0
411,2025-11-06,400399,0,0
412,2025-11-06,400401,0,0
413,2025-11-06,400478,0,0
414,2025-11-06,400927,0,0
415,2025-11-06,400929,0,0
416,2025-11-06,400935,0,0
417,2025-11-06,400939,0,0
418,2025-11-06,400950,0,0
419,2025-11-06,400951,0,0
420,2025-11-06,400953,0,0
421,2025-11-06,401583,0,0
422,2025-11-06,401763,0,0
423,2025-11-06,401795,0,0
424,2025-11-06,401832,0,0
425,2025-11-06,401883,0,0
426,2025-11-06,402048,0,0
427,2025-11-07,101316,0,0
428,2025-11-07,101318,0,0
429,2025-11-07,101324,0,0
430,2025-11-07,101352,0,0
431,2025-11-07,101353,0,0
432,2025-11-07,101354,0,0
433,2025-11-07,101357,0,0
434,2025-11-07,102003,0,0
435,2025-11-07,102039,0,0
436,2025-11-07,102068,0,0
437,2025-11-07,102353,0,0
438,2025-11-07,102365,0,0
439,2025-11-07,102376,0,0
440,2025-11-07,102708,0,0
441,2025-11-07,102875,0,0
442,2025-11-07,102877,0,0
443,2025-11-07,104046,0,0
444,2025-11-07,104051,0,74
445,2025-11-07,104082,0,0
446,2025-11-07,104083,0,0
447,2025-11-07,104089,52,-52
448,2025-11-07,104097,0,0
449,2025-11-07,104098,0,0
450,2025-11-07,104110,0,0
451,2025-11-07,104114,0,0
452,2025-11-07,104115,0,0
453,2025-11-07,104132,0,0
454,2025-11-07,104133,0,0
455,2025-11-07,104134,0,0
456,2025-11-07,104574,0,0
457,2025-11-07,300640,25,-25
458,2025-11-07,300641,0,23
459,2025-11-07,300646,0,0
460,2025-11-07,300647,0,0
461,2025-11-07,300648,0,0
462,2025-11-07,300722,0,36
463,2025-11-07,300834,0,0
464,2025-11-07,301303,0,0
465,2025-11-07,301304,0,0
466,2025-11-07,301309,0,0
467,2025-11-07,301310,0,0
468,2025-11-07,301797,0,0
469,2025-11-07,301798,0,0
470,2025-11-07,301816,0,0
471,2025-11-07,400398,0,0
472,2025-11-07,400399,0,0
473,2025-11-07,400401,0,0
474,2025-11-07,400478,0,0
475,2025-11-07,400927,0,0
476,2025-11-07,400929,0,0
477,2025-11-07,400935,0,0
478,2025-11-07,400939,0,0
479,2025-11-07,400950,0,0
480,2025-11-07,400951,0,0
481,2025-11-07,400953,0,0
482,2025-11-07,401583,0,0
483,2025-11-07,401763,0,0
484,2025-11-07,401795,0,0
485,2025-11-07,401832,0,0
486,2025-11-07,401883,0,0
487,2025-11-07,402048,0,0
488,2025-11-08,101316,0,0
489,2025-11-08,101318,0,0
490,2025-11-08,101324,0,0
491,2025-11-08,101352,0,0
492,2025-11-08,101353,0,0
493,2025-11-08,101354,0,0
494,2025-11-08,101357,0,0
495,2025-11-08,102003,0,0
496,2025-11-08,102039,0,0
497,2025-11-08,102068,0,0
498,2025-11-08,102353,0,0
499,2025-11-08,102365,0,0
500,2025-11-08,102376,0,0
501,2025-11-08,102708,0,0
502,2025-11-08,102875,0,0
503,2025-11-08,102877,0,0
504,2025-11-08,104046,0,0
505,2025-11-08,104051,0,74
506,2025-11-08,104082,0,0
507,2025-11-08,104083,0,0
508,2025-11-08,104089,0,0
509,2025-11-08,104097,0,0
510,2025-11-08,104098,0,0
511,2025-11-08,104110,0,0
512,2025-11-08,104114,0,0
513,2025-11-08,104115,0,0
514,2025-11-08,104132,0,0
515,2025-11-08,104133,0,0
516,2025-11-08,104134,0,0
517,2025-11-08,104574,0,0
518,2025-11-08,300640,0,0
519,2025-11-08,300641,0,23
520,2025-11-08,300646,0,0
521,2025-11-08,300647,0,0
522,2025-11-08,300648,0,0
523,2025-11-08,300722,0,36
524,2025-11-08,300834,0,0
525,2025-11-08,301303,0,0
526,2025-11-08,301304,0,0
527,2025-11-08,301309,0,0
528,2025-11-08,301310,0,0
529,2025-11-08,301797,0,0
530,2025-11-08,301798,0,0
531,2025-11-08,301816,0,0
532,2025-11-08,400398,0,0
533,2025-11-08,400399,0,0
534,2025-11-08,400401,0,0
535,2025-11-08,400478,0,0
536,2025-11-08,400927,0,0
537,2025-11-08,400929,0,0
538,2025-11-08,400935,0,0
539,2025-11-08,400939,0,0
540,2025-11-08,400950,0,0
541,2025-11-08,400951,0,0
542,2025-11-08,400953,0,0
543,2025-11-08,401583,0,0
544,2025-11-08,401763,0,0
545,2025-11-08,401795,0,0
546,2025-11-08,401832,0,0
547,2025-11-08,401883,0,0
548,2025-11-08,402048,0,0
549,2025-11-09,101316,0,0
550,2025-11-09,101318,0,0
551,2025-11-09,101324,0,0
552,2025-11-09,101352,0,0
553,2025-11-09,101353,0,0
554,2025-11-09,101354,0,0
555,2025-11-09,101357,0,0
556,2025-11-09,102003,0,0
557,2025-11-09,102039,0,0
558,2025-11-09,102068,0,0
559,2025-11-09,102353,0,0
560,2025-11-09,102365,0,0
561,2025-11-09,102376,0,0
562,2025-11-09,102708,0,0
563,2025-11-09,102875,0,0
564,2025-11-09,102877,0,0
565,2025-11-09,104046,0,0
566,2025-11-09,104051,0,74
567,2025-11-09,104082,0,0
568,2025-11-09,104083,0,0
569,2025-11-09,104089,0,0
570,2025-11-09,104097,0,0
571,2025-11-09,104098,0,0
572,2025-11-09,104110,0,0
573,2025-11-09,104114,0,0
574,2025-11-09,104115,0,0
575,2025-11-09,104132,0,0
576,2025-11-09,104133,0,0
577,2025-11-09,104134,0,0
578,2025-11-09,104574,0,0
579,2025-11-09,300640,0,0
580,2025-11-09,300641,0,23
581,2025-11-09,300646,0,0
582,2025-11-09,300647,0,0
583,2025-11-09,300648,0,0
584,2025-11-09,300722,0,36
585,2025-11-09,300834,0,0
586,2025-11-09,301303,0,0
587,2025-11-09,301304,0,0
588,2025-11-09,301309,0,0
589,2025-11-09,301310,0,0
590,2025-11-09,301797,0,0
591,2025-11-09,301798,0,0
592,2025-11-09,301816,0,0
593,2025-11-09,400398,0,0
594,2025-11-09,400399,0,0
595,2025-11-09,400401,0,0
596,2025-11-09,400478,0,0
597,2025-11-09,400927,0,0
598,2025-11-09,400929,0,0
599,2025-11-09,400935,0,0
600,2025-11-09,400939,0,0
601,2025-11-09,400950,0,0
602,2025-11-09,400951,0,0
603,2025-11-09,400953,0,0
604,2025-11-09,401583,0,0
605,2025-11-09,401763,0,0
606,2025-11-09,401795,0,0
607,2025-11-09,401832,0,0
608,2025-11-09,401883,0,0
609,2025-11-09,402048,0,0
610,2025-11-10,101316,0,0
611,2025-11-10,101318,0,0
612,2025-11-10,101324,0,0
613,2025-11-10,101352,0,0
614,2025-11-10,101353,0,0
615,2025-11-10,101354,0,0
616,2025-11-10,101357,0,0
617,2025-11-10,102003,0,0
618,2025-11-10,102039,0,0
619,2025-11-10,102068,0,0
620,2025-11-10,102353,0,0
621,2025-11-10,102365,0,0
622,2025-11-10,102376,0,0
623,2025-11-10,102708,0,0
624,2025-11-10,102875,0,0
625,2025-11-10,102877,0,0
626,2025-11-10,104046,0,0
627,2025-11-10,104051,0,74
628,2025-11-10,104082,0,0
629,2025-11-10,104083,0,0
630,2025-11-10,104089,0,0
631,2025-11-10,104097,0,0
632,2025-11-10,104098,0,0
633,2025-11-10,104110,0,0
634,2025-11-10,104114,0,0
635,2025-11-10,104115,0,0
636,2025-11-10,104132,0,0
637,2025-11-10,104133,0,0
638,2025-11-10,104134,0,0
639,2025-11-10,104574,0,0
640,2025-11-10,300640,0,0
641,2025-11-10,300641,0,23
642,2025-11-10,300646,0,0
643,2025-11-10,300647,0,0
644,2025-11-10,300648,0,0
645,2025-11-10,300722,0,36
646,2025-11-10,300834,0,0
647,2025-11-10,301303,0,0
648,2025-11-10,301304,0,0
649,2025-11-10,301309,0,0
650,2025-11-10,301310,0,0
651,2025-11-10,301797,0,0
652,2025-11-10,301798,0,0
653,2025-11-10,301816,0,0
654,2025-11-10,400398,0,0
655,2025-11-10,400399,0,0
656,2025-11-10,400401,0,0
657,2025-11-10,400478,0,0
658,2025-11-10,400927,0,0
659,2025-11-10,400929,0,0
660,2025-11-10,400935,0,0
661,2025-11-10,400939,0,0
662,2025-11-10,400950,0,0
663,2025-11-10,400951,0,0
664,2025-11-10,400953,0,0
665,2025-11-10,401583,0,0
666,2025-11-10,401763,0,0
667,2025-11-10,401795,0,0
668,2025-11-10,401832,0,0
669,2025-11-10,401883,0,0
670,2025-11-10,402048,0,0
671,2025-11-11,101316,0,0
672,2025-11-11,101318,0,0
673,2025-11-11,101324,0,0
674,2025-11-11,101352,0,24
675,2025-11-11,101353,0,24
676,2025-11-11,101354,0,0
677,2025-11-11,101357,0,0
678,2025-11-11,102003,0,0
679,2025-11-11,102039,0,0
680,2025-11-11,102068,0,0
681,2025-11-11,102353,0,0
682,2025-11-11,102365,0,0
683,2025-11-11,102376,0,0
684,2025-11-11,102708,0,0
685,2025-11-11,102875,0,0
686,2025-11-11,102877,0,0
687,2025-11-11,104046,0,0
688,2025-11-11,104051,0,111
689,2025-11-11,104082,0,0
690,2025-11-11,104083,0,0
691,2025-11-11,104089,0,0
692,2025-11-11,104097,0,0
693,2025-11-11,104098,0,0
694,2025-11-11,104110,0,0
695,2025-11-11,104114,0,0
696,2025-11-11,104115,0,0
697,2025-11-11,104132,0,0
698,2025-11-11,104133,0,0
699,2025-11-11,104134,0,0
700,2025-11-11,104574,0,0
701,2025-11-11,300640,0,0
702,2025-11-11,300641,0,23
703,2025-11-11,300646,0,0
704,2025-11-11,300647,0,21
705,2025-11-11,300648,0,0
706,2025-11-11,300722,0,36
707,2025-11-11,300834,0,0
708,2025-11-11,301303,0,0
709,2025-11-11,301304,0,0
710,2025-11-11,301309,0,0
711,2025-11-11,301310,0,0
712,2025-11-11,301797,0,0
713,2025-11-11,301798,0,0
714,2025-11-11,301816,0,0
715,2025-11-11,400398,0,0
716,2025-11-11,400399,0,0
717,2025-11-11,400401,0,0
718,2025-11-11,400478,0,0
719,2025-11-11,400927,0,0
720,2025-11-11,400929,0,0
721,2025-11-11,400935,0,0
722,2025-11-11,400939,0,0
723,2025-11-11,400950,0,16
724,2025-11-11,400951,0,0
725,2025-11-11,400953,0,0
726,2025-11-11,401583,0,0
727,2025-11-11,401763,0,0
728,2025-11-11,401795,0,0
729,2025-11-11,401832,0,0
730,2025-11-11,401883,0,0
731,2025-11-11,402048,0,0
732,2025-11-12,101316,0,0
733,2025-11-12,101318,0,0
734,2025-11-12,101324,0,0
735,2025-11-12,101352,24,0
736,2025-11-12,101353,24,0
737,2025-11-12,101354,0,0
738,2025-11-12,101357,0,0
739,2025-11-12,102003,0,0
740,2025-11-12,102039,0,0
741,2025-11-12,102068,0,0
742,2025-11-12,102353,0,0
743,2025-11-12,102365,0,0
744,2025-11-12,102376,0,0
745,2025-11-12,102708,0,0
746,2025-11-12,102875,0,0
747,2025-11-12,102877,0,0
748,2025-11-12,104046,0,0
749,2025-11-12,104051,37,74
750,2025-11-12,104082,0,0
751,2025-11-12,104083,0,0
752,2025-11-12,104089,0,0
753,2025-11-12,104097,0,0
754,2025-11-12,104098,0,0
755,2025-11-12,104110,0,0
756,2025-11-12,104114,0,0
757,2025-11-12,104115,0,0
758,2025-11-12,104132,0,0
759,2025-11-12,104133,0,0
760,2025-11-12,104134,0,0
761,2025-11-12,104574,0,0
762,2025-11-12,300640,0,0
763,2025-11-12,300641,0,23
764,2025-11-12,300646,0,0
765,2025-11-12,300647,21,0
766,2025-11-12,300648,0,0
767,2025-11-12,300722,0,36
768,2025-11-12,300834,0,0
769,2025-11-12,301303,0,0
770,2025-11-12,301304,0,0
771,2025-11-12,301309,0,0
772,2025-11-12,301310,0,0
773,2025-11-12,301797,0,0
774,2025-11-12,301798,0,0
775,2025-11-12,301816,0,0
776,2025-11-12,400398,0,0
777,2025-11-12,400399,0,0
778,2025-11-12,400401,0,0
779,2025-11-12,400478,0,0
780,2025-11-12,400927,0,0
781,2025-11-12,400929,0,0
782,2025-11-12,400935,0,0
783,2025-11-12,400939,0,0
784,2025-11-12,400950,16,0
785,2025-11-12,400951,0,0
786,2025-11-12,400953,0,0
787,2025-11-12,401583,0,0
788,2025-11-12,401763,0,0
789,2025-11-12,401795,0,0
790,2025-11-12,401832,0,0
791,2025-11-12,401883,0,0
792,2025-11-12,402048,0,0
793,2025-11-13,101316,0,0
794,2025-11-13,101318,0,0
795,2025-11-13,101324,0,0
796,2025-11-13,101352,0,0
797,2025-11-13,101353,0,0
798,2025-11-13,101354,0,0
799,2025-11-13,101357,0,0
800,2025-11-13,102003,0,0
801,2025-11-13,102039,0,0
802,2025-11-13,102068,0,0
803,2025-11-13,102353,0,0
804,2025-11-13,102365,0,0
805,2025-11-13,102376,0,0
806,2025-11-13,102708,0,0
807,2025-11-13,102875,0,0
808,2025-11-13,102877,0,0
809,2025-11-13,104046,0,0
810,2025-11-13,104051,0,74
811,2025-11-13,104082,0,0
812,2025-11-13,104083,0,0
813,2025-11-13,104089,0,0
814,2025-11-13,104097,0,0
815,2025-11-13,104098,0,0
816,2025-11-13,104110,0,0
817,2025-11-13,104114,0,0
818,2025-11-13,104115,0,0
819,2025-11-13,104132,0,32
820,2025-11-13,104133,0,0
821,2025-11-13,104134,0,0
822,2025-11-13,104574,0,0
823,2025-11-13,300640,0,0
824,2025-11-13,300641,0,23
825,2025-11-13,300646,0,0
826,2025-11-13,300647,0,0
827,2025-11-13,300648,0,0
828,2025-11-13,300722,0,36
829,2025-11-13,300834,0,0
830,2025-11-13,301303,0,0
831,2025-11-13,301304,0,0
832,2025-11-13,301309,0,0
833,2025-11-13,301310,0,0
834,2025-11-13,301797,0,0
835,2025-11-13,301798,0,0
836,2025-11-13,301816,0,0
837,2025-11-13,400398,0,0
838,2025-11-13,400399,0,0
839,2025-11-13,400401,0,0
840,2025-11-13,400478,0,0
841,2025-11-13,400927,0,0
842,2025-11-13,400929,0,0
843,2025-11-13,400935,0,0
844,2025-11-13,400939,0,0
845,2025-11-13,400950,0,0
846,2025-11-13,400951,0,0
847,2025-11-13,400953,0,0
848,2025-11-13,401583,0,0
849,2025-11-13,401763,0,0
850,2025-11-13,401795,0,0
851,2025-11-13,401832,0,0
852,2025-11-13,401883,0,0
853,2025-11-13,402048,0,0
854,2025-11-14,101316,0,0
855,2025-11-14,101318,0,0
856,2025-11-14,101324,0,0
857,2025-11-14,101352,0,0
858,2025-11-14,101353,0,0
859,2025-11-14,101354,0,0
860,2025-11-14,101357,0,0
861,2025-11-14,102003,0,0
862,2025-11-14,102039,0,0
863,2025-11-14,102068,0,0
864,2025-11-14,102353,0,70
865,2025-11-14,102365,0,0
866,2025-11-14,102376,0,0
867,2025-11-14,102708,0,0
868,2025-11-14,102875,0,0
869,2025-11-14,102877,0,0
870,2025-11-14,104046,0,0
871,2025-11-14,104051,0,74
872,2025-11-14,104082,0,0
873,2025-11-14,104083,0,0
874,2025-11-14,104089,0,0
875,2025-11-14,104097,0,0
876,2025-11-14,104098,0,0
877,2025-11-14,104110,0,0
878,2025-11-14,104114,0,0
879,2025-11-14,104115,0,0
880,2025-11-14,104132,32,0
881,2025-11-14,104133,0,0
882,2025-11-14,104134,0,0
883,2025-11-14,104574,0,0
884,2025-11-14,300640,0,0
885,2025-11-14,300641,0,23
886,2025-11-14,300646,0,0
887,2025-11-14,300647,0,0
888,2025-11-14,300648,0,0
889,2025-11-14,300722,0,36
890,2025-11-14,300834,0,0
891,2025-11-14,301303,0,0
892,2025-11-14,301304,0,0
893,2025-11-14,301309,0,0
894,2025-11-14,301310,0,0
895,2025-11-14,301797,0,0
896,2025-11-14,301798,0,0
897,2025-11-14,301816,0,0
898,2025-11-14,400398,0,0
899,2025-11-14,400399,0,0
900,2025-11-14,400401,0,0
901,2025-11-14,400478,0,0
902,2025-11-14,400927,0,0
903,2025-11-14,400929,0,0
904,2025-11-14,400935,0,0
905,2025-11-14,400939,0,0
906,2025-11-14,400950,0,0
907,2025-11-14,400951,0,0
908,2025-11-14,400953,0,0
909,2025-11-14,401583,0,0
910,2025-11-14,401763,0,0
911,2025-11-14,401795,0,0
912,2025-11-14,401832,0,0
913,2025-11-14,401883,0,0
914,2025-11-14,402048,0,0
915,2025-11-15,101316,0,0
916,2025-11-15,101318,0,0
917,2025-11-15,101324,0,0
918,2025-11-15,101352,0,0
919,2025-11-15,101353,0,0
920,2025-11-15,101354,0,0
921,2025-11-15,101357,0,0
922,2025-11-15,102003,0,0
923,2025-11-15,102039,0,0
924,2025-11-15,102068,0,0
925,2025-11-15,102353,0,70
926,2025-11-15,102365,0,0
927,2025-11-15,102376,0,0
928,2025-11-15,102708,0,0
929,2025-11-15,102875,0,0
930,2025-11-15,102877,0,0
931,2025-11-15,104046,0,0
932,2025-11-15,104051,0,74
933,2025-11-15,104082,0,0
934,2025-11-15,104083,0,0
935,2025-11-15,104089,0,0
936,2025-11-15,104097,0,0
937,2025-11-15,104098,0,0
938,2025-11-15,104110,0,0
939,2025-11-15,104114,0,0
940,2025-11-15,104115,0,0
941,2025-11-15,104132,0,0
942,2025-11-15,104133,0,0
943,2025-11-15,104134,0,0
944,2025-11-15,104574,0,0
945,2025-11-15,300640,0,0
946,2025-11-15,300641,0,23
947,2025-11-15,300646,0,0
948,2025-11-15,300647,0,0
949,2025-11-15,300648,0,0
950,2025-11-15,300722,0,36
951,2025-11-15,300834,0,0
952,2025-11-15,301303,0,0
953,2025-11-15,301304,0,0
954,2025-11-15,301309,0,0
955,2025-11-15,301310,0,0
956,2025-11-15,301797,0,0
957,2025-11-15,301798,0,0
958,2025-11-15,301816,0,0
959,2025-11-15,400398,0,0
960,2025-11-15,400399,0,0
961,2025-11-15,400401,0,0
962,2025-11-15,400478,0,0
963,2025-11-15,400927,0,0
964,2025-11-15,400929,0,0
965,2025-11-15,400935,0,0
966,2025-11-15,400939,0,0
967,2025-11-15,400950,0,0
968,2025-11-15,400951,0,0
969,2025-11-15,400953,0,0
970,2025-11-15,401583,0,0
971,2025-11-15,401763,0,0
972,2025-11-15,401795,0,20
973,2025-11-15,401832,0,0
974,2025-11-15,401883,0,0
975,2025-11-15,402048,0,0
976,2025-11-16,101316,0,0
977,2025-11-16,101318,0,0
978,2025-11-16,101324,0,0
979,2025-11-16,101352,0,0
980,2025-11-16,101353,0,0
981,2025-11-16,101354,0,0
982,2025-11-16,101357,0,0
983,2025-11-16,102003,0,0
984,2025-11-16,102039,0,0
985,2025-11-16,102068,0,0
986,2025-11-16,102353,0,70
987,2025-11-16,102365,0,0
988,2025-11-16,102376,0,0
989,2025-11-16,102708,0,0
990,2025-11-16,102875,0,0
991,2025-11-16,102877,0,0
992,2025-11-16,104046,0,0
993,2025-11-16,104051,0,74
994,2025-11-16,104082,0,0
995,2025-11-16,104083,0,0
996,2025-11-16,104089,0,0
997,2025-11-16,104097,0,0
998,2025-11-16,104098,0,0
999,2025-11-16,104110,0,0
1000,2025-11-16,104114,0,0
1001,2025-11-16,104115,0,0
1002,2025-11-16,104132,0,0
1003,2025-11-16,104133,0,0
1004,2025-11-16,104134,0,0
1005,2025-11-16,104574,0,0
1006,2025-11-16,300640,0,0
1007,2025-11-16,300641,0,23
1008,2025-11-16,300646,0,0
1009,2025-11-16,300647,0,0
1010,2025-11-16,300648,0,0
1011,2025-11-16,300722,0,36
1012,2025-11-16,300834,0,0
1013,2025-11-16,301303,0,0
1014,2025-11-16,301304,0,0
1015,2025-11-16,301309,0,0
1016,2025-11-16,301310,0,0
1017,2025-11-16,301797,0,0
1018,2025-11-16,301798,0,0
1019,2025-11-16,301816,0,0
1020,2025-11-16,400398,0,0
1021,2025-11-16,400399,0,0
1022,2025-11-16,400401,0,0
1023,2025-11-16,400478,0,0
1024,2025-11-16,400927,0,0
1025,2025-11-16,400929,0,0
1026,2025-11-16,400935,0,0
1027,2025-11-16,400939,0,0
1028,2025-11-16,400950,0,0
1029,2025-11-16,400951,0,0
1030,2025-11-16,400953,0,0
1031,2025-11-16,401583,0,0
1032,2025-11-16,401763,0,0
1033,2025-11-16,401795,0,20
1034,2025-11-16,401832,0,0
1035,2025-11-16,401883,0,0
1036,2025-11-16,402048,0,0
1037,2025-11-17,101316,0,0
1038,2025-11-17,101318,0,0
1039,2025-11-17,101324,0,0
1040,2025-11-17,101352,0,0
1041,2025-11-17,101353,0,0
1042,2025-11-17,101354,0,0
1043,2025-11-17,101357,0,0
1044,2025-11-17,102003,0,0
1045,2025-11-17,102039,0,0
1046,2025-11-17,102068,0,0
1047,2025-11-17,102353,0,70
1048,2025-11-17,102365,0,0
1049,2025-11-17,102376,0,0
1050,2025-11-17,102708,0,0
1051,2025-11-17,102875,0,0
1052,2025-11-17,102877,0,0
1053,2025-11-17,104046,0,0
1054,2025-11-17,104051,0,74
1055,2025-11-17,104082,0,0
1056,2025-11-17,104083,0,0
1057,2025-11-17,104089,0,0
1058,2025-11-17,104097,0,0
1059,2025-11-17,104098,0,0
1060,2025-11-17,104110,0,0
1061,2025-11-17,104114,0,0
1062,2025-11-17,104115,0,0
1063,2025-11-17,104132,0,0
1064,2025-11-17,104133,0,0
1065,2025-11-17,104134,0,0
1066,2025-11-17,104574,0,0
1067,2025-11-17,300640,0,0
1068,2025-11-17,300641,0,23
1069,2025-11-17,300646,0,0
1070,2025-11-17,300647,0,0
1071,2025-11-17,300648,0,0
1072,2025-11-17,300722,0,36
1073,2025-11-17,300834,0,0
1074,2025-11-17,301303,0,0
1075,2025-11-17,301304,0,0
1076,2025-11-17,301309,0,0
1077,2025-11-17,301310,0,0
1078,2025-11-17,301797,0,0
1079,2025-11-17,301798,0,0
1080,2025-11-17,301816,0,0
1081,2025-11-17,400398,0,0
1082,2025-11-17,400399,0,0
1083,2025-11-17,400401,0,0
1084,2025-11-17,400478,0,0
1085,2025-11-17,400927,0,0
1086,2025-11-17,400929,0,0
1087,2025-11-17,400935,0,0
1088,2025-11-17,400939,0,0
1089,2025-11-17,400950,0,0
1090,2025-11-17,400951,0,0
1091,2025-11-17,400953,0,0
1092,2025-11-17,401583,0,0
1093,2025-11-17,401763,0,0
1094,2025-11-17,401795,0,20
1095,2025-11-17,401832,0,0
1096,2025-11-17,401883,0,0
1097,2025-11-17,402048,0,0
1098,2025-11-18,101316,0,0
1099,2025-11-18,101318,0,0
1100,2025-11-18,101324,0,0
1101,2025-11-18,101352,0,0
1102,2025-11-18,101353,0,0
1103,2025-11-18,101354,0,0
1104,2025-11-18,101357,0,0
1105,2025-11-18,102003,0,0
1106,2025-11-18,102039,0,0
1107,2025-11-18,102068,0,0
1108,2025-11-18,102353,70,0
1109,2025-11-18,102365,0,0
1110,2025-11-18,102376,0,0
1111,2025-11-18,102708,0,0
1112,2025-11-18,102875,0,0
1113,2025-11-18,102877,0,0
1114,2025-11-18,104046,0,0
1115,2025-11-18,104051,0,74
1116,2025-11-18,104082,0,0
1117,2025-11-18,104083,0,0
1118,2025-11-18,104089,0,0
1119,2025-11-18,104097,0,0
1120,2025-11-18,104098,0,0
1121,2025-11-18,104110,0,0
1122,2025-11-18,104114,0,0
1123,2025-11-18,104115,0,0
1124,2025-11-18,104132,0,0
1125,2025-11-18,104133,0,0
1126,2025-11-18,104134,0,0
1127,2025-11-18,104574,0,0
1128,2025-11-18,300640,0,0
1129,2025-11-18,300641,0,23
1130,2025-11-18,300646,0,0
1131,2025-11-18,300647,0,0
1132,2025-11-18,300648,0,0
1133,2025-11-18,300722,0,36
1134,2025-11-18,300834,0,0
1135,2025-11-18,301303,0,0
1136,2025-11-18,301304,0,0
1137,2025-11-18,301309,0,0
1138,2025-11-18,301310,0,0
1139,2025-11-18,301797,0,0
1140,2025-11-18,301798,0,0
1141,2025-11-18,301816,0,0
1142,2025-11-18,400398,0,0
1143,2025-11-18,400399,0,0
1144,2025-11-18,400401,0,0
1145,2025-11-18,400478,0,0
1146,2025-11-18,400927,0,0
1147,2025-11-18,400929,0,0
1148,2025-11-18,400935,0,0
1149,2025-11-18,400939,0,0
1150,2025-11-18,400950,0,0
1151,2025-11-18,400951,0,0
1152,2025-11-18,400953,0,0
1153,2025-11-18,401583,0,0
1154,2025-11-18,401763,0,0
1155,2025-11-18,401795,20,0
1156,2025-11-18,401832,0,0
1157,2025-11-18,401883,0,0
1158,2025-11-18,402048,0,0
1159,2025-11-19,101316,0,0
1160,2025-11-19,101318,0,0
1161,2025-11-19,101324,0,0
1162,2025-11-19,101352,0,0
1163,2025-11-19,101353,0,0
1164,2025-11-19,101354,0,0
1165,2025-11-19,101357,0,0
1166,2025-11-19,102003,0,0
1167,2025-11-19,102039,0,0
1168,2025-11-19,102068,0,0
1169,2025-11-19,102353,0,0
1170,2025-11-19,102365,0,0
1171,2025-11-19,102376,0,0
1172,2025-11-19,102708,0,0
1173,2025-11-19,102875,0,0
1174,2025-11-19,102877,0,0
1175,2025-11-19,104046,0,0
1176,2025-11-19,104051,0,74
1177,2025-11-19,104082,0,0
1178,2025-11-19,104083,0,0
1179,2025-11-19,104089,0,0
1180,2025-11-19,104097,0,0
1181,2025-11-19,104098,0,0
1182,2025-11-19,104110,0,0
1183,2025-11-19,104114,0,0
1184,2025-11-19,104115,0,0
1185,2025-11-19,104132,0,0
1186,2025-11-19,104133,0,0
1187,2025-11-19,104134,0,0
1188,2025-11-19,104574,0,0
1189,2025-11-19,300640,0,0
1190,2025-11-19,300641,0,23
1191,2025-11-19,300646,0,0
1192,2025-11-19,300647,0,0
1193,2025-11-19,300648,0,0
1194,2025-11-19,300722,0,36
1195,2025-11-19,300834,0,0
1196,2025-11-19,301303,0,0
1197,2025-11-19,301304,0,0
1198,2025-11-19,301309,0,0
1199,2025-11-19,301310,0,0
1200,2025-11-19,301797,0,0
1201,2025-11-19,301798,0,0
1202,2025-11-19,301816,0,0
1203,2025-11-19,400398,0,0
1204,2025-11-19,400399,0,0
1205,2025-11-19,400401,0,0
1206,2025-11-19,400478,0,0
1207,2025-11-19,400927,0,0
1208,2025-11-19,400929,0,0
1209,2025-11-19,400935,0,0
1210,2025-11-19,400939,0,0
1211,2025-11-19,400950,0,0
1212,2025-11-19,400951,0,0
1213,2025-11-19,400953,0,0
1214,2025-11-19,401583,0,0
1215,2025-11-19,401763,0,0
1216,2025-11-19,401795,0,0
1217,2025-11-19,401832,0,0
1218,2025-11-19,401883,0,0
1219,2025-11-19,402048,0,0
1220,2025-11-20,101316,0,0
1221,2025-11-20,101318,0,0
1222,2025-11-20,101324,0,0
1223,2025-11-20,101352,0,0
1224,2025-11-20,101353,0,0
1225,2025-11-20,101354,0,0
1226,2025-11-20,101357,0,0
1227,2025-11-20,102003,0,0
1228,2025-11-20,102039,0,0
1229,2025-11-20,102068,0,0
1230,2025-11-20,102353,0,0
1231,2025-11-20,102365,0,0
1232,2025-11-20,102376,0,0
1233,2025-11-20,102708,0,0
1234,2025-11-20,102875,0,0
1235,2025-11-20,102877,0,0
1236,2025-11-20,104046,0,0
1237,2025-11-20,104051,0,74
1238,2025-11-20,104082,0,0
1239,2025-11-20,104083,0,0
1240,2025-11-20,104089,0,0
1241,2025-11-20,104097,0,0
1242,2025-11-20,104098,0,0
1243,2025-11-20,104110,0,0
1244,2025-11-20,104114,0,0
1245,2025-11-20,104115,0,0
1246,2025-11-20,104132,0,0
1247,2025-11-20,104133,0,0
1248,2025-11-20,104134,0,0
1249,2025-11-20,104574,0,0
1250,2025-11-20,300640,0,0
1251,2025-11-20,300641,0,23
1252,2025-11-20,300646,0,0
1253,2025-11-20,300647,0,0
1254,2025-11-20,300648,0,0
1255,2025-11-20,300722,0,36
1256,2025-11-20,300834,0,0
1257,2025-11-20,301303,0,0
1258,2025-11-20,301304,0,0
1259,2025-11-20,301309,0,0
1260,2025-11-20,301310,0,0
1261,2025-11-20,301797,0,0
1262,2025-11-20,301798,0,0
1263,2025-11-20,301816,0,0
1264,2025-11-20,400398,0,0
1265,2025-11-20,400399,0,0
1266,2025-11-20,400401,0,0
1267,2025-11-20,400478,0,0
1268,2025-11-20,400927,0,0
1269,2025-11-20,400929,0,0
1270,2025-11-20,400935,0,0
1271,2025-11-20,400939,0,0
1272,2025-11-20,400950,0,0
1273,2025-11-20,400951,0,0
1274,2025-11-20,400953,0,0
1275,2025-11-20,401583,0,0
1276,2025-11-20,401763,0,0
1277,2025-11-20,401795,0,0
1278,2025-11-20,401832,0,0
1279,2025-11-20,401883,0,0
1280,2025-11-20,402048,0,0
1281,2025-11-21,101316,0,0
1282,2025-11-21,101318,0,0
1283,2025-11-21,101324,0,0
1284,2025-11-21,101352,0,0
1285,2025-11-21,101353,0,0
1286,2025-11-21,101354,0,0
1287,2025-11-21,101357,0,0
1288,2025-11-21,102003,0,0
1289,2025-11-21,102039,0,0
1290,2025-11-21,102068,0,0
1291,2025-11-21,102353,0,0
1292,2025-11-21,102365,0,0
1293,2025-11-21,102376,0,0
1294,2025-11-21,102708,0,0
1295,2025-11-21,102875,0,0
1296,2025-11-21,102877,0,0
1297,2025-11-21,104046,0,0
1298,2025-11-21,104051,0,74
1299,2025-11-21,104082,0,0
1300,2025-11-21,104083,0,0
1301,2025-11-21,104089,0,0
1302,2025-11-21,104097,0,0
1303,2025-11-21,104098,0,0
1304,2025-11-21,104110,0,0
1305,2025-11-21,104114,0,0
1306,2025-11-21,104115,0,0
1307,2025-11-21,104132,0,0
1308,2025-11-21,104133,0,0
1309,2025-11-21,104134,0,0
1310,2025-11-21,104574,0,0
1311,2025-11-21,300640,0,0
1312,2025-11-21,300641,23,0
1313,2025-11-21,300646,0,0
1314,2025-11-21,300647,0,0
1315,2025-11-21,300648,0,0
1316,2025-11-21,300722,0,36
1317,2025-11-21,300834,0,0
1318,2025-11-21,301303,0,0
1319,2025-11-21,301304,0,0
1320,2025-11-21,301309,0,0
1321,2025-11-21,301310,0,0
1322,2025-11-21,301797,0,0
1323,2025-11-21,301798,0,0
1324,2025-11-21,301816,0,0
1325,2025-11-21,400398,0,0
1326,2025-11-21,400399,0,0
1327,2025-11-21,400401,0,0
1328,2025-11-21,400478,0,0
1329,2025-11-21,400927,0,0
1330,2025-11-21,400929,0,0
1331,2025-11-21,400935,0,0
1332,2025-11-21,400939,0,0
1333,2025-11-21,400950,0,0
1334,2025-11-21,400951,0,0
1335,2025-11-21,400953,0,0
1336,2025-11-21,401583,0,0
1337,2025-11-21,401763,0,0
1338,2025-11-21,401795,0,0
1339,2025-11-21,401832,0,0
1340,2025-11-21,401883,0,0
1341,2025-11-21,402048,0,0
1342,2025-11-22,101316,0,0
1343,2025-11-22,101318,0,0
1344,2025-11-22,101324,0,0
1345,2025-11-22,101352,0,0
1346,2025-11-22,101353,0,0
1347,2025-11-22,101354,0,0
1348,2025-11-22,101357,0,0
1349,2025-11-22,102003,0,0
1350,2025-11-22,102039,0,0
1351,2025-11-22,102068,0,0
1352,2025-11-22,102353,0,0
1353,2025-11-22,102365,0,0
1354,2025-11-22,102376,0,0
1355,2025-11-22,102708,0,0
1356,2025-11-22,102875,0,0
1357,2025-11-22,102877,0,0
1358,2025-11-22,104046,0,0
1359,2025-11-22,104051,0,74
1360,2025-11-22,104082,0,0
1361,2025-11-22,104083,0,0
1362,2025-11-22,104089,0,0
1363,2025-11-22,104097,0,0
1364,2025-11-22,104098,0,0
1365,2025-11-22,104110,0,0
1366,2025-11-22,104114,0,0
1367,2025-11-22,104115,0,0
1368,2025-11-22,104132,0,0
1369,2025-11-22,104133,0,0
1370,2025-11-22,104134,0,0
1371,2025-11-22,104574,0,0
1372,2025-11-22,300640,0,0
1373,2025-11-22,300641,0,0
1374,2025-11-22,300646,0,0
1375,2025-11-22,300647,0,0
1376,2025-11-22,300648,0,0
1377,2025-11-22,300722,0,36
1378,2025-11-22,300834,0,0
1379,2025-11-22,301303,0,0
1380,2025-11-22,301304,0,0
1381,2025-11-22,301309,0,0
1382,2025-11-22,301310,0,0
1383,2025-11-22,301797,0,0
1384,2025-11-22,301798,0,0
1385,2025-11-22,301816,0,0
1386,2025-11-22,400398,0,0
1387,2025-11-22,400399,0,0
1388,2025-11-22,400401,0,0
1389,2025-11-22,400478,0,0
1390,2025-11-22,400927,0,0
1391,2025-11-22,400929,0,0
1392,2025-11-22,400935,0,0
1393,2025-11-22,400939,0,0
1394,2025-11-22,400950,0,0
1395,2025-11-22,400951,0,0
1396,2025-11-22,400953,0,0
1397,2025-11-22,401583,0,0
1398,2025-11-22,401763,0,0
1399,2025-11-22,401795,0,0
1400,2025-11-22,401832,0,0
1401,2025-11-22,401883,0,0
1402,2025-11-22,402048,0,0
1403,2025-11-23,101316,0,0
1404,2025-11-23,101318,0,0
1405,2025-11-23,101324,0,0
1406,2025-11-23,101352,0,0
1407,2025-11-23,101353,0,0
1408,2025-11-23,101354,0,0
1409,2025-11-23,101357,0,0
1410,2025-11-23,102003,0,0
1411,2025-11-23,102039,0,0
1412,2025-11-23,102068,0,0
1413,2025-11-23,102353,0,0
1414,2025-11-23,102365,0,0
1415,2025-11-23,102376,0,0
1416,2025-11-23,102708,0,0
1417,2025-11-23,102875,0,0
1418,2025-11-23,102877,0,0
1419,2025-11-23,104046,0,0
1420,2025-11-23,104051,0,74
1421,2025-11-23,104082,0,0
1422,2025-11-23,104083,0,0
1423,2025-11-23,104089,0,0
1424,2025-11-23,104097,0,0
1425,2025-11-23,104098,0,0
1426,2025-11-23,104110,0,0
1427,2025-11-23,104114,0,0
1428,2025-11-23,104115,0,0
1429,2025-11-23,104132,0,0
1430,2025-11-23,104133,0,0
1431,2025-11-23,104134,0,0
1432,2025-11-23,104574,0,0
1433,2025-11-23,300640,0,0
1434,2025-11-23,300641,0,0
1435,2025-11-23,300646,0,0
1436,2025-11-23,300647,0,0
1437,2025-11-23,300648,0,0
1438,2025-11-23,300722,0,36
1439,2025-11-23,300834,0,0
1440,2025-11-23,301303,0,0
1441,2025-11-23,301304,0,0
1442,2025-11-23,301309,0,0
1443,2025-11-23,301310,0,0
1444,2025-11-23,301797,0,0
1445,2025-11-23,301798,0,0
1446,2025-11-23,301816,0,0
1447,2025-11-23,400398,0,0
1448,2025-11-23,400399,0,0
1449,2025-11-23,400401,0,0
1450,2025-11-23,400478,0,0
1451,2025-11-23,400927,0,0
1452,2025-11-23,400929,0,0
1453,2025-11-23,400935,0,0
1454,2025-11-23,400939,0,0
1455,2025-11-23,400950,0,0
1456,2025-11-23,400951,0,0
1457,2025-11-23,400953,0,0
1458,2025-11-23,401583,0,0
1459,2025-11-23,401763,0,0
1460,2025-11-23,401795,0,0
1461,2025-11-23,401832,0,0
1462,2025-11-23,401883,0,0
1463,2025-11-23,402048,0,0
1464,2025-11-24,101316,0,0
1465,2025-11-24,101318,0,0
1466,2025-11-24,101324,0,0
1467,2025-11-24,101352,0,0
1468,2025-11-24,101353,0,0
1469,2025-11-24,101354,0,0
1470,2025-11-24,101357,0,0
1471,2025-11-24,102003,0,0
1472,2025-11-24,102039,0,0
1473,2025-11-24,102068,0,0
1474,2025-11-24,102353,0,0
1475,2025-11-24,102365,0,0
1476,2025-11-24,102376,0,0
1477,2025-11-24,102708,0,0
1478,2025-11-24,102875,0,0
1479,2025-11-24,102877,0,0
1480,2025-11-24,104046,0,0
1481,2025-11-24,104051,0,74
1482,2025-11-24,104082,0,0
1483,2025-11-24,104083,0,0
1484,2025-11-24,104089,0,0
1485,2025-11-24,104097,0,0
1486,2025-11-24,104098,0,0
1487,2025-11-24,104110,0,0
1488,2025-11-24,104114,0,0
1489,2025-11-24,104115,0,0
1490,2025-11-24,104132,0,0
1491,2025-11-24,104133,0,0
1492,2025-11-24,104134,0,0
1493,2025-11-24,104574,0,0
1494,2025-11-24,300640,0,0
1495,2025-11-24,300641,0,0
1496,2025-11-24,300646,0,0
1497,2025-11-24,300647,0,0
1498,2025-11-24,300648,0,0
1499,2025-11-24,300722,0,36
1500,2025-11-24,300834,0,0
1501,2025-11-24,301303,0,0
1502,2025-11-24,301304,0,0
1503,2025-11-24,301309,0,0
1504,2025-11-24,301310,0,0
1505,2025-11-24,301797,0,0
1506,2025-11-24,301798,0,0
1507,2025-11-24,301816,0,0
1508,2025-11-24,400398,0,0
1509,2025-11-24,400399,0,0
1510,2025-11-24,400401,0,0
1511,2025-11-24,400478,0,0
1512,2025-11-24,400927,0,0
1513,2025-11-24,400929,0,0
1514,2025-11-24,400935,0,0
1515,2025-11-24,400939,0,0
1516,2025-11-24,400950,0,0
1517,2025-11-24,400951,0,0
1518,2025-11-24,400953,0,0
1519,2025-11-24,401583,0,0
1520,2025-11-24,401763,0,0
1521,2025-11-24,401795,0,0
1522,2025-11-24,401832,0,0
1523,2025-11-24,401883,0,0
1524,2025-11-24,402048,0,0
1525,2025-11-25,101316,0,0
1526,2025-11-25,101318,0,0
1527,2025-11-25,101324,0,0
1528,2025-11-25,101352,0,0
1529,2025-11-25,101353,0,0
1530,2025-11-25,101354,0,0
1531,2025-11-25,101357,0,0
1532,2025-11-25,102003,0,0
1533,2025-11-25,102039,0,0
1534,2025-11-25,102068,0,0
1535,2025-11-25,102353,0,0
1536,2025-11-25,102365,0,0
1537,2025-11-25,102376,0,0
1538,2025-11-25,102708,0,0
1539,2025-11-25,102875,0,0
1540,2025-11-25,102877,0,0
1541,2025-11-25,104046,0,0
1542,2025-11-25,104051,0,74
1543,2025-11-25,104082,0,0
1544,2025-11-25,104083,0,0
1545,2025-11-25,104089,0,0
1546,2025-11-25,104097,0,0
1547,2025-11-25,104098,0,0
1548,2025-11-25,104110,0,0
1549,2025-11-25,104114,0,0
1550,2025-11-25,104115,0,0
1551,2025-11-25,104132,0,0
1552,2025-11-25,104133,0,0
1553,2025-11-25,104134,0,0
1554,2025-11-25,104574,0,0
1555,2025-11-25,300640,0,0
1556,2025-11-25,300641,0,0
1557,2025-11-25,300646,0,0
1558,2025-11-25,300647,0,0
1559,2025-11-25,300648,0,0
1560,2025-11-25,300722,0,36
1561,2025-11-25,300834,0,0
1562,2025-11-25,301303,0,0
1563,2025-11-25,301304,0,0
1564,2025-11-25,301309,0,0
1565,2025-11-25,301310,0,0
1566,2025-11-25,301797,0,0
1567,2025-11-25,301798,0,0
1568,2025-11-25,301816,0,0
1569,2025-11-25,400398,0,0
1570,2025-11-25,400399,0,0
1571,2025-11-25,400401,0,0
1572,2025-11-25,400478,0,0
1573,2025-11-25,400927,0,0
1574,2025-11-25,400929,0,0
1575,2025-11-25,400935,0,0
1576,2025-11-25,400939,0,0
1577,2025-11-25,400950,0,0
1578,2025-11-25,400951,0,0
1579,2025-11-25,400953,0,0
1580,2025-11-25,401583,0,0
1581,2025-11-25,401763,0,0
1582,2025-11-25,401795,0,0
1583,2025-11-25,401832,0,468
1584,2025-11-25,401883,0,0
1585,2025-11-25,402048,0,0
1586,2025-11-26,101316,0,0
1587,2025-11-26,101318,0,0
1588,2025-11-26,101324,0,0
1589,2025-11-26,101352,0,0
1590,2025-11-26,101353,0,0
1591,2025-11-26,101354,0,24
1592,2025-11-26,101357,0,0
1593,2025-11-26,102003,0,0
1594,2025-11-26,102039,0,0
1595,2025-11-26,102068,0,0
1596,2025-11-26,102353,0,0
1597,2025-11-26,102365,0,0
1598,2025-11-26,102376,0,0
1599,2025-11-26,102708,0,0
1600,2025-11-26,102875,0,0
1601,2025-11-26,102877,0,0
1602,2025-11-26,104046,0,0
1603,2025-11-26,104051,0,74
1604,2025-11-26,104082,0,0
1605,2025-11-26,104083,0,0
1606,2025-11-26,104089,0,0
1607,2025-11-26,104097,0,0
1608,2025-11-26,104098,0,0
1609,2025-11-26,104110,0,0
1610,2025-11-26,104114,0,0
1611,2025-11-26,104115,0,0
1612,2025-11-26,104132,0,0
1613,2025-11-26,104133,0,0
1614,2025-11-26,104134,0,0
1615,2025-11-26,104574,0,0
1616,2025-11-26,300640,0,0
1617,2025-11-26,300641,0,0
1618,2025-11-26,300646,0,0
1619,2025-11-26,300647,0,21
1620,2025-11-26,300648,0,0
1621,2025-11-26,300722,0,36
1622,2025-11-26,300834,0,0
1623,2025-11-26,301303,0,0
1624,2025-11-26,301304,0,28
1625,2025-11-26,301309,0,0
1626,2025-11-26,301310,0,0
1627,2025-11-26,301797,0,0
1628,2025-11-26,301798,0,0
1629,2025-11-26,301816,0,0
1630,2025-11-26,400398,0,0
1631,2025-11-26,400399,0,0
1632,2025-11-26,400401,0,0
1633,2025-11-26,400478,0,0
1634,2025-11-26,400927,0,0
1635,2025-11-26,400929,0,0
1636,2025-11-26,400935,0,0
1637,2025-11-26,400939,0,0
1638,2025-11-26,400950,0,0
1639,2025-11-26,400951,0,15
1640,2025-11-26,400953,0,0
1641,2025-11-26,401583,0,0
1642,2025-11-26,401763,0,0
1643,2025-11-26,401795,0,0
1644,2025-11-26,401832,0,468
1645,2025-11-26,401883,0,0
1646,2025-11-26,402048,0,0
1647,2025-11-27,101316,0,0
1648,2025-11-27,101318,0,0
1649,2025-11-27,101324,0,0
1650,2025-11-27,101352,0,0
1651,2025-11-27,101353,0,0
1652,2025-11-27,101354,24,0
1653,2025-11-27,101357,0,0
1654,2025-11-27,102003,0,0
1655,2025-11-27,102039,0,0
1656,2025-11-27,102068,0,0
1657,2025-11-27,102353,0,0
1658,2025-11-27,102365,0,0
1659,2025-11-27,102376,0,0
1660,2025-11-27,102708,0,0
1661,2025-11-27,102875,0,0
1662,2025-11-27,102877,0,0
1663,2025-11-27,104046,0,0
1664,2025-11-27,104051,0,74
1665,2025-11-27,104082,0,0
1666,2025-11-27,104083,0,0
1667,2025-11-27,104089,0,0
1668,2025-11-27,104097,0,0
1669,2025-11-27,104098,0,0
1670,2025-11-27,104110,0,0
1671,2025-11-27,104114,0,0
1672,2025-11-27,104115,0,0
1673,2025-11-27,104132,0,0
1674,2025-11-27,104133,0,0
1675,2025-11-27,104134,0,0
1676,2025-11-27,104574,0,0
1677,2025-11-27,300640,0,0
1678,2025-11-27,300641,0,0
1679,2025-11-27,300646,0,0
1680,2025-11-27,300647,21,0
1681,2025-11-27,300648,0,0
1682,2025-11-27,300722,0,36
1683,2025-11-27,300834,0,0
1684,2025-11-27,301303,0,0
1685,2025-11-27,301304,28,0
1686,2025-11-27,301309,0,0
1687,2025-11-27,301310,0,0
1688,2025-11-27,301797,0,0
1689,2025-11-27,301798,0,0
1690,2025-11-27,301816,0,0
1691,2025-11-27,400398,0,0
1692,2025-11-27,400399,0,0
1693,2025-11-27,400401,0,0
1694,2025-11-27,400478,0,0
1695,2025-11-27,400927,0,0
1696,2025-11-27,400929,0,0
1697,2025-11-27,400935,0,0
1698,2025-11-27,400939,0,0
1699,2025-11-27,400950,0,0
1700,2025-11-27,400951,15,0
1701,2025-11-27,400953,0,0
1702,2025-11-27,401583,0,0
1703,2025-11-27,401763,0,0
1704,2025-11-27,401795,0,0
1705,2025-11-27,401832,0,468
1706,2025-11-27,401883,0,0
1707,2025-11-27,402048,0,0
1708,2025-11-28,101316,0,0
1709,2025-11-28,101318,0,0
1710,2025-11-28,101324,0,0
1711,2025-11-28,101352,0,0
1712,2025-11-28,101353,0,0
1713,2025-11-28,101354,0,0
1714,2025-11-28,101357,0,0
1715,2025-11-28,102003,0,0
1716,2025-11-28,102039,0,0
1717,2025-11-28,102068,0,0
1718,2025-11-28,102353,0,0
1719,2025-11-28,102365,0,0
1720,2025-11-28,102376,0,0
1721,2025-11-28,102708,0,0
1722,2025-11-28,102875,0,0
1723,2025-11-28,102877,0,0
1724,2025-11-28,104046,0,0
1725,2025-11-28,104051,0,74
1726,2025-11-28,104082,0,0
1727,2025-11-28,104083,0,0
1728,2025-11-28,104089,0,0
1729,2025-11-28,104097,0,0
1730,2025-11-28,104098,0,0
1731,2025-11-28,104110,0,0
1732,2025-11-28,104114,0,0
1733,2025-11-28,104115,0,0
1734,2025-11-28,104132,0,0
1735,2025-11-28,104133,0,0
1736,2025-11-28,104134,0,0
1737,2025-11-28,104574,0,0
1738,2025-11-28,300640,0,0
1739,2025-11-28,300641,0,0
1740,2025-11-28,300646,0,0
1741,2025-11-28,300647,0,0
1742,2025-11-28,300648,0,0
1743,2025-11-28,300722,0,36
1744,2025-11-28,300834,0,0
1745,2025-11-28,301303,0,0
1746,2025-11-28,301304,0,0
1747,2025-11-28,301309,0,0
1748,2025-11-28,301310,0,0
1749,2025-11-28,301797,0,0
1750,2025-11-28,301798,0,0
1751,2025-11-28,301816,0,0
1752,2025-11-28,400398,0,0
1753,2025-11-28,400399,0,0
1754,2025-11-28,400401,0,0
1755,2025-11-28,400478,0,0
1756,2025-11-28,400927,0,0
1757,2025-11-28,400929,0,0
1758,2025-11-28,400935,0,0
1759,2025-11-28,400939,0,0
1760,2025-11-28,400950,0,0
1761,2025-11-28,400951,0,0
1762,2025-11-28,400953,0,0
1763,2025-11-28,401583,0,0
1764,2025-11-28,401763,0,0
1765,2025-11-28,401795,0,0
1766,2025-11-28,401832,468,0
1767,2025-11-28,401883,0,0
1768,2025-11-28,402048,0,0
1769,2025-11-29,101316,0,0
1770,2025-11-29,101318,0,0
1771,2025-11-29,101324,0,0
1772,2025-11-29,101352,0,0
1773,2025-11-29,101353,0,0
1774,2025-11-29,101354,0,0
1775,2025-11-29,101357,0,0
1776,2025-11-29,102003,0,0
1777,2025-11-29,102039,0,0
1778,2025-11-29,102068,0,0
1779,2025-11-29,102353,0,0
1780,2025-11-29,102365,0,0
1781,2025-11-29,102376,0,0
1782,2025-11-29,102708,0,0
1783,2025-11-29,102875,0,0
1784,2025-11-29,102877,0,0
1785,2025-11-29,104046,0,0
1786,2025-11-29,104051,0,74
1787,2025-11-29,104082,0,0
1788,2025-11-29,104083,0,0
1789,2025-11-29,104089,0,0
1790,2025-11-29,104097,0,0
1791,2025-11-29,104098,0,0
1792,2025-11-29,104110,0,0
1793,2025-11-29,104114,0,0
1794,2025-11-29,104115,0,0
1795,2025-11-29,104132,0,0
1796,2025-11-29,104133,0,0
1797,2025-11-29,104134,0,0
1798,2025-11-29,104574,0,0
1799,2025-11-29,300640,0,0
1800,2025-11-29,300641,0,0
1801,2025-11-29,300646,0,0
1802,2025-11-29,300647,0,0
1803,2025-11-29,300648,0,0
1804,2025-11-29,300722,0,36
1805,2025-11-29,300834,0,0
1806,2025-11-29,301303,0,0
1807,2025-11-29,301304,0,0
1808,2025-11-29,301309,0,0
1809,2025-11-29,301310,0,0
1810,2025-11-29,301797,0,0
1811,2025-11-29,301798,0,0
1812,2025-11-29,301816,0,0
1813,2025-11-29,400398,0,0
1814,2025-11-29,400399,0,0
1815,2025-11-29,400401,0,0
1816,2025-11-29,400478,0,0
1817,2025-11-29,400927,0,0
1818,2025-11-29,400929,0,0
1819,2025-11-29,400935,0,0
1820,2025-11-29,400939,0,0
1821,2025-11-29,400950,0,0
1822,2025-11-29,400951,0,0
1823,2025-11-29,400953,0,0
1824,2025-11-29,401583,0,0
1825,2025-11-29,401763,0,0
1826,2025-11-29,401795,0,0
1827,2025-11-29,401832,0,0
1828,2025-11-29,401883,0,0
1829,2025-11-29,402048,0,0
1830,2025-11-30,101316,0,0
1831,2025-11-30,101318,0,0
1832,2025-11-30,101324,0,0
1833,2025-11-30,101352,0,0
1834,2025-11-30,101353,0,0
1835,2025-11-30,101354,0,0
1836,2025-11-30,101357,0,0
1837,2025-11-30,102003,0,0
1838,2025-11-30,102039,0,0
1839,2025-11-30,102068,0,0
1840,2025-11-30,102353,0,0
1841,2025-11-30,102365,0,52
1842,2025-11-30,102376,0,0
1843,2025-11-30,102708,0,0
1844,2025-11-30,102875,0,0
1845,2025-11-30,102877,0,0
1846,2025-11-30,104046,0,0
1847,2025-11-30,104051,0,74
1848,2025-11-30,104082,0,0
1849,2025-11-30,104083,0,0
1850,2025-11-30,104089,0,0
1851,2025-11-30,104097,0,0
1852,2025-11-30,104098,0,0
1853,2025-11-30,104110,0,0
1854,2025-11-30,104114,0,0
1855,2025-11-30,104115,0,0
1856,2025-11-30,104132,0,0
1857,2025-11-30,104133,0,0
1858,2025-11-30,104134,0,0
1859,2025-11-30,104574,0,0
1860,2025-11-30,300640,0,0
1861,2025-11-30,300641,0,0
1862,2025-11-30,300646,0,0
1863,2025-11-30,300647,0,0
1864,2025-11-30,300648,0,0
1865,2025-11-30,300722,0,36
1866,2025-11-30,300834,0,0
1867,2025-11-30,301303,0,0
1868,2025-11-30,301304,0,0
1869,2025-11-30,301309,0,0
1870,2025-11-30,301310,0,0
1871,2025-11-30,301797,0,0
1872,2025-11-30,301798,0,0
1873,2025-11-30,301816,0,0
1874,2025-11-30,400398,0,0
1875,2025-11-30,400399,0,0
1876,2025-11-30,400401,0,0
1877,2025-11-30,400478,0,0
1878,2025-11-30,400927,0,0
1879,2025-11-30,400929,0,0
1880,2025-11-30,400935,0,0
1881,2025-11-30,400939,0,0
1882,2025-11-30,400950,0,0
1883,2025-11-30,400951,0,0
1884,2025-11-30,400953,0,0
1885,2025-11-30,401583,0,0
1886,2025-11-30,401763,0,0
1887,2025-11-30,401795,0,0
1888,2025-11-30,401832,0,0
1889,2025-11-30,401883,0,0
1890,2025-11-30,402048,0,0
1891,2025-12-01,101316,0,0
1892,2025-12-01,101318,0,0
1893,2025-12-01,101324,0,0
1894,2025-12-01,101352,0,0
1895,2025-12-01,101353,0,0
1896,2025-12-01,101354,0,0
1897,2025-12-01,101357,0,0
1898,2025-12-01,102003,0,0
1899,2025-12-01,102039,0,0
1900,2025-12-01,102068,0,0
1901,2025-12-01,102353,0,0
1902,2025-12-01,102365,0,52
1903,2025-12-01,102376,0,0
1904,2025-12-01,102708,0,0
1905,2025-12-01,102875,0,0
1906,2025-12-01,102877,0,0
1907,2025-12-01,104046,0,0
1908,2025-12-01,104051,0,74
1909,2025-12-01,104082,0,0
1910,2025-12-01,104083,0,0
1911,2025-12-01,104089,0,0
1912,2025-12-01,104097,0,0
1913,2025-12-01,104098,0,0
1914,2025-12-01,104110,0,0
1915,2025-12-01,104114,0,0
1916,2025-12-01,104115,0,0
1917,2025-12-01,104132,0,0
1918,2025-12-01,104133,0,0
1919,2025-12-01,104134,0,0
1920,2025-12-01,104574,0,0
1921,2025-12-01,300640,0,0
1922,2025-12-01,300641,0,0
1923,2025-12-01,300646,0,0
1924,2025-12-01,300647,0,0
1925,2025-12-01,300648,0,0
1926,2025-12-01,300722,0,36
1927,2025-12-01,300834,0,0
1928,2025-12-01,301303,0,0
1929,2025-12-01,301304,0,0
1930,2025-12-01,301309,0,0
1931,2025-12-01,301310,0,0
1932,2025-12-01,301797,0,0
1933,2025-12-01,301798,0,0
1934,2025-12-01,301816,0,0
1935,2025-12-01,400398,0,0
1936,2025-12-01,400399,0,0
1937,2025-12-01,400401,0,0
1938,2025-12-01,400478,0,0
1939,2025-12-01,400927,0,0
1940,2025-12-01,400929,0,0
1941,2025-12-01,400935,0,0
1942,2025-12-01,400939,0,0
1943,2025-12-01,400950,0,0
1944,2025-12-01,400951,0,0
1945,2025-12-01,400953,0,0
1946,2025-12-01,401583,0,0
1947,2025-12-01,401763,0,0
1948,2025-12-01,401795,0,0
1949,2025-12-01,401832,0,0
1950,2025-12-01,401883,0,0
1951,2025-12-01,402048,0,0
1952,2025-12-02,101316,0,0
1953,2025-12-02,101318,0,0
1954,2025-12-02,101324,0,0
1955,2025-12-02,101352,0,0
1956,2025-12-02,101353,0,0
1957,2025-12-02,101354,0,0
1958,2025-12-02,101357,0,0
1959,2025-12-02,102003,0,0
1960,2025-12-02,102039,0,0
1961,2025-12-02,102068,0,0
1962,2025-12-02,102353,0,0
1963,2025-12-02,102365,0,52
1964,2025-12-02,102376,0,0
1965,2025-12-02,102708,0,0
1966,2025-12-02,102875,0,0
1967,2025-12-02,102877,0,0
1968,2025-12-02,104046,0,0
1969,2025-12-02,104051,0,74
1970,2025-12-02,104082,0,0
1971,2025-12-02,104083,0,0
1972,2025-12-02,104089,0,0
1973,2025-12-02,104097,0,0
1974,2025-12-02,104098,0,0
1975,2025-12-02,104110,0,0
1976,2025-12-02,104114,0,0
1977,2025-12-02,104115,0,0
1978,2025-12-02,104132,0,0
1979,2025-12-02,104133,0,0
1980,2025-12-02,104134,0,0
1981,2025-12-02,104574,0,0
1982,2025-12-02,300640,0,0
1983,2025-12-02,300641,0,0
1984,2025-12-02,300646,0,0
1985,2025-12-02,300647,0,0
1986,2025-12-02,300648,0,0
1987,2025-12-02,300722,0,36
1988,2025-12-02,300834,0,0
1989,2025-12-02,301303,0,0
1990,2025-12-02,301304,0,0
1991,2025-12-02,301309,0,0
1992,2025-12-02,301310,0,0
1993,2025-12-02,301797,0,0
1994,2025-12-02,301798,0,0
1995,2025-12-02,301816,0,0
1996,2025-12-02,400398,0,0
1997,2025-12-02,400399,0,0
1998,2025-12-02,400401,0,0
1999,2025-12-02,400478,0,0
2000,2025-12-02,400927,0,0
2001,2025-12-02,400929,0,0
2002,2025-12-02,400935,0,0
2003,2025-12-02,400939,0,0
2004,2025-12-02,400950,0,0
2005,2025-12-02,400951,0,0
2006,2025-12-02,400953,0,0
2007,2025-12-02,401583,0,0
2008,2025-12-02,401763,0,0
2009,2025-12-02,401795,0,0
2010,2025-12-02,401832,0,0
2011,2025-12-02,401883,0,0
2012,2025-12-02,402048,0,0
2013,2025-12-03,101316,0,0
2014,2025-12-03,101318,0,0
2015,2025-12-03,101324,0,0
2016,2025-12-03,101352,0,0
2017,2025-12-03,101353,0,0
2018,2025-12-03,101354,0,0
2019,2025-12-03,101357,0,0
2020,2025-12-03,102003,0,0
2021,2025-12-03,102039,0,0
2022,2025-12-03,102068,0,0
2023,2025-12-03,102353,0,0
2024,2025-12-03,102365,52,0
2025,2025-12-03,102376,0,0
2026,2025-12-03,102708,0,0
2027,2025-12-03,102875,0,0
2028,2025-12-03,102877,0,0
2029,2025-12-03,104046,0,0
2030,2025-12-03,104051,0,74
2031,2025-12-03,104082,0,0
2032,2025-12-03,104083,0,0
2033,2025-12-03,104089,0,0
2034,2025-12-03,104097,0,0
2035,2025-12-03,104098,0,0
2036,2025-12-03,104110,0,0
2037,2025-12-03,104114,0,0
2038,2025-12-03,104115,0,0
2039,2025-12-03,104132,0,0
2040,2025-12-03,104133,0,0
2041,2025-12-03,104134,0,0
2042,2025-12-03,104574,0,0
2043,2025-12-03,300640,0,0
2044,2025-12-03,300641,0,0
2045,2025-12-03,300646,0,0
2046,2025-12-03,300647,0,0
2047,2025-12-03,300648,0,0
2048,2025-12-03,300722,0,36
2049,2025-12-03,300834,0,0
2050,2025-12-03,301303,0,0
2051,2025-12-03,301304,0,0
2052,2025-12-03,301309,0,0
2053,2025-12-03,301310,0,0
2054,2025-12-03,301797,0,0
2055,2025-12-03,301798,0,0
2056,2025-12-03,301816,0,0
2057,2025-12-03,400398,0,0
2058,2025-12-03,400399,0,0
2059,2025-12-03,400401,0,0
2060,2025-12-03,400478,0,0
2061,2025-12-03,400927,0,0
2062,2025-12-03,400929,0,0
2063,2025-12-03,400935,0,0
2064,2025-12-03,400939,0,0
2065,2025-12-03,400950,0,0
2066,2025-12-03,400951,0,0
2067,2025-12-03,400953,0,0
2068,2025-12-03,401583,0,0
2069,2025-12-03,401763,0,0
2070,2025-12-03,401795,0,0
2071,2025-12-03,401832,0,0
2072,2025-12-03,401883,0,0
2073,2025-12-03,402048,0,0
2074,2025-12-04,101316,0,0
2075,2025-12-04,101318,0,0
2076,2025-12-04,101324,0,0
2077,2025-12-04,101352,0,0
2078,2025-12-04,101353,0,0
2079,2025-12-04,101354,0,0
2080,2025-12-04,101357,0,0
2081,2025-12-04,102003,0,0
2082,2025-12-04,102039,0,0
2083,2025-12-04,102068,0,0
2084,2025-12-04,102353,0,0
2085,2025-12-04,102365,0,0
2086,2025-12-04,102376,0,0
2087,2025-12-04,102708,0,0
2088,2025-12-04,102875,0,0
2089,2025-12-04,102877,0,0
2090,2025-12-04,104046,0,0
2091,2025-12-04,104051,0,74
2092,2025-12-04,104082,0,0
2093,2025-12-04,104083,0,0
2094,2025-12-04,104089,0,0
2095,2025-12-04,104097,0,0
2096,2025-12-04,104098,0,0
2097,2025-12-04,104110,0,0
2098,2025-12-04,104114,0,0
2099,2025-12-04,104115,0,0
2100,2025-12-04,104132,0,0
2101,2025-12-04,104133,0,0
2102,2025-12-04,104134,0,0
2103,2025-12-04,104574,0,0
2104,2025-12-04,300640,0,0
2105,2025-12-04,300641,0,0
2106,2025-12-04,300646,0,0
2107,2025-12-04,300647,0,0
2108,2025-12-04,300648,0,0
2109,2025-12-04,300722,0,36
2110,2025-12-04,300834,0,0
2111,2025-12-04,301303,0,0
2112,2025-12-04,301304,0,0
2113,2025-12-04,301309,0,0
2114,2025-12-04,301310,0,0
2115,2025-12-04,301797,0,0
2116,2025-12-04,301798,0,0
2117,2025-12-04,301816,0,0
2118,2025-12-04,400398,0,0
2119,2025-12-04,400399,0,0
2120,2025-12-04,400401,0,0
2121,2025-12-04,400478,0,0
2122,2025-12-04,400927,0,0
2123,2025-12-04,400929,0,0
2124,2025-12-04,400935,0,0
2125,2025-12-04,400939,0,0
2126,2025-12-04,400950,0,0
2127,2025-12-04,400951,0,0
2128,2025-12-04,400953,0,0
2129,2025-12-04,401583,0,0
2130,2025-12-04,401763,0,0
2131,2025-12-04,401795,0,0
2132,2025-12-04,401832,0,0
2133,2025-12-04,401883,0,0
2134,2025-12-04,402048,0,0
2135,2025-12-05,101316,0,0
2136,2025-12-05,101318,0,0
2137,2025-12-05,101324,0,0
2138,2025-12-05,101352,0,0
2139,2025-12-05,101353,0,0
2140,2025-12-05,101354,0,0
2141,2025-12-05,101357,0,0
2142,2025-12-05,102003,0,0
2143,2025-12-05,102039,0,0
2144,2025-12-05,102068,0,0
2145,2025-12-05,102353,0,0
2146,2025-12-05,102365,0,0
2147,2025-12-05,102376,0,0
2148,2025-12-05,102708,0,0
2149,2025-12-05,102875,0,0
2150,2025-12-05,102877,0,0
2151,2025-12-05,104046,0,0
2152,2025-12-05,104051,0,74
2153,2025-12-05,104082,0,0
2154,2025-12-05,104083,0,0
2155,2025-12-05,104089,0,0
2156,2025-12-05,104097,0,0
2157,2025-12-05,104098,0,0
2158,2025-12-05,104110,0,0
2159,2025-12-05,104114,0,0
2160,2025-12-05,104115,0,0
2161,2025-12-05,104132,0,0
2162,2025-12-05,104133,0,0
2163,2025-12-05,104134,0,0
2164,2025-12-05,104574,0,0
2165,2025-12-05,300640,0,0
2166,2025-12-05,300641,0,0
2167,2025-12-05,300646,0,0
2168,2025-12-05,300647,0,0
2169,2025-12-05,300648,0,0
2170,2025-12-05,300722,0,36
2171,2025-12-05,300834,0,0
2172,2025-12-05,301303,0,0
2173,2025-12-05,301304,0,0
2174,2025-12-05,301309,0,0
2175,2025-12-05,301310,0,0
2176,2025-12-05,301797,0,0
2177,2025-12-05,301798,0,0
2178,2025-12-05,301816,0,0
2179,2025-12-05,400398,0,0
2180,2025-12-05,400399,0,0
2181,2025-12-05,400401,0,0
2182,2025-12-05,400478,0,0
2183,2025-12-05,400927,0,0
2184,2025-12-05,400929,0,0
2185,2025-12-05,400935,0,0
2186,2025-12-05,400939,0,0
2187,2025-12-05,400950,0,0
2188,2025-12-05,400951,0,0
2189,2025-12-05,400953,0,0
2190,2025-12-05,401583,0,0
2191,2025-12-05,401763,0,0
2192,2025-12-05,401795,0,0
2193,2025-12-05,401832,0,0
2194,2025-12-05,401883,0,0
2195,2025-12-05,402048,0,0
2196,2025-12-06,101316,0,0
2197,2025-12-06,101318,0,0
2198,2025-12-06,101324,0,0
2199,2025-12-06,101352,0,0
2200,2025-12-06,101353,0,0
2201,2025-12-06,101354,0,0
2202,2025-12-06,101357,0,0
2203,2025-12-06,102003,0,0
2204,2025-12-06,102039,0,0
2205,2025-12-06,102068,0,0
2206,2025-12-06,102353,0,0
2207,2025-12-06,102365,0,0
2208,2025-12-06,102376,0,0
2209,2025-12-06,102708,0,0
2210,2025-12-06,102875,0,0
2211,2025-12-06,102877,0,0
2212,2025-12-06,104046,0,0
2213,2025-12-06,104051,0,74
2214,2025-12-06,104082,0,0
2215,2025-12-06,104083,0,0
2216,2025-12-06,104089,0,0
2217,2025-12-06,104097,0,0
2218,2025-12-06,104098,0,0
2219,2025-12-06,104110,0,0
2220,2025-12-06,104114,0,0
2221,2025-12-06,104115,0,0
2222,2025-12-06,104132,0,0
2223,2025-12-06,104133,0,0
2224,2025-12-06,104134,0,0
2225,2025-12-06,104574,0,0
2226,2025-12-06,300640,0,0
2227,2025-12-06,300641,0,0
2228,2025-12-06,300646,0,0
2229,2025-12-06,300647,0,0
2230,2025-12-06,300648,0,0
2231,2025-12-06,300722,0,36
2232,2025-12-06,300834,0,0
2233,2025-12-06,301303,0,0
2234,2025-12-06,301304,0,0
2235,2025-12-06,301309,0,0
2236,2025-12-06,301310,0,0
2237,2025-12-06,301797,0,0
2238,2025-12-06,301798,0,0
2239,2025-12-06,301816,0,0
2240,2025-12-06,400398,0,0
2241,2025-12-06,400399,0,0
2242,2025-12-06,400401,0,0
2243,2025-12-06,400478,0,0
2244,2025-12-06,400927,0,0
2245,2025-12-06,400929,0,0
2246,2025-12-06,400935,0,0
2247,2025-12-06,400939,0,0
2248,2025-12-06,400950,0,0
2249,2025-12-06,400951,0,0
2250,2025-12-06,400953,0,0
2251,2025-12-06,401583,0,0
2252,2025-12-06,401763,0,0
2253,2025-12-06,401795,0,0
2254,2025-12-06,401832,0,0
2255,2025-12-06,401883,0,0
2256,2025-12-06,402048,0,0
2257,2025-12-07,101316,0,0
2258,2025-12-07,101318,0,0
2259,2025-12-07,101324,0,0
2260,2025-12-07,101352,0,0
2261,2025-12-07,101353,0,0
2262,2025-12-07,101354,0,0
2263,2025-12-07,101357,0,0
2264,2025-12-07,102003,0,0
2265,2025-12-07,102039,0,0
2266,2025-12-07,102068,0,0
2267,2025-12-07,102353,0,0
2268,2025-12-07,102365,0,0
2269,2025-12-07,102376,0,0
2270,2025-12-07,102708,0,0
2271,2025-12-07,102875,0,0
2272,2025-12-07,102877,0,0
2273,2025-12-07,104046,0,0
2274,2025-12-07,104051,0,74
2275,2025-12-07,104082,0,0
2276,2025-12-07,104083,0,0
2277,2025-12-07,104089,0,0
2278,2025-12-07,104097,0,0
2279,2025-12-07,104098,0,0
2280,2025-12-07,104110,0,0
2281,2025-12-07,104114,0,0
2282,2025-12-07,104115,0,0
2283,2025-12-07,104132,0,0
2284,2025-12-07,104133,0,0
2285,2025-12-07,104134,0,0
2286,2025-12-07,104574,0,0
2287,2025-12-07,300640,0,0
2288,2025-12-07,300641,0,0
2289,2025-12-07,300646,0,0
2290,2025-12-07,300647,0,0
2291,2025-12-07,300648,0,0
2292,2025-12-07,300722,0,36
2293,2025-12-07,300834,0,0
2294,2025-12-07,301303,0,0
2295,2025-12-07,301304,0,0
2296,2025-12-07,301309,0,0
2297,2025-12-07,301310,0,0
2298,2025-12-07,301797,0,0
2299,2025-12-07,301798,0,0
2300,2025-12-07,301816,0,0
2301,2025-12-07,400398,0,0
2302,2025-12-07,400399,0,0
2303,2025-12-07,400401,0,0
2304,2025-12-07,400478,0,0
2305,2025-12-07,400927,0,0
2306,2025-12-07,400929,0,0
2307,2025-12-07,400935,0,0
2308,2025-12-07,400939,0,0
2309,2025-12-07,400950,0,0
2310,2025-12-07,400951,0,0
2311,2025-12-07,400953,0,0
2312,2025-12-07,401583,0,0
2313,2025-12-07,401763,0,0
2314,2025-12-07,401795,0,0
2315,2025-12-07,401832,0,0
2316,2025-12-07,401883,0,0
2317,2025-12-07,402048,0,0
2318,2025-12-08,101316,0,0
2319,2025-12-08,101318,0,0
2320,2025-12-08,101324,0,0
2321,2025-12-08,101352,0,0
2322,2025-12-08,101353,0,0
2323,2025-12-08,101354,0,0
2324,2025-12-08,101357,0,0
2325,2025-12-08,102003,0,0
2326,2025-12-08,102039,0,0
2327,2025-12-08,102068,0,0
2328,2025-12-08,102353,0,0
2329,2025-12-08,102365,0,0
2330,2025-12-08,102376,0,0
2331,2025-12-08,102708,0,0
2332,2025-12-08,102875,0,0
2333,2025-12-08,102877,0,0
2334,2025-12-08,104046,0,0
2335,2025-12-08,104051,0,74
2336,2025-12-08,104082,0,0
2337,2025-12-08,104083,0,0
2338,2025-12-08,104089,0,0
2339,2025-12-08,104097,0,0
2340,2025-12-08,104098,0,0
2341,2025-12-08,104110,0,0
2342,2025-12-08,104114,0,0
2343,2025-12-08,104115,0,0
2344,2025-12-08,104132,0,0
2345,2025-12-08,104133,0,0
2346,2025-12-08,104134,0,0
2347,2025-12-08,104574,0,0
2348,2025-12-08,300640,0,0
2349,2025-12-08,300641,0,0
2350,2025-12-08,300646,0,0
2351,2025-12-08,300647,0,0
2352,2025-12-08,300648,0,0
2353,2025-12-08,300722,0,36
2354,2025-12-08,300834,0,0
2355,2025-12-08,301303,0,0
2356,2025-12-08,301304,0,0
2357,2025-12-08,301309,0,0
2358,2025-12-08,301310,0,0
2359,2025-12-08,301797,0,0
2360,2025-12-08,301798,0,0
2361,2025-12-08,301816,0,0
2362,2025-12-08,400398,0,0
2363,2025-12-08,400399,0,0
2364,2025-12-08,400401,0,0
2365,2025-12-08,400478,0,0
2366,2025-12-08,400927,0,0
2367,2025-12-08,400929,0,0
2368,2025-12-08,400935,0,0
2369,2025-12-08,400939,0,0
2370,2025-12-08,400950,0,0
2371,2025-12-08,400951,0,0
2372,2025-12-08,400953,0,0
2373,2025-12-08,401583,0,0
2374,2025-12-08,401763,0,0
2375,2025-12-08,401795,0,0
2376,2025-12-08,401832,0,0
2377,2025-12-08,401883,0,0
2378,2025-12-08,402048,0,0
2379,2025-12-09,101316,0,0
2380,2025-12-09,101318,0,0
2381,2025-12-09,101324,0,0
2382,2025-12-09,101352,0,0
2383,2025-12-09,101353,0,0
2384,2025-12-09,101354,0,0
2385,2025-12-09,101357,0,0
2386,2025-12-09,102003,0,0
2387,2025-12-09,102039,0,0
2388,2025-12-09,102068,0,0
2389,2025-12-09,102353,0,0
2390,2025-12-09,102365,0,0
2391,2025-12-09,102376,0,0
2392,2025-12-09,102708,0,0
2393,2025-12-09,102875,0,0
2394,2025-12-09,102877,0,0
2395,2025-12-09,104046,0,0
2396,2025-12-09,104051,0,74
2397,2025-12-09,104082,0,0
2398,2025-12-09,104083,0,0
2399,2025-12-09,104089,0,0
2400,2025-12-09,104097,0,0
2401,2025-12-09,104098,0,0
2402,2025-12-09,104110,0,0
2403,2025-12-09,104114,0,0
2404,2025-12-09,104115,0,0
2405,2025-12-09,104132,0,0
2406,2025-12-09,104133,0,0
2407,2025-12-09,104134,0,0
2408,2025-12-09,104574,0,0
2409,2025-12-09,300640,0,0
2410,2025-12-09,300641,0,0
2411,2025-12-09,300646,0,0
2412,2025-12-09,300647,0,0
2413,2025-12-09,300648,0,0
2414,2025-12-09,300722,0,36
2415,2025-12-09,300834,0,0
2416,2025-12-09,301303,0,0
2417,2025-12-09,301304,0,0
2418,2025-12-09,301309,0,0
2419,2025-12-09,301310,0,0
2420,2025-12-09,301797,0,0
2421,2025-12-09,301798,0,0
2422,2025-12-09,301816,0,0
2423,2025-12-09,400398,0,0
2424,2025-12-09,400399,0,0
2425,2025-12-09,400401,0,0
2426,2025-12-09,400478,0,0
2427,2025-12-09,400927,0,0
2428,2025-12-09,400929,0,0
2429,2025-12-09,400935,0,0
2430,2025-12-09,400939,0,0
2431,2025-12-09,400950,0,0
2432,2025-12-09,400951,0,0
2433,2025-12-09,400953,0,0
2434,2025-12-09,401583,0,0
2435,2025-12-09,401763,0,0
2436,2025-12-09,401795,0,0
2437,2025-12-09,401832,0,0
2438,2025-12-09,401883,0,0
2439,2025-12-09,402048,0,0
2440,2025-12-10,101316,0,0
2441,2025-12-10,101318,0,0
2442,2025-12-10,101324,0,0
2443,2025-12-10,101352,0,0
2444,2025-12-10,101353,0,0
2445,2025-12-10,101354,0,0
2446,2025-12-10,101357,0,0
2447,2025-12-10,102003,0,0
2448,2025-12-10,102039,0,0
2449,2025-12-10,102068,0,0
2450,2025-12-10,102353,0,0
2451,2025-12-10,102365,0,0
2452,2025-12-10,102376,0,0
2453,2025-12-10,102708,0,0
2454,2025-12-10,102875,0,0
2455,2025-12-10,102877,0,0
2456,2025-12-10,104046,0,0
2457,2025-12-10,104051,0,74
2458,2025-12-10,104082,0,0
2459,2025-12-10,104083,0,0
2460,2025-12-10,104089,0,0
2461,2025-12-10,104097,0,0
2462,2025-12-10,104098,0,0
2463,2025-12-10,104110,0,0
2464,2025-12-10,104114,0,0
2465,2025-12-10,104115,0,0
2466,2025-12-10,104132,0,0
2467,2025-12-10,104133,0,0
2468,2025-12-10,104134,0,0
2469,2025-12-10,104574,0,0
2470,2025-12-10,300640,0,0
2471,2025-12-10,300641,0,0
2472,2025-12-10,300646,0,0
2473,2025-12-10,300647,0,0
2474,2025-12-10,300648,0,0
2475,2025-12-10,300722,0,36
2476,2025-12-10,300834,0,0
2477,2025-12-10,301303,0,0
2478,2025-12-10,301304,0,0
2479,2025-12-10,301309,0,0
2480,2025-12-10,301310,0,0
2481,2025-12-10,301797,0,0
2482,2025-12-10,301798,0,0
2483,2025-12-10,301816,0,0
2484,2025-12-10,400398,0,0
2485,2025-12-10,400399,0,0
2486,2025-12-10,400401,0,0
2487,2025-12-10,400478,0,0
2488,2025-12-10,400927,0,0
2489,2025-12-10,400929,0,0
2490,2025-12-10,400935,0,0
2491,2025-12-10,400939,0,0
2492,2025-12-10,400950,0,0
2493,2025-12-10,400951,0,0
2494,2025-12-10,400953,0,0
2495,2025-12-10,401583,0,0
2496,2025-12-10,401763,0,0
2497,2025-12-10,401795,0,0
2498,2025-12-10,401832,0,0
2499,2025-12-10,401883,0,0
2500,2025-12-10,402048,0,0
2501,2025-12-11,101316,0,0
2502,2025-12-11,101318,0,0
2503,2025-12-11,101324,0,0
2504,2025-12-11,101352,0,0
2505,2025-12-11,101353,0,0
2506,2025-12-11,101354,0,0
2507,2025-12-11,101357,0,0
2508,2025-12-11,102003,0,0
2509,2025-12-11,102039,0,0
2510,2025-12-11,102068,0,0
2511,2025-12-11,102353,0,0
2512,2025-12-11,102365,0,0
2513,2025-12-11,102376,0,0
2514,2025-12-11,102708,0,0
2515,2025-12-11,102875,0,0
2516,2025-12-11,102877,0,0
2517,2025-12-11,104046,0,0
2518,2025-12-11,104051,0,74
2519,2025-12-11,104082,0,0
2520,2025-12-11,104083,0,0
2521,2025-12-11,104089,0,0
2522,2025-12-11,104097,0,0
2523,2025-12-11,104098,0,0
2524,2025-12-11,104110,0,0
2525,2025-12-11,104114,0,0
2526,2025-12-11,104115,0,0
2527,2025-12-11,104132,0,0
2528,2025-12-11,104133,0,0
2529,2025-12-11,104134,0,0
2530,2025-12-11,104574,0,0
2531,2025-12-11,300640,0,0
2532,2025-12-11,300641,0,0
2533,2025-12-11,300646,0,0
2534,2025-12-11,300647,0,0
2535,2025-12-11,300648,0,0
2536,2025-12-11,300722,0,36
2537,2025-12-11,300834,0,0
2538,2025-12-11,301303,0,0
2539,2025-12-11,301304,0,0
2540,2025-12-11,301309,0,0
2541,2025-12-11,301310,0,0
2542,2025-12-11,301797,0,0
2543,2025-12-11,301798,0,0
2544,2025-12-11,301816,0,0
2545,2025-12-11,400398,0,0
2546,2025-12-11,400399,0,0
2547,2025-12-11,400401,0,0
2548,2025-12-11,400478,0,0
2549,2025-12-11,400927,0,0
2550,2025-12-11,400929,0,0
2551,2025-12-11,400935,0,0
2552,2025-12-11,400939,0,0
2553,2025-12-11,400950,0,0
2554,2025-12-11,400951,0,0
2555,2025-12-11,400953,0,0
2556,2025-12-11,401583,0,0
2557,2025-12-11,401763,0,0
2558,2025-12-11,401795,0,0
2559,2025-12-11,401832,0,0
2560,2025-12-11,401883,0,0
2561,2025-12-11,402048,0,0
2562,2025-12-12,101316,0,0
2563,2025-12-12,101318,0,0
2564,2025-12-12,101324,0,0
2565,2025-12-12,101352,0,0
2566,2025-12-12,101353,0,0
2567,2025-12-12,101354,0,0
2568,2025-12-12,101357,0,0
2569,2025-12-12,102003,0,0
2570,2025-12-12,102039,0,0
2571,2025-12-12,102068,0,0
2572,2025-12-12,102353,0,0
2573,2025-12-12,102365,0,0
2574,2025-12-12,102376,0,0
2575,2025-12-12,102708,0,80
2576,2025-12-12,102875,0,0
2577,2025-12-12,102877,0,0
2578,2025-12-12,104046,0,0
2579,2025-12-12,104051,0,74
2580,2025-12-12,104082,0,62
2581,2025-12-12,104083,0,0
2582,2025-12-12,104089,0,0
2583,2025-12-12,104097,0,0
2584,2025-12-12,104098,0,0
2585,2025-12-12,104110,0,0
2586,2025-12-12,104114,0,0
2587,2025-12-12,104115,0,40
2588,2025-12-12,104132,0,0
2589,2025-12-12,104133,0,0
2590,2025-12-12,104134,0,0
2591,2025-12-12,104574,0,0
2592,2025-12-12,300640,0,0
2593,2025-12-12,300641,0,0
2594,2025-12-12,300646,0,0
2595,2025-12-12,300647,0,0
2596,2025-12-12,300648,0,0
2597,2025-12-12,300722,0,36
2598,2025-12-12,300834,0,0
2599,2025-12-12,301303,0,0
2600,2025-12-12,301304,0,0
2601,2025-12-12,301309,0,0
2602,2025-12-12,301310,0,0
2603,2025-12-12,301797,0,0
2604,2025-12-12,301798,0,0
2605,2025-12-12,301816,0,0
2606,2025-12-12,400398,0,0
2607,2025-12-12,400399,0,0
2608,2025-12-12,400401,0,0
2609,2025-12-12,400478,0,0
2610,2025-12-12,400927,0,0
2611,2025-12-12,400929,0,0
2612,2025-12-12,400935,0,0
2613,2025-12-12,400939,0,0
2614,2025-12-12,400950,0,0
2615,2025-12-12,400951,0,0
2616,2025-12-12,400953,0,0
2617,2025-12-12,401583,0,0
2618,2025-12-12,401763,0,0
2619,2025-12-12,401795,0,0
2620,2025-12-12,401832,0,0
2621,2025-12-12,401883,0,0
2622,2025-12-12,402048,0,0
2623,2025-12-13,101316,0,0
2624,2025-12-13,101318,0,0
2625,2025-12-13,101324,0,0
2626,2025-12-13,101352,0,0
2627,2025-12-13,101353,0,0
2628,2025-12-13,101354,0,0
2629,2025-12-13,101357,0,0
2630,2025-12-13,102003,0,0
2631,2025-12-13,102039,0,0
2632,2025-12-13,102068,0,0
2633,2025-12-13,102353,0,0
2634,2025-12-13,102365,0,0
2635,2025-12-13,102376,0,0
2636,2025-12-13,102708,0,80
2637,2025-12-13,102875,0,0
2638,2025-12-13,102877,0,0
2639,2025-12-13,104046,0,0
2640,2025-12-13,104051,0,74
2641,2025-12-13,104082,0,62
2642,2025-12-13,104083,0,0
2643,2025-12-13,104089,0,0
2644,2025-12-13,104097,0,0
2645,2025-12-13,104098,0,0
2646,2025-12-13,104110,0,0
2647,2025-12-13,104114,0,0
2648,2025-12-13,104115,0,40
2649,2025-12-13,104132,0,0
2650,2025-12-13,104133,0,0
2651,2025-12-13,104134,0,0
2652,2025-12-13,104574,0,0
2653,2025-12-13,300640,0,0
2654,2025-12-13,300641,0,0
2655,2025-12-13,300646,0,0
2656,2025-12-13,300647,0,0
2657,2025-12-13,300648,0,0
2658,2025-12-13,300722,0,36
2659,2025-12-13,300834,0,0
2660,2025-12-13,301303,0,0
2661,2025-12-13,301304,0,0
2662,2025-12-13,301309,0,0
2663,2025-12-13,301310,0,0
2664,2025-12-13,301797,0,0
2665,2025-12-13,301798,0,0
2666,2025-12-13,301816,0,0
2667,2025-12-13,400398,0,0
2668,2025-12-13,400399,0,0
2669,2025-12-13,400401,0,0
2670,2025-12-13,400478,0,0
2671,2025-12-13,400927,0,0
2672,2025-12-13,400929,0,0
2673,2025-12-13,400935,0,0
2674,2025-12-13,400939,0,0
2675,2025-12-13,400950,0,0
2676,2025-12-13,400951,0,0
2677,2025-12-13,400953,0,0
2678,2025-12-13,401583,0,0
2679,2025-12-13,401763,0,0
2680,2025-12-13,401795,0,0
2681,2025-12-13,401832,0,0
2682,2025-12-13,401883,0,0
2683,2025-12-13,402048,0,0
2684,2025-12-14,101316,0,0
2685,2025-12-14,101318,0,0
2686,2025-12-14,101324,0,0
2687,2025-12-14,101352,0,0
2688,2025-12-14,101353,0,0
2689,2025-12-14,101354,0,0
2690,2025-12-14,101357,0,0
2691,2025-12-14,102003,0,0
2692,2025-12-14,102039,0,0
2693,2025-12-14,102068,0,0
2694,2025-12-14,102353,0,0
2695,2025-12-14,102365,0,0
2696,2025-12-14,102376,0,0
2697,2025-12-14,102708,80,0
2698,2025-12-14,102875,0,0
2699,2025-12-14,102877,0,0
2700,2025-12-14,104046,0,0
2701,2025-12-14,104051,0,74
2702,2025-12-14,104082,62,0
2703,2025-12-14,104083,0,0
2704,2025-12-14,104089,0,0
2705,2025-12-14,104097,0,0
2706,2025-12-14,104098,0,0
2707,2025-12-14,104110,0,0
2708,2025-12-14,104114,0,0
2709,2025-12-14,104115,40,0
2710,2025-12-14,104132,0,0
2711,2025-12-14,104133,0,0
2712,2025-12-14,104134,0,0
2713,2025-12-14,104574,0,0
2714,2025-12-14,300640,0,0
2715,2025-12-14,300641,0,0
2716,2025-12-14,300646,0,0
2717,2025-12-14,300647,0,0
2718,2025-12-14,300648,0,0
2719,2025-12-14,300722,0,36
2720,2025-12-14,300834,0,0
2721,2025-12-14,301303,0,0
2722,2025-12-14,301304,0,0
2723,2025-12-14,301309,0,0
2724,2025-12-14,301310,0,0
2725,2025-12-14,301797,0,0
2726,2025-12-14,301798,0,0
2727,2025-12-14,301816,0,0
2728,2025-12-14,400398,0,0
2729,2025-12-14,400399,0,0
2730,2025-12-14,400401,0,0
2731,2025-12-14,400478,0,0
2732,2025-12-14,400927,0,0
2733,2025-12-14,400929,0,0
2734,2025-12-14,400935,0,0
2735,2025-12-14,400939,0,0
2736,2025-12-14,400950,0,0
2737,2025-12-14,400951,0,0
2738,2025-12-14,400953,0,0
2739,2025-12-14,401583,0,0
2740,2025-12-14,401763,0,0
2741,2025-12-14,401795,0,0
2742,2025-12-14,401832,0,0
2743,2025-12-14,401883,0,0
2744,2025-12-14,402048,0,0
2745,2025-12-15,101316,0,120
2746,2025-12-15,101318,0,0
2747,2025-12-15,101324,0,0
2748,2025-12-15,101352,0,0
2749,2025-12-15,101353,0,96
2750,2025-12-15,101354,0,0
2751,2025-12-15,101357,0,0
2752,2025-12-15,102003,0,0
2753,2025-12-15,102039,0,0
2754,2025-12-15,102068,0,0
2755,2025-12-15,102353,0,0
2756,2025-12-15,102365,0,0
2757,2025-12-15,102376,0,0
2758,2025-12-15,102708,0,0
2759,2025-12-15,102875,0,0
2760,2025-12-15,102877,0,0
2761,2025-12-15,104046,0,0
2762,2025-12-15,104051,0,74
2763,2025-12-15,104082,0,0
2764,2025-12-15,104083,0,0
2765,2025-12-15,104089,0,0
2766,2025-12-15,104097,0,0
2767,2025-12-15,104098,0,0
2768,2025-12-15,104110,0,0
2769,2025-12-15,104114,0,0
2770,2025-12-15,104115,0,0
2771,2025-12-15,104132,0,0
2772,2025-12-15,104133,0,0
2773,2025-12-15,104134,0,0
2774,2025-12-15,104574,0,0
2775,2025-12-15,300640,0,0
2776,2025-12-15,300641,0,0
2777,2025-12-15,300646,0,0
2778,2025-12-15,300647,0,0
2779,2025-12-15,300648,0,0
2780,2025-12-15,300722,0,36
2781,2025-12-15,300834,0,0
2782,2025-12-15,301303,0,0
2783,2025-12-15,301304,0,0
2784,2025-12-15,301309,0,0
2785,2025-12-15,301310,0,0
2786,2025-12-15,301797,0,0
2787,2025-12-15,301798,0,0
2788,2025-12-15,301816,0,0
2789,2025-12-15,400398,0,0
2790,2025-12-15,400399,0,0
2791,2025-12-15,400401,0,0
2792,2025-12-15,400478,0,0
2793,2025-12-15,400927,0,0
2794,2025-12-15,400929,0,0
2795,2025-12-15,400935,0,0
2796,2025-12-15,400939,0,0
2797,2025-12-15,400950,0,0
2798,2025-12-15,400951,0,0
2799,2025-12-15,400953,0,0
2800,2025-12-15,401583,0,0
2801,2025-12-15,401763,0,0
2802,2025-12-15,401795,0,0
2803,2025-12-15,401832,0,0
2804,2025-12-15,401883,0,27
2805,2025-12-15,402048,0,0
2806,2025-12-16,101316,0,120
2807,2025-12-16,101318,0,38
2808,2025-12-16,101324,0,0
2809,2025-12-16,101352,0,0
2810,2025-12-16,101353,0,96
2811,2025-12-16,101354,0,0
2812,2025-12-16,101357,0,0
2813,2025-12-16,102003,0,0
2814,2025-12-16,102039,0,0
2815,2025-12-16,102068,0,0
2816,2025-12-16,102353,0,0
2817,2025-12-16,102365,0,0
2818,2025-12-16,102376,0,0
2819,2025-12-16,102708,0,0
2820,2025-12-16,102875,0,0
2821,2025-12-16,102877,0,0
2822,2025-12-16,104046,0,0
2823,2025-12-16,104051,0,74
2824,2025-12-16,104082,0,0
2825,2025-12-16,104083,0,0
2826,2025-12-16,104089,0,0
2827,2025-12-16,104097,0,0
2828,2025-12-16,104098,0,0
2829,2025-12-16,104110,0,0
2830,2025-12-16,104114,0,0
2831,2025-12-16,104115,0,0
2832,2025-12-16,104132,0,0
2833,2025-12-16,104133,0,0
2834,2025-12-16,104134,0,0
2835,2025-12-16,104574,0,0
2836,2025-12-16,300640,0,0
2837,2025-12-16,300641,0,0
2838,2025-12-16,300646,0,0
2839,2025-12-16,300647,0,0
2840,2025-12-16,300648,0,0
2841,2025-12-16,300722,0,36
2842,2025-12-16,300834,0,0
2843,2025-12-16,301303,0,0
2844,2025-12-16,301304,0,0
2845,2025-12-16,301309,0,0
2846,2025-12-16,301310,0,0
2847,2025-12-16,301797,0,0
2848,2025-12-16,301798,0,0
2849,2025-12-16,301816,0,0
2850,2025-12-16,400398,0,0
2851,2025-12-16,400399,0,0
2852,2025-12-16,400401,0,0
2853,2025-12-16,400478,0,0
2854,2025-12-16,400927,0,0
2855,2025-12-16,400929,0,0
2856,2025-12-16,400935,0,0
2857,2025-12-16,400939,0,0
2858,2025-12-16,400950,0,0
2859,2025-12-16,400951,0,0
2860,2025-12-16,400953,0,0
2861,2025-12-16,401583,0,0
2862,2025-12-16,401763,0,0
2863,2025-12-16,401795,0,0
2864,2025-12-16,401832,0,0
2865,2025-12-16,401883,0,27
2866,2025-12-16,402048,0,0
2867,2025-12-17,101316,40,80
2868,2025-12-17,101318,0,38
2869,2025-12-17,101324,0,0
2870,2025-12-17,101352,0,0
2871,2025-12-17,101353,48,48
2872,2025-12-17,101354,0,0
2873,2025-12-17,101357,0,0
2874,2025-12-17,102003,0,0
2875,2025-12-17,102039,0,210
2876,2025-12-17,102068,0,0
2877,2025-12-17,102353,0,0
2878,2025-12-17,102365,0,0
2879,2025-12-17,102376,0,0
2880,2025-12-17,102708,0,0
2881,2025-12-17,102875,0,0
2882,2025-12-17,102877,0,0
2883,2025-12-17,104046,0,0
2884,2025-12-17,104051,74,0
2885,2025-12-17,104082,0,0
2886,2025-12-17,104083,0,0
2887,2025-12-17,104089,0,0
2888,2025-12-17,104097,0,0
2889,2025-12-17,104098,0,0
2890,2025-12-17,104110,0,0
2891,2025-12-17,104114,0,0
2892,2025-12-17,104115,0,40
2893,2025-12-17,104132,0,0
2894,2025-12-17,104133,0,0
2895,2025-12-17,104134,0,0
2896,2025-12-17,104574,0,0
2897,2025-12-17,300640,0,0
2898,2025-12-17,300641,0,0
2899,2025-12-17,300646,0,0
2900,2025-12-17,300647,0,0
2901,2025-12-17,300648,0,0
2902,2025-12-17,300722,0,36
2903,2025-12-17,300834,0,0
2904,2025-12-17,301303,0,0
2905,2025-12-17,301304,0,0
2906,2025-12-17,301309,0,0
2907,2025-12-17,301310,0,0
2908,2025-12-17,301797,0,0
2909,2025-12-17,301798,0,0
2910,2025-12-17,301816,0,0
2911,2025-12-17,400398,0,0
2912,2025-12-17,400399,0,0
2913,2025-12-17,400401,0,0
2914,2025-12-17,400478,0,0
2915,2025-12-17,400927,0,0
2916,2025-12-17,400929,0,0
2917,2025-12-17,400935,0,0
2918,2025-12-17,400939,0,0
2919,2025-12-17,400950,0,0
2920,2025-12-17,400951,0,0
2921,2025-12-17,400953,0,0
2922,2025-12-17,401583,0,0
2923,2025-12-17,401763,0,0
2924,2025-12-17,401795,0,0
2925,2025-12-17,401832,0,0
2926,2025-12-17,401883,0,27
2927,2025-12-17,402048,0,0
2928,2025-12-18,101316,0,80
2929,2025-12-18,101318,0,38
2930,2025-12-18,101324,0,0
2931,2025-12-18,101352,0,0
2932,2025-12-18,101353,0,48
2933,2025-12-18,101354,0,0
2934,2025-12-18,101357,0,0
2935,2025-12-18,102003,0,0
2936,2025-12-18,102039,0,210
2937,2025-12-18,102068,0,0
2938,2025-12-18,102353,0,0
2939,2025-12-18,102365,0,0
2940,2025-12-18,102376,0,0
2941,2025-12-18,102708,0,0
2942,2025-12-18,102875,0,0
2943,2025-12-18,102877,0,0
2944,2025-12-18,104046,0,0
2945,2025-12-18,104051,0,0
2946,2025-12-18,104082,0,0
2947,2025-12-18,104083,0,0
2948,2025-12-18,104089,0,0
2949,2025-12-18,104097,0,0
2950,2025-12-18,104098,0,0
2951,2025-12-18,104110,0,0
2952,2025-12-18,104114,0,0
2953,2025-12-18,104115,0,40
2954,2025-12-18,104132,0,0
2955,2025-12-18,104133,0,0
2956,2025-12-18,104134,0,0
2957,2025-12-18,104574,0,0
2958,2025-12-18,300640,0,0
2959,2025-12-18,300641,0,0
2960,2025-12-18,300646,0,0
2961,2025-12-18,300647,0,0
2962,2025-12-18,300648,0,0
2963,2025-12-18,300722,0,36
2964,2025-12-18,300834,0,0
2965,2025-12-18,301303,0,0
2966,2025-12-18,301304,0,0
2967,2025-12-18,301309,0,0
2968,2025-12-18,301310,0,0
2969,2025-12-18,301797,0,0
2970,2025-12-18,301798,0,0
2971,2025-12-18,301816,0,0
2972,2025-12-18,400398,0,0
2973,2025-12-18,400399,0,0
2974,2025-12-18,400401,0,0
2975,2025-12-18,400478,0,0
2976,2025-12-18,400927,0,0
2977,2025-12-18,400929,0,0
2978,2025-12-18,400935,0,0
2979,2025-12-18,400939,0,0
2980,2025-12-18,400950,0,0
2981,2025-12-18,400951,0,0
2982,2025-12-18,400953,0,0
2983,2025-12-18,401583,0,0
2984,2025-12-18,401763,0,0
2985,2025-12-18,401795,0,0
2986,2025-12-18,401832,0,0
2987,2025-12-18,401883,0,27
2988,2025-12-18,402048,0,0
2989,2025-12-19,101316,0,80
2990,2025-12-19,101318,0,38
2991,2025-12-19,101324,0,0
2992,2025-12-19,101352,0,0
2993,2025-12-19,101353,0,48
2994,2025-12-19,101354,0,0
2995,2025-12-19,101357,0,0
2996,2025-12-19,102003,0,0
2997,2025-12-19,102039,210,0
2998,2025-12-19,102068,0,0
2999,2025-12-19,102353,0,0
3000,2025-12-19,102365,0,0
3001,2025-12-19,102376,0,0
3002,2025-12-19,102708,0,0
3003,2025-12-19,102875,0,0
3004,2025-12-19,102877,0,0
3005,2025-12-19,104046,0,0
3006,2025-12-19,104051,0,0
3007,2025-12-19,104082,0,0
3008,2025-12-19,104083,0,0
3009,2025-12-19,104089,0,0
3010,2025-12-19,104097,0,0
3011,2025-12-19,104098,0,0
3012,2025-12-19,104110,0,0
3013,2025-12-19,104114,0,0
3014,2025-12-19,104115,0,40
3015,2025-12-19,104132,0,0
3016,2025-12-19,104133,0,0
3017,2025-12-19,104134,0,0
3018,2025-12-19,104574,0,0
3019,2025-12-19,300640,0,0
3020,2025-12-19,300641,0,0
3021,2025-12-19,300646,0,0
3022,2025-12-19,300647,0,0
3023,2025-12-19,300648,0,0
3024,2025-12-19,300722,0,36
3025,2025-12-19,300834,0,0
3026,2025-12-19,301303,0,0
3027,2025-12-19,301304,0,0
3028,2025-12-19,301309,0,0
3029,2025-12-19,301310,0,0
3030,2025-12-19,301797,0,0
3031,2025-12-19,301798,0,0
3032,2025-12-19,301816,0,0
3033,2025-12-19,400398,0,0
3034,2025-12-19,400399,0,0
3035,2025-12-19,400401,0,0
3036,2025-12-19,400478,0,0
3037,2025-12-19,400927,0,0
3038,2025-12-19,400929,0,0
3039,2025-12-19,400935,0,0
3040,2025-12-19,400939,0,0
3041,2025-12-19,400950,0,0
3042,2025-12-19,400951,0,0
3043,2025-12-19,400953,0,0
3044,2025-12-19,401583,0,0
3045,2025-12-19,401763,0,0
3046,2025-12-19,401795,0,0
3047,2025-12-19,401832,0,0
3048,2025-12-19,401883,0,27
3049,2025-12-19,402048,0,0
3050,2025-12-20,101316,0,80
3051,2025-12-20,101318,38,0
3052,2025-12-20,101324,0,0
3053,2025-12-20,101352,0,0
3054,2025-12-20,101353,24,24
3055,2025-12-20,101354,0,0
3056,2025-12-20,101357,0,0
3057,2025-12-20,102003,0,0
3058,2025-12-20,102039,0,0
3059,2025-12-20,102068,0,0
3060,2025-12-20,102353,0,0
3061,2025-12-20,102365,0,0
3062,2025-12-20,102376,0,0
3063,2025-12-20,102708,0,0
3064,2025-12-20,102875,0,0
3065,2025-12-20,102877,0,0
3066,2025-12-20,104046,0,0
3067,2025-12-20,104051,0,0
3068,2025-12-20,104082,0,0
3069,2025-12-20,104083,0,0
3070,2025-12-20,104089,0,0
3071,2025-12-20,104097,0,0
3072,2025-12-20,104098,0,0
3073,2025-12-20,104110,0,0
3074,2025-12-20,104114,0,0
3075,2025-12-20,104115,40,0
3076,2025-12-20,104132,0,0
3077,2025-12-20,104133,0,0
3078,2025-12-20,104134,0,0
3079,2025-12-20,104574,0,0
3080,2025-12-20,300640,0,0
3081,2025-12-20,300641,0,0
3082,2025-12-20,300646,0,0
3083,2025-12-20,300647,0,0
3084,2025-12-20,300648,0,0
3085,2025-12-20,300722,0,36
3086,2025-12-20,300834,0,0
3087,2025-12-20,301303,0,0
3088,2025-12-20,301304,0,0
3089,2025-12-20,301309,0,0
3090,2025-12-20,301310,0,0
3091,2025-12-20,301797,0,0
3092,2025-12-20,301798,0,0
3093,2025-12-20,301816,0,0
3094,2025-12-20,400398,0,0
3095,2025-12-20,400399,0,0
3096,2025-12-20,400401,0,0
3097,2025-12-20,400478,0,0
3098,2025-12-20,400927,0,0
3099,2025-12-20,400929,0,0
3100,2025-12-20,400935,0,0
3101,2025-12-20,400939,0,0
3102,2025-12-20,400950,0,0
3103,2025-12-20,400951,0,0
3104,2025-12-20,400953,0,0
3105,2025-12-20,401583,0,0
3106,2025-12-20,401763,0,0
3107,2025-12-20,401795,0,0
3108,2025-12-20,401832,0,0
3109,2025-12-20,401883,27,0
3110,2025-12-20,402048,0,0
3111,2025-12-21,101316,0,80
3112,2025-12-21,101318,0,0
3113,2025-12-21,101324,0,0
3114,2025-12-21,101352,0,0
3115,2025-12-21,101353,0,24
3116,2025-12-21,101354,0,0
3117,2025-12-21,101357,0,0
3118,2025-12-21,102003,0,0
3119,2025-12-21,102039,0,0
3120,2025-12-21,102068,0,0
3121,2025-12-21,102353,0,0
3122,2025-12-21,102365,0,0
3123,2025-12-21,102376,0,0
3124,2025-12-21,102708,0,0
3125,2025-12-21,102875,0,0
3126,2025-12-21,102877,0,0
3127,2025-12-21,104046,0,0
3128,2025-12-21,104051,0,0
3129,2025-12-21,104082,0,0
3130,2025-12-21,104083,0,0
3131,2025-12-21,104089,0,0
3132,2025-12-21,104097,0,0
3133,2025-12-21,104098,0,0
3134,2025-12-21,104110,0,0
3135,2025-12-21,104114,0,0
3136,2025-12-21,104115,0,0
3137,2025-12-21,104132,0,0
3138,2025-12-21,104133,0,0
3139,2025-12-21,104134,0,0
3140,2025-12-21,104574,0,0
3141,2025-12-21,300640,0,0
3142,2025-12-21,300641,0,0
3143,2025-12-21,300646,0,0
3144,2025-12-21,300647,0,0
3145,2025-12-21,300648,0,0
3146,2025-12-21,300722,0,36
3147,2025-12-21,300834,0,0
3148,2025-12-21,301303,0,0
3149,2025-12-21,301304,0,0
3150,2025-12-21,301309,0,0
3151,2025-12-21,301310,0,0
3152,2025-12-21,301797,0,0
3153,2025-12-21,301798,0,0
3154,2025-12-21,301816,0,0
3155,2025-12-21,400398,0,0
3156,2025-12-21,400399,0,0
3157,2025-12-21,400401,0,0
3158,2025-12-21,400478,0,0
3159,2025-12-21,400927,0,0
3160,2025-12-21,400929,0,0
3161,2025-12-21,400935,0,0
3162,2025-12-21,400939,0,0
3163,2025-12-21,400950,0,0
3164,2025-12-21,400951,0,0
3165,2025-12-21,400953,0,0
3166,2025-12-21,401583,0,0
3167,2025-12-21,401763,0,0
3168,2025-12-21,401795,0,0
3169,2025-12-21,401832,0,0
3170,2025-12-21,401883,0,0
3171,2025-12-21,402048,0,0
3172,2025-12-22,101316,0,80
3173,2025-12-22,101318,0,0
3174,2025-12-22,101324,0,0
3175,2025-12-22,101352,0,0
3176,2025-12-22,101353,0,24
3177,2025-12-22,101354,0,0
3178,2025-12-22,101357,0,0
3179,2025-12-22,102003,0,0
3180,2025-12-22,102039,0,0
3181,2025-12-22,102068,0,0
3182,2025-12-22,102353,0,0
3183,2025-12-22,102365,0,0
3184,2025-12-22,102376,0,0
3185,2025-12-22,102708,0,0
3186,2025-12-22,102875,0,0
3187,2025-12-22,102877,0,0
3188,2025-12-22,104046,0,0
3189,2025-12-22,104051,0,0
3190,2025-12-22,104082,0,0
3191,2025-12-22,104083,0,0
3192,2025-12-22,104089,0,0
3193,2025-12-22,104097,0,0
3194,2025-12-22,104098,0,0
3195,2025-12-22,104110,0,0
3196,2025-12-22,104114,0,0
3197,2025-12-22,104115,0,0
3198,2025-12-22,104132,0,0
3199,2025-12-22,104133,0,0
3200,2025-12-22,104134,0,0
3201,2025-12-22,104574,0,0
3202,2025-12-22,300640,0,0
3203,2025-12-22,300641,0,0
3204,2025-12-22,300646,0,0
3205,2025-12-22,300647,0,0
3206,2025-12-22,300648,0,0
3207,2025-12-22,300722,0,36
3208,2025-12-22,300834,0,0
3209,2025-12-22,301303,0,0
3210,2025-12-22,301304,0,0
3211,2025-12-22,301309,0,0
3212,2025-12-22,301310,0,0
3213,2025-12-22,301797,0,0
3214,2025-12-22,301798,0,0
3215,2025-12-22,301816,0,0
3216,2025-12-22,400398,0,0
3217,2025-12-22,400399,0,0
3218,2025-12-22,400401,0,0
3219,2025-12-22,400478,0,0
3220,2025-12-22,400927,0,0
3221,2025-12-22,400929,0,0
3222,2025-12-22,400935,0,0
3223,2025-12-22,400939,0,0
3224,2025-12-22,400950,0,0
3225,2025-12-22,400951,0,0
3226,2025-12-22,400953,0,0
3227,2025-12-22,401583,0,0
3228,2025-12-22,401763,0,0
3229,2025-12-22,401795,0,0
3230,2025-12-22,401832,0,0
3231,2025-12-22,401883,0,0
3232,2025-12-22,402048,0,0
3233,2025-12-23,101316,0,80
3234,2025-12-23,101318,0,0
3235,2025-12-23,101324,0,0
3236,2025-12-23,101352,0,0
3237,2025-12-23,101353,0,24
3238,2025-12-23,101354,0,0
3239,2025-12-23,101357,0,0
3240,2025-12-23,102003,0,0
3241,2025-12-23,102039,0,0
3242,2025-12-23,102068,0,0
3243,2025-12-23,102353,0,0
3244,2025-12-23,102365,0,0
3245,2025-12-23,102376,0,0
3246,2025-12-23,102708,0,0
3247,2025-12-23,102875,0,0
3248,2025-12-23,102877,0,0
3249,2025-12-23,104046,0,0
3250,2025-12-23,104051,0,0
3251,2025-12-23,104082,0,0
3252,2025-12-23,104083,0,0
3253,2025-12-23,104089,0,0
3254,2025-12-23,104097,0,0
3255,2025-12-23,104098,0,0
3256,2025-12-23,104110,0,0
3257,2025-12-23,104114,0,0
3258,2025-12-23,104115,0,0
3259,2025-12-23,104132,0,0
3260,2025-12-23,104133,0,0
3261,2025-12-23,104134,0,0
3262,2025-12-23,104574,0,0
3263,2025-12-23,300640,0,0
3264,2025-12-23,300641,0,0
3265,2025-12-23,300646,0,0
3266,2025-12-23,300647,0,0
3267,2025-12-23,300648,0,0
3268,2025-12-23,300722,0,36
3269,2025-12-23,300834,0,0
3270,2025-12-23,301303,0,0
3271,2025-12-23,301304,0,0
3272,2025-12-23,301309,0,0
3273,2025-12-23,301310,0,0
3274,2025-12-23,301797,0,0
3275,2025-12-23,301798,0,0
3276,2025-12-23,301816,0,0
3277,2025-12-23,400398,0,0
3278,2025-12-23,400399,0,0
3279,2025-12-23,400401,0,0
3280,2025-12-23,400478,0,0
3281,2025-12-23,400927,0,0
3282,2025-12-23,400929,0,0
3283,2025-12-23,400935,0,0
3284,2025-12-23,400939,0,0
3285,2025-12-23,400950,0,0
3286,2025-12-23,400951,0,0
3287,2025-12-23,400953,0,0
3288,2025-12-23,401583,0,0
3289,2025-12-23,401763,0,0
3290,2025-12-23,401795,0,0
3291,2025-12-23,401832,0,0
3292,2025-12-23,401883,0,0
3293,2025-12-23,402048,0,0
3294,2025-12-24,101316,0,80
3295,2025-12-24,101318,0,0
3296,2025-12-24,101324,0,0
3297,2025-12-24,101352,0,0
3298,2025-12-24,101353,0,24
3299,2025-12-24,101354,0,0
3300,2025-12-24,101357,0,0
3301,2025-12-24,102003,0,0
3302,2025-12-24,102039,0,0
3303,2025-12-24,102068,0,0
3304,2025-12-24,102353,0,0
3305,2025-12-24,102365,0,0
3306,2025-12-24,102376,0,0
3307,2025-12-24,102708,0,0
3308,2025-12-24,102875,0,0
3309,2025-12-24,102877,0,0
3310,2025-12-24,104046,0,0
3311,2025-12-24,104051,0,0
3312,2025-12-24,104082,0,0
3313,2025-12-24,104083,0,0
3314,2025-12-24,104089,0,0
3315,2025-12-24,104097,0,0
3316,2025-12-24,104098,0,0
3317,2025-12-24,104110,0,0
3318,2025-12-24,104114,0,0
3319,2025-12-24,104115,0,0
3320,2025-12-24,104132,0,0
3321,2025-12-24,104133,0,32
3322,2025-12-24,104134,0,0
3323,2025-12-24,104574,0,0
3324,2025-12-24,300640,0,0
3325,2025-12-24,300641,0,0
3326,2025-12-24,300646,0,0
3327,2025-12-24,300647,0,0
3328,2025-12-24,300648,0,0
3329,2025-12-24,300722,0,36
3330,2025-12-24,300834,0,0
3331,2025-12-24,301303,0,0
3332,2025-12-24,301304,0,0
3333,2025-12-24,301309,0,0
3334,2025-12-24,301310,0,0
3335,2025-12-24,301797,0,0
3336,2025-12-24,301798,0,0
3337,2025-12-24,301816,0,0
3338,2025-12-24,400398,0,0
3339,2025-12-24,400399,0,0
3340,2025-12-24,400401,0,0
3341,2025-12-24,400478,0,0
3342,2025-12-24,400927,0,0
3343,2025-12-24,400929,0,0
3344,2025-12-24,400935,0,0
3345,2025-12-24,400939,0,0
3346,2025-12-24,400950,0,0
3347,2025-12-24,400951,0,0
3348,2025-12-24,400953,0,0
3349,2025-12-24,401583,0,0
3350,2025-12-24,401763,0,0
3351,2025-12-24,401795,0,0
3352,2025-12-24,401832,0,0
3353,2025-12-24,401883,0,0
3354,2025-12-24,402048,0,0
3355,2025-12-25,101316,0,80
3356,2025-12-25,101318,0,0
3357,2025-12-25,101324,0,0
3358,2025-12-25,101352,0,0
3359,2025-12-25,101353,0,24
3360,2025-12-25,101354,0,0
3361,2025-12-25,101357,0,0
3362,2025-12-25,102003,0,0
3363,2025-12-25,102039,0,0
3364,2025-12-25,102068,0,0
3365,2025-12-25,102353,0,0
3366,2025-12-25,102365,0,0
3367,2025-12-25,102376,0,0
3368,2025-12-25,102708,0,0
3369,2025-12-25,102875,0,0
3370,2025-12-25,102877,0,0
3371,2025-12-25,104046,0,0
3372,2025-12-25,104051,0,0
3373,2025-12-25,104082,0,0
3374,2025-12-25,104083,0,0
3375,2025-12-25,104089,0,0
3376,2025-12-25,104097,0,0
3377,2025-12-25,104098,0,0
3378,2025-12-25,104110,0,0
3379,2025-12-25,104114,0,0
3380,2025-12-25,104115,0,0
3381,2025-12-25,104132,0,0
3382,2025-12-25,104133,0,32
3383,2025-12-25,104134,0,0
3384,2025-12-25,104574,0,0
3385,2025-12-25,300640,0,0
3386,2025-12-25,300641,0,0
3387,2025-12-25,300646,0,0
3388,2025-12-25,300647,0,0
3389,2025-12-25,300648,0,0
3390,2025-12-25,300722,0,36
3391,2025-12-25,300834,0,0
3392,2025-12-25,301303,0,0
3393,2025-12-25,301304,0,0
3394,2025-12-25,301309,0,0
3395,2025-12-25,301310,0,0
3396,2025-12-25,301797,0,0
3397,2025-12-25,301798,0,0
3398,2025-12-25,301816,0,0
3399,2025-12-25,400398,0,0
3400,2025-12-25,400399,0,0
3401,2025-12-25,400401,0,0
3402,2025-12-25,400478,0,0
3403,2025-12-25,400927,0,0
3404,2025-12-25,400929,0,0
3405,2025-12-25,400935,0,0
3406,2025-12-25,400939,0,0
3407,2025-12-25,400950,0,0
3408,2025-12-25,400951,0,0
3409,2025-12-25,400953,0,0
3410,2025-12-25,401583,0,0
3411,2025-12-25,401763,0,0
3412,2025-12-25,401795,0,0
3413,2025-12-25,401832,0,0
3414,2025-12-25,401883,0,0
3415,2025-12-25,402048,0,0
3416,2025-12-26,101316,0,80
3417,2025-12-26,101318,0,0
3418,2025-12-26,101324,0,0
3419,2025-12-26,101352,0,0
3420,2025-12-26,101353,0,24
3421,2025-12-26,101354,0,0
3422,2025-12-26,101357,0,0
3423,2025-12-26,102003,0,0
3424,2025-12-26,102039,0,0
3425,2025-12-26,102068,0,0
3426,2025-12-26,102353,0,0
3427,2025-12-26,102365,0,0
3428,2025-12-26,102376,0,0
3429,2025-12-26,102708,0,0
3430,2025-12-26,102875,0,0
3431,2025-12-26,102877,0,0
3432,2025-12-26,104046,0,0
3433,2025-12-26,104051,0,0
3434,2025-12-26,104082,0,0
3435,2025-12-26,104083,0,0
3436,2025-12-26,104089,0,0
3437,2025-12-26,104097,0,0
3438,2025-12-26,104098,0,0
3439,2025-12-26,104110,0,0
3440,2025-12-26,104114,0,0
3441,2025-12-26,104115,0,0
3442,2025-12-26,104132,0,0
3443,2025-12-26,104133,0,32
3444,2025-12-26,104134,0,0
3445,2025-12-26,104574,0,0
3446,2025-12-26,300640,0,0
3447,2025-12-26,300641,0,0
3448,2025-12-26,300646,0,0
3449,2025-12-26,300647,0,0
3450,2025-12-26,300648,0,0
3451,2025-12-26,300722,0,36
3452,2025-12-26,300834,0,0
3453,2025-12-26,301303,0,0
3454,2025-12-26,301304,0,0
3455,2025-12-26,301309,0,0
3456,2025-12-26,301310,0,0
3457,2025-12-26,301797,0,0
3458,2025-12-26,301798,0,0
3459,2025-12-26,301816,0,0
3460,2025-12-26,400398,0,0
3461,2025-12-26,400399,0,0
3462,2025-12-26,400401,0,0
3463,2025-12-26,400478,0,0
3464,2025-12-26,400927,0,0
3465,2025-12-26,400929,0,0
3466,2025-12-26,400935,0,0
3467,2025-12-26,400939,0,0
3468,2025-12-26,400950,0,0
3469,2025-12-26,400951,0,0
3470,2025-12-26,400953,0,0
3471,2025-12-26,401583,0,0
3472,2025-12-26,401763,0,0
3473,2025-12-26,401795,0,0
3474,2025-12-26,401832,0,0
3475,2025-12-26,401883,0,0
3476,2025-12-26,402048,0,0
3477,2025-12-27,101316,0,80
3478,2025-12-27,101318,0,0
3479,2025-12-27,101324,0,0
3480,2025-12-27,101352,0,0
3481,2025-12-27,101353,0,24
3482,2025-12-27,101354,0,0
3483,2025-12-27,101357,0,0
3484,2025-12-27,102003,0,0
3485,2025-12-27,102039,0,0
3486,2025-12-27,102068,0,0
3487,2025-12-27,102353,0,0
3488,2025-12-27,102365,0,0
3489,2025-12-27,102376,0,0
3490,2025-12-27,102708,0,0
3491,2025-12-27,102875,0,0
3492,2025-12-27,102877,0,0
3493,2025-12-27,104046,0,0
3494,2025-12-27,104051,0,0
3495,2025-12-27,104082,0,0
3496,2025-12-27,104083,0,0
3497,2025-12-27,104089,0,0
3498,2025-12-27,104097,0,0
3499,2025-12-27,104098,0,0
3500,2025-12-27,104110,0,0
3501,2025-12-27,104114,0,0
3502,2025-12-27,104115,0,0
3503,2025-12-27,104132,0,0
3504,2025-12-27,104133,0,32
3505,2025-12-27,104134,0,0
3506,2025-12-27,104574,0,0
3507,2025-12-27,300640,0,0
3508,2025-12-27,300641,0,0
3509,2025-12-27,300646,0,0
3510,2025-12-27,300647,0,0
3511,2025-12-27,300648,0,0
3512,2025-12-27,300722,0,36
3513,2025-12-27,300834,0,0
3514,2025-12-27,301303,0,0
3515,2025-12-27,301304,0,0
3516,2025-12-27,301309,0,0
3517,2025-12-27,301310,0,0
3518,2025-12-27,301797,0,0
3519,2025-12-27,301798,0,0
3520,2025-12-27,301816,0,0
3521,2025-12-27,400398,0,0
3522,2025-12-27,400399,0,0
3523,2025-12-27,400401,0,0
3524,2025-12-27,400478,0,0
3525,2025-12-27,400927,0,0
3526,2025-12-27,400929,0,0
3527,2025-12-27,400935,0,0
3528,2025-12-27,400939,0,0
3529,2025-12-27,400950,0,0
3530,2025-12-27,400951,0,0
3531,2025-12-27,400953,0,0
3532,2025-12-27,401583,0,0
3533,2025-12-27,401763,0,0
3534,2025-12-27,401795,0,0
3535,2025-12-27,401832,0,0
3536,2025-12-27,401883,0,0
3537,2025-12-27,402048,0,0
3538,2025-12-28,101316,0,80
3539,2025-12-28,101318,0,0
3540,2025-12-28,101324,0,0
3541,2025-12-28,101352,0,0
3542,2025-12-28,101353,0,24
3543,2025-12-28,101354,0,0
3544,2025-12-28,101357,0,0
3545,2025-12-28,102003,0,0
3546,2025-12-28,102039,0,0
3547,2025-12-28,102068,0,0
3548,2025-12-28,102353,0,0
3549,2025-12-28,102365,0,0
3550,2025-12-28,102376,0,0
3551,2025-12-28,102708,0,0
3552,2025-12-28,102875,0,0
3553,2025-12-28,102877,0,0
3554,2025-12-28,104046,0,0
3555,2025-12-28,104051,0,0
3556,2025-12-28,104082,0,0
3557,2025-12-28,104083,0,0
3558,2025-12-28,104089,0,0
3559,2025-12-28,104097,0,0
3560,2025-12-28,104098,0,0
3561,2025-12-28,104110,0,0
3562,2025-12-28,104114,0,0
3563,2025-12-28,104115,0,0
3564,2025-12-28,104132,0,0
3565,2025-12-28,104133,0,32
3566,2025-12-28,104134,0,0
3567,2025-12-28,104574,0,0
3568,2025-12-28,300640,0,0
3569,2025-12-28,300641,0,0
3570,2025-12-28,300646,0,0
3571,2025-12-28,300647,0,0
3572,2025-12-28,300648,0,0
3573,2025-12-28,300722,0,36
3574,2025-12-28,300834,0,0
3575,2025-12-28,301303,0,0
3576,2025-12-28,301304,0,0
3577,2025-12-28,301309,0,0
3578,2025-12-28,301310,0,0
3579,2025-12-28,301797,0,0
3580,2025-12-28,301798,0,0
3581,2025-12-28,301816,0,0
3582,2025-12-28,400398,0,0
3583,2025-12-28,400399,0,0
3584,2025-12-28,400401,0,0
3585,2025-12-28,400478,0,0
3586,2025-12-28,400927,0,0
3587,2025-12-28,400929,0,0
3588,2025-12-28,400935,0,0
3589,2025-12-28,400939,0,0
3590,2025-12-28,400950,0,0
3591,2025-12-28,400951,0,0
3592,2025-12-28,400953,0,0
3593,2025-12-28,401583,0,0
3594,2025-12-28,401763,0,0
3595,2025-12-28,401795,0,0
3596,2025-12-28,401832,0,0
3597,2025-12-28,401883,0,0
3598,2025-12-28,402048,0,0
3599,2025-12-29,101316,80,0
3600,2025-12-29,101318,0,0
3601,2025-12-29,101324,0,0
3602,2025-12-29,101352,0,0
3603,2025-12-29,101353,24,0
3604,2025-12-29,101354,0,0
3605,2025-12-29,101357,0,0
3606,2025-12-29,102003,0,0
3607,2025-12-29,102039,0,0
3608,2025-12-29,102068,0,0
3609,2025-12-29,102353,0,0
3610,2025-12-29,102365,0,0
3611,2025-12-29,102376,0,0
3612,2025-12-29,102708,0,0
3613,2025-12-29,102875,0,0
3614,2025-12-29,102877,0,0
3615,2025-12-29,104046,0,0
3616,2025-12-29,104051,0,0
3617,2025-12-29,104082,0,0
3618,2025-12-29,104083,0,0
3619,2025-12-29,104089,0,0
3620,2025-12-29,104097,0,0
3621,2025-12-29,104098,0,0
3622,2025-12-29,104110,0,0
3623,2025-12-29,104114,0,0
3624,2025-12-29,104115,0,0
3625,2025-12-29,104132,0,0
3626,2025-12-29,104133,0,32
3627,2025-12-29,104134,0,0
3628,2025-12-29,104574,0,0
3629,2025-12-29,300640,0,0
3630,2025-12-29,300641,0,0
3631,2025-12-29,300646,0,0
3632,2025-12-29,300647,0,0
3633,2025-12-29,300648,0,0
3634,2025-12-29,300722,0,36
3635,2025-12-29,300834,0,0
3636,2025-12-29,301303,0,0
3637,2025-12-29,301304,0,0
3638,2025-12-29,301309,0,0
3639,2025-12-29,301310,0,0
3640,2025-12-29,301797,0,0
3641,2025-12-29,301798,0,0
3642,2025-12-29,301816,0,0
3643,2025-12-29,400398,0,0
3644,2025-12-29,400399,0,0
3645,2025-12-29,400401,0,0
3646,2025-12-29,400478,0,0
3647,2025-12-29,400927,0,0
3648,2025-12-29,400929,0,0
3649,2025-12-29,400935,0,0
3650,2025-12-29,400939,0,0
3651,2025-12-29,400950,0,0
3652,2025-12-29,400951,0,0
3653,2025-12-29,400953,0,0
3654,2025-12-29,401583,0,0
3655,2025-12-29,401763,0,0
3656,2025-12-29,401795,0,0
3657,2025-12-29,401832,0,0
3658,2025-12-29,401883,0,0
3659,2025-12-29,402048,0,0
3660,2025-12-30,101316,0,0
3661,2025-12-30,101318,0,0
3662,2025-12-30,101324,0,0
3663,2025-12-30,101352,0,0
3664,2025-12-30,101353,0,0
3665,2025-12-30,101354,0,0
3666,2025-12-30,101357,0,0
3667,2025-12-30,102003,0,0
3668,2025-12-30,102039,0,0
3669,2025-12-30,102068,0,0
3670,2025-12-30,102353,0,0
3671,2025-12-30,102365,0,0
3672,2025-12-30,102376,0,0
3673,2025-12-30,102708,0,0
3674,2025-12-30,102875,0,0
3675,2025-12-30,102877,0,0
3676,2025-12-30,104046,0,0
3677,2025-12-30,104051,0,0
3678,2025-12-30,104082,0,0
3679,2025-12-30,104083,0,0
3680,2025-12-30,104089,0,0
3681,2025-12-30,104097,0,0
3682,2025-12-30,104098,0,0
3683,2025-12-30,104110,0,0
3684,2025-12-30,104114,0,0
3685,2025-12-30,104115,0,0
3686,2025-12-30,104132,0,0
3687,2025-12-30,104133,32,0
3688,2025-12-30,104134,0,0
3689,2025-12-30,104574,0,0
3690,2025-12-30,300640,0,0
3691,2025-12-30,300641,0,0
3692,2025-12-30,300646,0,0
3693,2025-12-30,300647,0,0
3694,2025-12-30,300648,0,0
3695,2025-12-30,300722,0,36
3696,2025-12-30,300834,0,0
3697,2025-12-30,301303,0,0
3698,2025-12-30,301304,0,0
3699,2025-12-30,301309,0,0
3700,2025-12-30,301310,0,0
3701,2025-12-30,301797,0,0
3702,2025-12-30,301798,0,0
3703,2025-12-30,301816,0,0
3704,2025-12-30,400398,0,0
3705,2025-12-30,400399,0,0
3706,2025-12-30,400401,0,0
3707,2025-12-30,400478,0,0
3708,2025-12-30,400927,0,0
3709,2025-12-30,400929,0,0
3710,2025-12-30,400935,0,0
3711,2025-12-30,400939,0,0
3712,2025-12-30,400950,0,0
3713,2025-12-30,400951,0,0
3714,2025-12-30,400953,0,0
3715,2025-12-30,401583,0,0
3716,2025-12-30,401763,0,0
3717,2025-12-30,401795,0,0
3718,2025-12-30,401832,0,0
3719,2025-12-30,401883,0,0
3720,2025-12-30,402048,0,0
3721,2025-12-31,101316,0,0
3722,2025-12-31,101318,0,0
3723,2025-12-31,101324,0,0
3724,2025-12-31,101352,0,0
3725,2025-12-31,101353,0,0
3726,2025-12-31,101354,0,0
3727,2025-12-31,101357,0,0
3728,2025-12-31,102003,0,0
3729,2025-12-31,102039,0,0
3730,2025-12-31,102068,0,0
3731,2025-12-31,102353,0,0
3732,2025-12-31,102365,0,0
3733,2025-12-31,102376,0,0
3734,2025-12-31,102708,0,0
3735,2025-12-31,102875,0,0
3736,2025-12-31,102877,0,0
3737,2025-12-31,104046,0,0
3738,2025-12-31,104051,0,0
3739,2025-12-31,104082,0,0
3740,2025-12-31,104083,0,0
3741,2025-12-31,104089,0,0
3742,2025-12-31,104097,0,0
3743,2025-12-31,104098,0,0
3744,2025-12-31,104110,0,0
3745,2025-12-31,104114,0,0
3746,2025-12-31,104115,0,20
3747,2025-12-31,104132,0,0
3748,2025-12-31,104133,0,0
3749,2025-12-31,104134,0,0
3750,2025-12-31,104574,0,0
3751,2025-12-31,300640,0,0
3752,2025-12-31,300641,0,0
3753,2025-12-31,300646,0,0
3754,2025-12-31,300647,0,0
3755,2025-12-31,300648,0,0
3756,2025-12-31,300722,0,36
3757,2025-12-31,300834,0,0
3758,2025-12-31,301303,0,0
3759,2025-12-31,301304,0,0
3760,2025-12-31,301309,0,0
3761,2025-12-31,301310,0,0
3762,2025-12-31,301797,0,0
3763,2025-12-31,301798,0,0
3764,2025-12-31,301816,0,0
3765,2025-12-31,400398,0,0
3766,2025-12-31,400399,0,0
3767,2025-12-31,400401,0,0
3768,2025-12-31,400478,0,0
3769,2025-12-31,400927,0,0
3770,2025-12-31,400929,0,0
3771,2025-12-31,400935,0,0
3772,2025-12-31,400939,0,0
3773,2025-12-31,400950,0,0
3774,2025-12-31,400951,0,0
3775,2025-12-31,400953,0,0
3776,2025-12-31,401583,0,0
3777,2025-12-31,401763,0,0
3778,2025-12-31,401795,0,0
3779,2025-12-31,401832,0,0
3780,2025-12-31,401883,0,0
3781,2025-12-31,402048,0,0
3782,2026-01-01,101316,0,0
3783,2026-01-01,101318,0,0
3784,2026-01-01,101324,0,0
3785,2026-01-01,101352,0,0
3786,2026-01-01,101353,0,0
3787,2026-01-01,101354,0,0
3788,2026-01-01,101357,0,0
3789,2026-01-01,102003,0,0
3790,2026-01-01,102039,0,0
3791,2026-01-01,102068,0,0
3792,2026-01-01,102353,0,0
3793,2026-01-01,102365,0,0
3794,2026-01-01,102376,0,0
3795,2026-01-01,102708,0,0
3796,2026-01-01,102875,0,0
3797,2026-01-01,102877,0,0
3798,2026-01-01,104046,0,0
3799,2026-01-01,104051,0,0
3800,2026-01-01,104082,0,0
3801,2026-01-01,104083,0,0
3802,2026-01-01,104089,0,0
3803,2026-01-01,104097,0,0
3804,2026-01-01,104098,0,0
3805,2026-01-01,104110,0,0
3806,2026-01-01,104114,0,0
3807,2026-01-01,104115,0,20
3808,2026-01-01,104132,0,0
3809,2026-01-01,104133,0,0
3810,2026-01-01,104134,0,0
3811,2026-01-01,104574,0,0
3812,2026-01-01,300640,0,0
3813,2026-01-01,300641,0,0
3814,2026-01-01,300646,0,0
3815,2026-01-01,300647,0,0
3816,2026-01-01,300648,0,0
3817,2026-01-01,300722,0,36
3818,2026-01-01,300834,0,0
3819,2026-01-01,301303,0,0
3820,2026-01-01,301304,0,0
3821,2026-01-01,301309,0,0
3822,2026-01-01,301310,0,0
3823,2026-01-01,301797,0,0
3824,2026-01-01,301798,0,0
3825,2026-01-01,301816,0,0
3826,2026-01-01,400398,0,0
3827,2026-01-01,400399,0,0
3828,2026-01-01,400401,0,0
3829,2026-01-01,400478,0,0
3830,2026-01-01,400927,0,0
3831,2026-01-01,400929,0,0
3832,2026-01-01,400935,0,0
3833,2026-01-01,400939,0,0
3834,2026-01-01,400950,0,0
3835,2026-01-01,400951,0,0
3836,2026-01-01,400953,0,0
3837,2026-01-01,401583,0,0
3838,2026-01-01,401763,0,0
3839,2026-01-01,401795,0,0
3840,2026-01-01,401832,0,0
3841,2026-01-01,401883,0,0
3842,2026-01-01,402048,0,0
3843,2026-01-02,101316,0,0
3844,2026-01-02,101318,0,0
3845,2026-01-02,101324,0,0
3846,2026-01-02,101352,0,0
3847,2026-01-02,101353,0,0
3848,2026-01-02,101354,0,0
3849,2026-01-02,101357,0,0
3850,2026-01-02,102003,0,0
3851,2026-01-02,102039,0,0
3852,2026-01-02,102068,0,0
3853,2026-01-02,102353,0,0
3854,2026-01-02,102365,0,0
3855,2026-01-02,102376,0,0
3856,2026-01-02,102708,0,0
3857,2026-01-02,102875,0,0
3858,2026-01-02,102877,0,0
3859,2026-01-02,104046,0,0
3860,2026-01-02,104051,0,0
3861,2026-01-02,104082,0,0
3862,2026-01-02,104083,0,0
3863,2026-01-02,104089,0,0
3864,2026-01-02,104097,0,0
3865,2026-01-02,104098,0,0
3866,2026-01-02,104110,0,0
3867,2026-01-02,104114,0,0
3868,2026-01-02,104115,20,0
3869,2026-01-02,104132,0,0
3870,2026-01-02,104133,0,0
3871,2026-01-02,104134,0,16
3872,2026-01-02,104574,0,0
3873,2026-01-02,300640,0,0
3874,2026-01-02,300641,0,0
3875,2026-01-02,300646,0,0
3876,2026-01-02,300647,0,0
3877,2026-01-02,300648,0,20
3878,2026-01-02,300722,0,36
3879,2026-01-02,300834,0,0
3880,2026-01-02,301303,0,0
3881,2026-01-02,301304,0,0
3882,2026-01-02,301309,0,0
3883,2026-01-02,301310,0,0
3884,2026-01-02,301797,0,0
3885,2026-01-02,301798,0,0
3886,2026-01-02,301816,0,0
3887,2026-01-02,400398,0,0
3888,2026-01-02,400399,0,0
3889,2026-01-02,400401,0,0
3890,2026-01-02,400478,0,0
3891,2026-01-02,400927,0,0
3892,2026-01-02,400929,0,0
3893,2026-01-02,400935,0,0
3894,2026-01-02,400939,0,0
3895,2026-01-02,400950,0,0
3896,2026-01-02,400951,0,15
3897,2026-01-02,400953,0,0
3898,2026-01-02,401583,0,0
3899,2026-01-02,401763,0,0
3900,2026-01-02,401795,0,0
3901,2026-01-02,401832,0,0
3902,2026-01-02,401883,0,0
3903,2026-01-02,402048,0,0
3904,2026-01-03,101316,0,0
3905,2026-01-03,101318,0,0
3906,2026-01-03,101324,0,0
3907,2026-01-03,101352,0,0
3908,2026-01-03,101353,0,0
3909,2026-01-03,101354,0,0
3910,2026-01-03,101357,0,0
3911,2026-01-03,102003,0,0
3912,2026-01-03,102039,0,0
3913,2026-01-03,102068,0,0
3914,2026-01-03,102353,0,0
3915,2026-01-03,102365,0,0
3916,2026-01-03,102376,0,0
3917,2026-01-03,102708,0,0
3918,2026-01-03,102875,0,0
3919,2026-01-03,102877,0,0
3920,2026-01-03,104046,0,0
3921,2026-01-03,104051,0,0
3922,2026-01-03,104082,0,0
3923,2026-01-03,104083,0,0
3924,2026-01-03,104089,0,0
3925,2026-01-03,104097,0,0
3926,2026-01-03,104098,0,0
3927,2026-01-03,104110,0,0
3928,2026-01-03,104114,0,0
3929,2026-01-03,104115,0,0
3930,2026-01-03,104132,0,0
3931,2026-01-03,104133,0,0
3932,2026-01-03,104134,0,16
3933,2026-01-03,104574,0,0
3934,2026-01-03,300640,0,0
3935,2026-01-03,300641,0,0
3936,2026-01-03,300646,0,0
3937,2026-01-03,300647,0,0
3938,2026-01-03,300648,0,20
3939,2026-01-03,300722,0,36
3940,2026-01-03,300834,0,0
3941,2026-01-03,301303,0,0
3942,2026-01-03,301304,0,0
3943,2026-01-03,301309,0,0
3944,2026-01-03,301310,0,0
3945,2026-01-03,301797,0,0
3946,2026-01-03,301798,0,0
3947,2026-01-03,301816,0,0
3948,2026-01-03,400398,0,0
3949,2026-01-03,400399,0,0
3950,2026-01-03,400401,0,0
3951,2026-01-03,400478,0,0
3952,2026-01-03,400927,0,0
3953,2026-01-03,400929,0,0
3954,2026-01-03,400935,0,0
3955,2026-01-03,400939,0,0
3956,2026-01-03,400950,0,0
3957,2026-01-03,400951,0,15
3958,2026-01-03,400953,0,0
3959,2026-01-03,401583,0,0
3960,2026-01-03,401763,0,0
3961,2026-01-03,401795,0,0
3962,2026-01-03,401832,0,0
3963,2026-01-03,401883,0,0
3964,2026-01-03,402048,0,0
3965,2026-01-04,101316,0,0
3966,2026-01-04,101318,0,0
3967,2026-01-04,101324,0,0
3968,2026-01-04,101352,0,0
3969,2026-01-04,101353,0,0
3970,2026-01-04,101354,0,0
3971,2026-01-04,101357,0,0
3972,2026-01-04,102003,0,0
3973,2026-01-04,102039,0,0
3974,2026-01-04,102068,0,0
3975,2026-01-04,102353,0,0
3976,2026-01-04,102365,0,0
3977,2026-01-04,102376,0,0
3978,2026-01-04,102708,0,0
3979,2026-01-04,102875,0,0
3980,2026-01-04,102877,0,0
3981,2026-01-04,104046,0,0
3982,2026-01-04,104051,0,0
3983,2026-01-04,104082,0,0
3984,2026-01-04,104083,0,0
3985,2026-01-04,104089,0,0
3986,2026-01-04,104097,0,0
3987,2026-01-04,104098,0,0
3988,2026-01-04,104110,0,0
3989,2026-01-04,104114,0,0
3990,2026-01-04,104115,0,0
3991,2026-01-04,104132,0,0
3992,2026-01-04,104133,0,0
3993,2026-01-04,104134,16,0
3994,2026-01-04,104574,0,0
3995,2026-01-04,300640,0,0
3996,2026-01-04,300641,0,0
3997,2026-01-04,300646,0,0
3998,2026-01-04,300647,0,0
3999,2026-01-04,300648,20,0
4000,2026-01-04,300722,0,36
4001,2026-01-04,300834,0,0
4002,2026-01-04,301303,0,0
4003,2026-01-04,301304,0,0
4004,2026-01-04,301309,0,0
4005,2026-01-04,301310,0,0
4006,2026-01-04,301797,0,0
4007,2026-01-04,301798,0,0
4008,2026-01-04,301816,0,0
4009,2026-01-04,400398,0,0
4010,2026-01-04,400399,0,0
4011,2026-01-04,400401,0,0
4012,2026-01-04,400478,0,0
4013,2026-01-04,400927,0,0
4014,2026-01-04,400929,0,0
4015,2026-01-04,400935,0,0
4016,2026-01-04,400939,0,0
4017,2026-01-04,400950,0,0
4018,2026-01-04,400951,15,0
4019,2026-01-04,400953,0,0
4020,2026-01-04,401583,0,0
4021,2026-01-04,401763,0,0
4022,2026-01-04,401795,0,0
4023,2026-01-04,401832,0,0
4024,2026-01-04,401883,0,0
4025,2026-01-04,402048,0,0
4026,2026-01-05,101316,0,0
4027,2026-01-05,101318,0,0
4028,2026-01-05,101324,0,0
4029,2026-01-05,101352,0,0
4030,2026-01-05,101353,0,0
4031,2026-01-05,101354,0,0
4032,2026-01-05,101357,0,0
4033,2026-01-05,102003,0,0
4034,2026-01-05,102039,0,0
4035,2026-01-05,102068,0,0
4036,2026-01-05,102353,0,0
4037,2026-01-05,102365,0,0
4038,2026-01-05,102376,0,0
4039,2026-01-05,102708,0,0
4040,2026-01-05,102875,0,0
4041,2026-01-05,102877,0,0
4042,2026-01-05,104046,0,0
4043,2026-01-05,104051,0,0
4044,2026-01-05,104082,0,0
4045,2026-01-05,104083,0,0
4046,2026-01-05,104089,0,0
4047,2026-01-05,104097,0,0
4048,2026-01-05,104098,0,0
4049,2026-01-05,104110,0,0
4050,2026-01-05,104114,0,0
4051,2026-01-05,104115,0,0
4052,2026-01-05,104132,0,0
4053,2026-01-05,104133,0,0
4054,2026-01-05,104134,0,0
4055,2026-01-05,104574,0,0
4056,2026-01-05,300640,0,0
4057,2026-01-05,300641,0,0
4058,2026-01-05,300646,0,0
4059,2026-01-05,300647,0,0
4060,2026-01-05,300648,0,0
4061,2026-01-05,300722,0,36
4062,2026-01-05,300834,0,0
4063,2026-01-05,301303,0,0
4064,2026-01-05,301304,0,0
4065,2026-01-05,301309,0,0
4066,2026-01-05,301310,0,0
4067,2026-01-05,301797,0,0
4068,2026-01-05,301798,0,0
4069,2026-01-05,301816,0,0
4070,2026-01-05,400398,0,0
4071,2026-01-05,400399,0,0
4072,2026-01-05,400401,0,0
4073,2026-01-05,400478,0,0
4074,2026-01-05,400927,0,0
4075,2026-01-05,400929,0,0
4076,2026-01-05,400935,0,0
4077,2026-01-05,400939,0,0
4078,2026-01-05,400950,0,0
4079,2026-01-05,400951,0,0
4080,2026-01-05,400953,0,0
4081,2026-01-05,401583,0,0
4082,2026-01-05,401763,0,0
4083,2026-01-05,401795,0,0
4084,2026-01-05,401832,0,0
4085,2026-01-05,401883,0,0
4086,2026-01-05,402048,0,0
4087,2026-01-06,101316,0,0
4088,2026-01-06,101318,0,0
4089,2026-01-06,101324,0,38
4090,2026-01-06,101352,0,0
4091,2026-01-06,101353,0,0
4092,2026-01-06,101354,0,24
4093,2026-01-06,101357,0,0
4094,2026-01-06,102003,0,0
4095,2026-01-06,102039,0,0
4096,2026-01-06,102068,0,0
4097,2026-01-06,102353,0,0
4098,2026-01-06,102365,0,0
4099,2026-01-06,102376,0,0
4100,2026-01-06,102708,0,0
4101,2026-01-06,102875,0,0
4102,2026-01-06,102877,0,0
4103,2026-01-06,104046,0,0
4104,2026-01-06,104051,0,0
4105,2026-01-06,104082,0,0
4106,2026-01-06,104083,0,0
4107,2026-01-06,104089,0,0
4108,2026-01-06,104097,0,0
4109,2026-01-06,104098,0,0
4110,2026-01-06,104110,0,0
4111,2026-01-06,104114,0,0
4112,2026-01-06,104115,0,0
4113,2026-01-06,104132,0,0
4114,2026-01-06,104133,0,48
4115,2026-01-06,104134,0,0
4116,2026-01-06,104574,0,0
4117,2026-01-06,300640,0,0
4118,2026-01-06,300641,0,0
4119,2026-01-06,300646,0,0
4120,2026-01-06,300647,0,0
4121,2026-01-06,300648,0,0
4122,2026-01-06,300722,0,36
4123,2026-01-06,300834,0,0
4124,2026-01-06,301303,0,0
4125,2026-01-06,301304,0,0
4126,2026-01-06,301309,0,0
4127,2026-01-06,301310,0,0
4128,2026-01-06,301797,0,0
4129,2026-01-06,301798,0,0
4130,2026-01-06,301816,0,0
4131,2026-01-06,400398,0,0
4132,2026-01-06,400399,0,0
4133,2026-01-06,400401,0,0
4134,2026-01-06,400478,0,0
4135,2026-01-06,400927,0,0
4136,2026-01-06,400929,0,0
4137,2026-01-06,400935,0,0
4138,2026-01-06,400939,0,0
4139,2026-01-06,400950,0,0
4140,2026-01-06,400951,0,0
4141,2026-01-06,400953,0,60
4142,2026-01-06,401583,0,0
4143,2026-01-06,401763,0,0
4144,2026-01-06,401795,0,0
4145,2026-01-06,401832,0,0
4146,2026-01-06,401883,0,0
4147,2026-01-06,402048,0,0
4148,2026-01-07,101316,0,0
4149,2026-01-07,101318,0,0
4150,2026-01-07,101324,38,0
4151,2026-01-07,101352,0,0
4152,2026-01-07,101353,0,0
4153,2026-01-07,101354,24,0
4154,2026-01-07,101357,0,0
4155,2026-01-07,102003,0,0
4156,2026-01-07,102039,0,0
4157,2026-01-07,102068,0,0
4158,2026-01-07,102353,0,0
4159,2026-01-07,102365,0,0
4160,2026-01-07,102376,0,0
4161,2026-01-07,102708,0,0
4162,2026-01-07,102875,0,0
4163,2026-01-07,102877,0,0
4164,2026-01-07,104046,0,0
4165,2026-01-07,104051,0,0
4166,2026-01-07,104082,0,0
4167,2026-01-07,104083,0,0
4168,2026-01-07,104089,0,0
4169,2026-01-07,104097,0,0
4170,2026-01-07,104098,0,0
4171,2026-01-07,104110,0,0
4172,2026-01-07,104114,0,0
4173,2026-01-07,104115,0,0
4174,2026-01-07,104132,0,0
4175,2026-01-07,104133,0,48
4176,2026-01-07,104134,0,0
4177,2026-01-07,104574,0,0
4178,2026-01-07,300640,0,0
4179,2026-01-07,300641,0,0
4180,2026-01-07,300646,0,0
4181,2026-01-07,300647,0,0
4182,2026-01-07,300648,0,0
4183,2026-01-07,300722,0,36
4184,2026-01-07,300834,0,0
4185,2026-01-07,301303,0,0
4186,2026-01-07,301304,0,0
4187,2026-01-07,301309,0,0
4188,2026-01-07,301310,0,0
4189,2026-01-07,301797,0,0
4190,2026-01-07,301798,0,0
4191,2026-01-07,301816,0,0
4192,2026-01-07,400398,0,0
4193,2026-01-07,400399,0,0
4194,2026-01-07,400401,0,0
4195,2026-01-07,400478,0,0
4196,2026-01-07,400927,0,0
4197,2026-01-07,400929,0,0
4198,2026-01-07,400935,0,0
4199,2026-01-07,400939,0,0
4200,2026-01-07,400950,0,0
4201,2026-01-07,400951,0,0
4202,2026-01-07,400953,0,60
4203,2026-01-07,401583,0,0
4204,2026-01-07,401763,0,0
4205,2026-01-07,401795,0,0
4206,2026-01-07,401832,0,0
4207,2026-01-07,401883,0,0
4208,2026-01-07,402048,0,0
4209,2026-01-08,101316,0,0
4210,2026-01-08,101318,0,0
4211,2026-01-08,101324,0,0
4212,2026-01-08,101352,0,0
4213,2026-01-08,101353,0,0
4214,2026-01-08,101354,0,0
4215,2026-01-08,101357,0,0
4216,2026-01-08,102003,0,0
4217,2026-01-08,102039,0,0
4218,2026-01-08,102068,0,0
4219,2026-01-08,102353,0,0
4220,2026-01-08,102365,0,0
4221,2026-01-08,102376,0,0
4222,2026-01-08,102708,0,0
4223,2026-01-08,102875,0,0
4224,2026-01-08,102877,0,0
4225,2026-01-08,104046,0,0
4226,2026-01-08,104051,0,0
4227,2026-01-08,104082,0,0
4228,2026-01-08,104083,0,0
4229,2026-01-08,104089,0,0
4230,2026-01-08,104097,0,0
4231,2026-01-08,104098,0,0
4232,2026-01-08,104110,0,0
4233,2026-01-08,104114,0,0
4234,2026-01-08,104115,0,0
4235,2026-01-08,104132,0,0
4236,2026-01-08,104133,0,48
4237,2026-01-08,104134,0,0
4238,2026-01-08,104574,0,0
4239,2026-01-08,300640,0,0
4240,2026-01-08,300641,0,0
4241,2026-01-08,300646,0,0
4242,2026-01-08,300647,0,0
4243,2026-01-08,300648,0,0
4244,2026-01-08,300722,0,36
4245,2026-01-08,300834,0,0
4246,2026-01-08,301303,0,0
4247,2026-01-08,301304,0,0
4248,2026-01-08,301309,0,0
4249,2026-01-08,301310,0,0
4250,2026-01-08,301797,0,0
4251,2026-01-08,301798,0,0
4252,2026-01-08,301816,0,0
4253,2026-01-08,400398,0,0
4254,2026-01-08,400399,0,0
4255,2026-01-08,400401,0,0
4256,2026-01-08,400478,0,0
4257,2026-01-08,400927,0,0
4258,2026-01-08,400929,0,0
4259,2026-01-08,400935,0,0
4260,2026-01-08,400939,0,0
4261,2026-01-08,400950,0,0
4262,2026-01-08,400951,0,0
4263,2026-01-08,400953,0,60
4264,2026-01-08,401583,0,0
4265,2026-01-08,401763,0,0
4266,2026-01-08,401795,0,0
4267,2026-01-08,401832,0,0
4268,2026-01-08,401883,0,0
4269,2026-01-08,402048,0,0
4270,2026-01-09,101316,0,0
4271,2026-01-09,101318,0,0
4272,2026-01-09,101324,0,0
4273,2026-01-09,101352,0,0
4274,2026-01-09,101353,0,0
4275,2026-01-09,101354,0,0
4276,2026-01-09,101357,0,0
4277,2026-01-09,102003,0,0
4278,2026-01-09,102039,0,0
4279,2026-01-09,102068,0,0
4280,2026-01-09,102353,0,0
4281,2026-01-09,102365,0,0
4282,2026-01-09,102376,0,0
4283,2026-01-09,102708,0,0
4284,2026-01-09,102875,0,0
4285,2026-01-09,102877,0,0
4286,2026-01-09,104046,0,0
4287,2026-01-09,104051,0,0
4288,2026-01-09,104082,0,0
4289,2026-01-09,104083,0,0
4290,2026-01-09,104089,0,0
4291,2026-01-09,104097,0,0
4292,2026-01-09,104098,0,0
4293,2026-01-09,104110,0,0
4294,2026-01-09,104114,0,0
4295,2026-01-09,104115,0,0
4296,2026-01-09,104132,0,0
4297,2026-01-09,104133,48,0
4298,2026-01-09,104134,0,0
4299,2026-01-09,104574,0,0
4300,2026-01-09,300640,0,0
4301,2026-01-09,300641,0,0
4302,2026-01-09,300646,0,0
4303,2026-01-09,300647,0,0
4304,2026-01-09,300648,0,0
4305,2026-01-09,300722,0,36
4306,2026-01-09,300834,0,0
4307,2026-01-09,301303,0,0
4308,2026-01-09,301304,0,0
4309,2026-01-09,301309,0,0
4310,2026-01-09,301310,0,0
4311,2026-01-09,301797,0,0
4312,2026-01-09,301798,0,0
4313,2026-01-09,301816,0,0
4314,2026-01-09,400398,0,0
4315,2026-01-09,400399,0,0
4316,2026-01-09,400401,0,0
4317,2026-01-09,400478,0,0
4318,2026-01-09,400927,0,0
4319,2026-01-09,400929,0,0
4320,2026-01-09,400935,0,0
4321,2026-01-09,400939,0,0
4322,2026-01-09,400950,0,0
4323,2026-01-09,400951,0,0
4324,2026-01-09,400953,60,0
4325,2026-01-09,401583,0,0
4326,2026-01-09,401763,0,0
4327,2026-01-09,401795,0,0
4328,2026-01-09,401832,0,0
4329,2026-01-09,401883,0,0
4330,2026-01-09,402048,0,0
4331,2026-01-10,101316,0,0
4332,2026-01-10,101318,0,0
4333,2026-01-10,101324,0,0
4334,2026-01-10,101352,0,0
4335,2026-01-10,101353,0,0
4336,2026-01-10,101354,0,0
4337,2026-01-10,101357,0,0
4338,2026-01-10,102003,0,0
4339,2026-01-10,102039,0,0
4340,2026-01-10,102068,0,0
4341,2026-01-10,102353,0,0
4342,2026-01-10,102365,0,0
4343,2026-01-10,102376,0,0
4344,2026-01-10,102708,0,0
4345,2026-01-10,102875,0,0
4346,2026-01-10,102877,0,0
4347,2026-01-10,104046,0,0
4348,2026-01-10,104051,0,0
4349,2026-01-10,104082,0,0
4350,2026-01-10,104083,0,0
4351,2026-01-10,104089,0,0
4352,2026-01-10,104097,0,0
4353,2026-01-10,104098,0,0
4354,2026-01-10,104110,0,0
4355,2026-01-10,104114,0,0
4356,2026-01-10,104115,0,0
4357,2026-01-10,104132,0,0
4358,2026-01-10,104133,0,0
4359,2026-01-10,104134,0,0
4360,2026-01-10,104574,0,0
4361,2026-01-10,300640,0,0
4362,2026-01-10,300641,0,0
4363,2026-01-10,300646,0,0
4364,2026-01-10,300647,0,0
4365,2026-01-10,300648,0,0
4366,2026-01-10,300722,0,36
4367,2026-01-10,300834,0,0
4368,2026-01-10,301303,0,0
4369,2026-01-10,301304,0,0
4370,2026-01-10,301309,0,0
4371,2026-01-10,301310,0,0
4372,2026-01-10,301797,0,0
4373,2026-01-10,301798,0,0
4374,2026-01-10,301816,0,0
4375,2026-01-10,400398,0,0
4376,2026-01-10,400399,0,0
4377,2026-01-10,400401,0,0
4378,2026-01-10,400478,0,0
4379,2026-01-10,400927,0,0
4380,2026-01-10,400929,0,0
4381,2026-01-10,400935,0,0
4382,2026-01-10,400939,0,0
4383,2026-01-10,400950,0,0
4384,2026-01-10,400951,0,0
4385,2026-01-10,400953,0,0
4386,2026-01-10,401583,0,0
4387,2026-01-10,401763,0,0
4388,2026-01-10,401795,0,0
4389,2026-01-10,401832,0,0
4390,2026-01-10,401883,0,0
4391,2026-01-10,402048,0,0
4392,2026-01-11,101316,0,0
4393,2026-01-11,101318,0,0
4394,2026-01-11,101324,0,0
4395,2026-01-11,101352,0,0
4396,2026-01-11,101353,0,0
4397,2026-01-11,101354,0,0
4398,2026-01-11,101357,0,0
4399,2026-01-11,102003,0,0
4400,2026-01-11,102039,0,0
4401,2026-01-11,102068,0,0
4402,2026-01-11,102353,0,0
4403,2026-01-11,102365,0,0
4404,2026-01-11,102376,0,0
4405,2026-01-11,102708,0,0
4406,2026-01-11,102875,0,0
4407,2026-01-11,102877,0,0
4408,2026-01-11,104046,0,40
4409,2026-01-11,104051,0,0
4410,2026-01-11,104082,0,0
4411,2026-01-11,104083,0,0
4412,2026-01-11,104089,0,0
4413,2026-01-11,104097,0,0
4414,2026-01-11,104098,0,0
4415,2026-01-11,104110,0,0
4416,2026-01-11,104114,0,0
4417,2026-01-11,104115,0,20
4418,2026-01-11,104132,0,0
4419,2026-01-11,104133,0,0
4420,2026-01-11,104134,0,0
4421,2026-01-11,104574,0,0
4422,2026-01-11,300640,0,0
4423,2026-01-11,300641,0,0
4424,2026-01-11,300646,0,0
4425,2026-01-11,300647,0,0
4426,2026-01-11,300648,0,0
4427,2026-01-11,300722,0,36
4428,2026-01-11,300834,0,0
4429,2026-01-11,301303,0,0
4430,2026-01-11,301304,0,0
4431,2026-01-11,301309,0,0
4432,2026-01-11,301310,0,0
4433,2026-01-11,301797,0,0
4434,2026-01-11,301798,0,0
4435,2026-01-11,301816,0,0
4436,2026-01-11,400398,0,0
4437,2026-01-11,400399,0,0
4438,2026-01-11,400401,0,21
4439,2026-01-11,400478,0,0
4440,2026-01-11,400927,0,0
4441,2026-01-11,400929,0,0
4442,2026-01-11,400935,0,0
4443,2026-01-11,400939,0,0
4444,2026-01-11,400950,0,0
4445,2026-01-11,400951,0,0
4446,2026-01-11,400953,0,0
4447,2026-01-11,401583,0,0
4448,2026-01-11,401763,0,0
4449,2026-01-11,401795,0,0
4450,2026-01-11,401832,0,0
4451,2026-01-11,401883,0,0
4452,2026-01-11,402048,0,0
4453,2026-01-12,101316,0,0
4454,2026-01-12,101318,0,0
4455,2026-01-12,101324,0,0
4456,2026-01-12,101352,0,0
4457,2026-01-12,101353,0,0
4458,2026-01-12,101354,0,0
4459,2026-01-12,101357,0,0
4460,2026-01-12,102003,0,0
4461,2026-01-12,102039,0,0
4462,2026-01-12,102068,0,0
4463,2026-01-12,102353,0,0
4464,2026-01-12,102365,0,0
4465,2026-01-12,102376,0,0
4466,2026-01-12,102708,0,0
4467,2026-01-12,102875,0,0
4468,2026-01-12,102877,0,0
4469,2026-01-12,104046,0,40
4470,2026-01-12,104051,0,0
4471,2026-01-12,104082,0,0
4472,2026-01-12,104083,0,0
4473,2026-01-12,104089,0,0
4474,2026-01-12,104097,0,0
4475,2026-01-12,104098,0,0
4476,2026-01-12,104110,0,100
4477,2026-01-12,104114,0,20
4478,2026-01-12,104115,0,20
4479,2026-01-12,104132,0,0
4480,2026-01-12,104133,0,0
4481,2026-01-12,104134,0,0
4482,2026-01-12,104574,0,0
4483,2026-01-12,300640,0,0
4484,2026-01-12,300641,0,0
4485,2026-01-12,300646,0,0
4486,2026-01-12,300647,0,0
4487,2026-01-12,300648,0,0
4488,2026-01-12,300722,0,36
4489,2026-01-12,300834,0,0
4490,2026-01-12,301303,0,0
4491,2026-01-12,301304,0,0
4492,2026-01-12,301309,0,0
4493,2026-01-12,301310,0,0
4494,2026-01-12,301797,0,0
4495,2026-01-12,301798,0,0
4496,2026-01-12,301816,0,0
4497,2026-01-12,400398,0,0
4498,2026-01-12,400399,0,0
4499,2026-01-12,400401,0,21
4500,2026-01-12,400478,0,0
4501,2026-01-12,400927,0,0
4502,2026-01-12,400929,0,0
4503,2026-01-12,400935,0,0
4504,2026-01-12,400939,0,0
4505,2026-01-12,400950,0,0
4506,2026-01-12,400951,0,0
4507,2026-01-12,400953,0,0
4508,2026-01-12,401583,0,0
4509,2026-01-12,401763,0,0
4510,2026-01-12,401795,0,0
4511,2026-01-12,401832,0,0
4512,2026-01-12,401883,0,0
4513,2026-01-12,402048,0,0
4514,2026-01-13,101316,0,0
4515,2026-01-13,101318,0,0
4516,2026-01-13,101324,0,0
4517,2026-01-13,101352,0,0
4518,2026-01-13,101353,0,0
4519,2026-01-13,101354,0,0
4520,2026-01-13,101357,0,0
4521,2026-01-13,102003,0,0
4522,2026-01-13,102039,0,0
4523,2026-01-13,102068,0,0
4524,2026-01-13,102353,0,0
4525,2026-01-13,102365,0,0
4526,2026-01-13,102376,0,0
4527,2026-01-13,102708,0,0
4528,2026-01-13,102875,0,0
4529,2026-01-13,102877,0,0
4530,2026-01-13,104046,0,40
4531,2026-01-13,104051,0,0
4532,2026-01-13,104082,0,0
4533,2026-01-13,104083,0,0
4534,2026-01-13,104089,0,0
4535,2026-01-13,104097,0,0
4536,2026-01-13,104098,0,0
4537,2026-01-13,104110,0,100
4538,2026-01-13,104114,0,20
4539,2026-01-13,104115,0,20
4540,2026-01-13,104132,0,0
4541,2026-01-13,104133,0,0
4542,2026-01-13,104134,0,0
4543,2026-01-13,104574,0,0
4544,2026-01-13,300640,0,0
4545,2026-01-13,300641,0,0
4546,2026-01-13,300646,0,0
4547,2026-01-13,300647,0,0
4548,2026-01-13,300648,0,0
4549,2026-01-13,300722,0,36
4550,2026-01-13,300834,0,0
4551,2026-01-13,301303,0,0
4552,2026-01-13,301304,0,0
4553,2026-01-13,301309,0,0
4554,2026-01-13,301310,0,0
4555,2026-01-13,301797,0,0
4556,2026-01-13,301798,0,0
4557,2026-01-13,301816,0,0
4558,2026-01-13,400398,0,0
4559,2026-01-13,400399,0,0
4560,2026-01-13,400401,0,21
4561,2026-01-13,400478,0,0
4562,2026-01-13,400927,0,0
4563,2026-01-13,400929,0,0
4564,2026-01-13,400935,0,0
4565,2026-01-13,400939,0,0
4566,2026-01-13,400950,0,0
4567,2026-01-13,400951,0,0
4568,2026-01-13,400953,0,0
4569,2026-01-13,401583,0,0
4570,2026-01-13,401763,0,0
4571,2026-01-13,401795,0,0
4572,2026-01-13,401832,0,0
4573,2026-01-13,401883,0,0
4574,2026-01-13,402048,0,0
4575,2026-01-14,101316,0,0
4576,2026-01-14,101318,0,0
4577,2026-01-14,101324,0,0
4578,2026-01-14,101352,0,0
4579,2026-01-14,101353,0,0
4580,2026-01-14,101354,0,0
4581,2026-01-14,101357,0,0
4582,2026-01-14,102003,0,0
4583,2026-01-14,102039,0,0
4584,2026-01-14,102068,0,0
4585,2026-01-14,102353,0,0
4586,2026-01-14,102365,0,0
4587,2026-01-14,102376,0,0
4588,2026-01-14,102708,0,0
4589,2026-01-14,102875,0,0
4590,2026-01-14,102877,0,0
4591,2026-01-14,104046,0,40
4592,2026-01-14,104051,0,0
4593,2026-01-14,104082,0,0
4594,2026-01-14,104083,0,0
4595,2026-01-14,104089,0,0
4596,2026-01-14,104097,0,0
4597,2026-01-14,104098,0,0
4598,2026-01-14,104110,0,100
4599,2026-01-14,104114,0,20
4600,2026-01-14,104115,0,40
4601,2026-01-14,104132,0,0
4602,2026-01-14,104133,0,64
4603,2026-01-14,104134,0,0
4604,2026-01-14,104574,0,0
4605,2026-01-14,300640,0,0
4606,2026-01-14,300641,0,0
4607,2026-01-14,300646,0,0
4608,2026-01-14,300647,0,0
4609,2026-01-14,300648,0,0
4610,2026-01-14,300722,0,36
4611,2026-01-14,300834,0,0
4612,2026-01-14,301303,0,0
4613,2026-01-14,301304,0,0
4614,2026-01-14,301309,0,0
4615,2026-01-14,301310,0,0
4616,2026-01-14,301797,0,0
4617,2026-01-14,301798,0,0
4618,2026-01-14,301816,0,0
4619,2026-01-14,400398,0,0
4620,2026-01-14,400399,0,0
4621,2026-01-14,400401,0,21
4622,2026-01-14,400478,0,0
4623,2026-01-14,400927,0,0
4624,2026-01-14,400929,0,0
4625,2026-01-14,400935,0,0
4626,2026-01-14,400939,0,0
4627,2026-01-14,400950,0,0
4628,2026-01-14,400951,0,0
4629,2026-01-14,400953,0,0
4630,2026-01-14,401583,0,0
4631,2026-01-14,401763,0,0
4632,2026-01-14,401795,0,0
4633,2026-01-14,401832,0,0
4634,2026-01-14,401883,0,0
4635,2026-01-14,402048,0,0
4636,2026-01-15,101316,0,0
4637,2026-01-15,101318,0,0
4638,2026-01-15,101324,0,0
4639,2026-01-15,101352,0,0
4640,2026-01-15,101353,0,0
4641,2026-01-15,101354,0,0
4642,2026-01-15,101357,0,0
4643,2026-01-15,102003,0,0
4644,2026-01-15,102039,0,0
4645,2026-01-15,102068,0,0
4646,2026-01-15,102353,0,0
4647,2026-01-15,102365,0,0
4648,2026-01-15,102376,0,0
4649,2026-01-15,102708,0,0
4650,2026-01-15,102875,0,0
4651,2026-01-15,102877,0,0
4652,2026-01-15,104046,40,0
4653,2026-01-15,104051,0,0
4654,2026-01-15,104082,0,0
4655,2026-01-15,104083,0,0
4656,2026-01-15,104089,0,0
4657,2026-01-15,104097,0,0
4658,2026-01-15,104098,0,0
4659,2026-01-15,104110,100,0
4660,2026-01-15,104114,20,0
4661,2026-01-15,104115,20,20
4662,2026-01-15,104132,0,0
4663,2026-01-15,104133,0,64
4664,2026-01-15,104134,0,0
4665,2026-01-15,104574,0,0
4666,2026-01-15,300640,0,0
4667,2026-01-15,300641,0,0
4668,2026-01-15,300646,0,0
4669,2026-01-15,300647,0,0
4670,2026-01-15,300648,0,0
4671,2026-01-15,300722,36,0
4672,2026-01-15,300834,0,0
4673,2026-01-15,301303,0,0
4674,2026-01-15,301304,0,0
4675,2026-01-15,301309,0,0
4676,2026-01-15,301310,0,0
4677,2026-01-15,301797,0,0
4678,2026-01-15,301798,0,0
4679,2026-01-15,301816,0,0
4680,2026-01-15,400398,0,0
4681,2026-01-15,400399,0,0
4682,2026-01-15,400401,21,0
4683,2026-01-15,400478,0,0
4684,2026-01-15,400927,0,0
4685,2026-01-15,400929,0,0
4686,2026-01-15,400935,0,0
4687,2026-01-15,400939,0,0
4688,2026-01-15,400950,0,0
4689,2026-01-15,400951,0,0
4690,2026-01-15,400953,0,0
4691,2026-01-15,401583,0,0
4692,2026-01-15,401763,0,0
4693,2026-01-15,401795,0,0
4694,2026-01-15,401832,0,0
4695,2026-01-15,401883,0,0
4696,2026-01-15,402048,0,0
4697,2026-01-16,101316,0,0
4698,2026-01-16,101318,0,0
4699,2026-01-16,101324,0,0
4700,2026-01-16,101352,0,0
4701,2026-01-16,101353,0,0
4702,2026-01-16,101354,0,0
4703,2026-01-16,101357,0,24
4704,2026-01-16,102003,0,0
4705,2026-01-16,102039,0,0
4706,2026-01-16,102068,0,0
4707,2026-01-16,102353,0,0
4708,2026-01-16,102365,0,0
4709,2026-01-16,102376,0,0
4710,2026-01-16,102708,0,0
4711,2026-01-16,102875,0,0
4712,2026-01-16,102877,0,0
4713,2026-01-16,104046,0,0
4714,2026-01-16,104051,0,0
4715,2026-01-16,104082,0,0
4716,2026-01-16,104083,0,0
4717,2026-01-16,104089,0,0
4718,2026-01-16,104097,0,0
4719,2026-01-16,104098,0,0
4720,2026-01-16,104110,0,0
4721,2026-01-16,104114,0,0
4722,2026-01-16,104115,0,20
4723,2026-01-16,104132,0,0
4724,2026-01-16,104133,0,64
4725,2026-01-16,104134,0,0
4726,2026-01-16,104574,0,0
4727,2026-01-16,300640,0,0
4728,2026-01-16,300641,0,0
4729,2026-01-16,300646,0,40
4730,2026-01-16,300647,0,0
4731,2026-01-16,300648,0,0
4732,2026-01-16,300722,0,0
4733,2026-01-16,300834,0,0
4734,2026-01-16,301303,0,0
4735,2026-01-16,301304,0,0
4736,2026-01-16,301309,0,50
4737,2026-01-16,301310,0,48
4738,2026-01-16,301797,0,0
4739,2026-01-16,301798,0,0
4740,2026-01-16,301816,0,0
4741,2026-01-16,400398,0,0
4742,2026-01-16,400399,0,52
4743,2026-01-16,400401,0,21
4744,2026-01-16,400478,0,0
4745,2026-01-16,400927,0,0
4746,2026-01-16,400929,0,0
4747,2026-01-16,400935,0,0
4748,2026-01-16,400939,0,0
4749,2026-01-16,400950,0,0
4750,2026-01-16,400951,0,0
4751,2026-01-16,400953,0,0
4752,2026-01-16,401583,0,0
4753,2026-01-16,401763,0,0
4754,2026-01-16,401795,0,0
4755,2026-01-16,401832,0,0
4756,2026-01-16,401883,0,0
4757,2026-01-16,402048,0,0
4758,2026-01-17,101316,0,0
4759,2026-01-17,101318,0,0
4760,2026-01-17,101324,0,0
4761,2026-01-17,101352,0,0
4762,2026-01-17,101353,0,0
4763,2026-01-17,101354,0,0
4764,2026-01-17,101357,24,0
4765,2026-01-17,102003,0,0
4766,2026-01-17,102039,0,0
4767,2026-01-17,102068,0,0
4768,2026-01-17,102353,0,0
4769,2026-01-17,102365,0,0
4770,2026-01-17,102376,0,0
4771,2026-01-17,102708,0,0
4772,2026-01-17,102875,0,0
4773,2026-01-17,102877,0,0
4774,2026-01-17,104046,0,0
4775,2026-01-17,104051,0,0
4776,2026-01-17,104082,0,0
4777,2026-01-17,104083,0,0
4778,2026-01-17,104089,0,0
4779,2026-01-17,104097,0,0
4780,2026-01-17,104098,0,0
4781,2026-01-17,104110,0,0
4782,2026-01-17,104114,0,0
4783,2026-01-17,104115,0,20
4784,2026-01-17,104132,0,0
4785,2026-01-17,104133,48,32
4786,2026-01-17,104134,0,0
4787,2026-01-17,104574,0,0
4788,2026-01-17,300640,0,0
4789,2026-01-17,300641,0,0
4790,2026-01-17,300646,40,0
4791,2026-01-17,300647,0,0
4792,2026-01-17,300648,0,0
4793,2026-01-17,300722,0,0
4794,2026-01-17,300834,0,0
4795,2026-01-17,301303,0,0
4796,2026-01-17,301304,0,0
4797,2026-01-17,301309,50,0
4798,2026-01-17,301310,48,0
4799,2026-01-17,301797,0,0
4800,2026-01-17,301798,0,0
4801,2026-01-17,301816,0,0
4802,2026-01-17,400398,0,0
4803,2026-01-17,400399,52,0
4804,2026-01-17,400401,21,0
4805,2026-01-17,400478,0,0
4806,2026-01-17,400927,0,0
4807,2026-01-17,400929,0,0
4808,2026-01-17,400935,0,0
4809,2026-01-17,400939,0,0
4810,2026-01-17,400950,0,0
4811,2026-01-17,400951,0,0
4812,2026-01-17,400953,0,0
4813,2026-01-17,401583,0,18
4814,2026-01-17,401763,0,0
4815,2026-01-17,401795,0,0
4816,2026-01-17,401832,0,0
4817,2026-01-17,401883,0,0
4818,2026-01-17,402048,0,0
4819,2026-01-18,101316,0,0
4820,2026-01-18,101318,0,0
4821,2026-01-18,101324,0,0
4822,2026-01-18,101352,0,0
4823,2026-01-18,101353,0,0
4824,2026-01-18,101354,0,0
4825,2026-01-18,101357,0,0
4826,2026-01-18,102003,0,0
4827,2026-01-18,102039,0,0
4828,2026-01-18,102068,0,0
4829,2026-01-18,102353,0,0
4830,2026-01-18,102365,0,0
4831,2026-01-18,102376,0,0
4832,2026-01-18,102708,0,0
4833,2026-01-18,102875,0,0
4834,2026-01-18,102877,0,0
4835,2026-01-18,104046,0,0
4836,2026-01-18,104051,0,0
4837,2026-01-18,104082,0,0
4838,2026-01-18,104083,0,0
4839,2026-01-18,104089,0,0
4840,2026-01-18,104097,0,0
4841,2026-01-18,104098,0,0
4842,2026-01-18,104110,0,0
4843,2026-01-18,104114,0,0
4844,2026-01-18,104115,20,0
4845,2026-01-18,104132,0,0
4846,2026-01-18,104133,32,0
4847,2026-01-18,104134,0,0
4848,2026-01-18,104574,0,0
4849,2026-01-18,300640,0,0
4850,2026-01-18,300641,0,0
4851,2026-01-18,300646,0,0
4852,2026-01-18,300647,0,0
4853,2026-01-18,300648,0,0
4854,2026-01-18,300722,0,0
4855,2026-01-18,300834,0,0
4856,2026-01-18,301303,0,0
4857,2026-01-18,301304,0,0
4858,2026-01-18,301309,0,0
4859,2026-01-18,301310,0,0
4860,2026-01-18,301797,0,0
4861,2026-01-18,301798,0,0
4862,2026-01-18,301816,0,0
4863,2026-01-18,400398,0,0
4864,2026-01-18,400399,0,0
4865,2026-01-18,400401,0,0
4866,2026-01-18,400478,0,0
4867,2026-01-18,400927,0,0
4868,2026-01-18,400929,0,0
4869,2026-01-18,400935,0,0
4870,2026-01-18,400939,0,0
4871,2026-01-18,400950,0,0
4872,2026-01-18,400951,0,0
4873,2026-01-18,400953,0,0
4874,2026-01-18,401583,18,0
4875,2026-01-18,401763,0,0
4876,2026-01-18,401795,0,0
4877,2026-01-18,401832,0,0
4878,2026-01-18,401883,0,0
4879,2026-01-18,402048,0,0
4880,2026-01-19,101316,0,0
4881,2026-01-19,101318,0,0
4882,2026-01-19,101324,0,0
4883,2026-01-19,101352,0,0
4884,2026-01-19,101353,0,0
4885,2026-01-19,101354,0,0
4886,2026-01-19,101357,0,0
4887,2026-01-19,102003,0,0
4888,2026-01-19,102039,0,0
4889,2026-01-19,102068,0,0
4890,2026-01-19,102353,0,0
4891,2026-01-19,102365,0,0
4892,2026-01-19,102376,0,23
4893,2026-01-19,102708,0,0
4894,2026-01-19,102875,0,34
4895,2026-01-19,102877,0,34
4896,2026-01-19,104046,0,0
4897,2026-01-19,104051,0,0
4898,2026-01-19,104082,0,0
4899,2026-01-19,104083,0,0
4900,2026-01-19,104089,0,0
4901,2026-01-19,104097,0,0
4902,2026-01-19,104098,0,0
4903,2026-01-19,104110,0,0
4904,2026-01-19,104114,0,0
4905,2026-01-19,104115,0,0
4906,2026-01-19,104132,0,0
4907,2026-01-19,104133,0,0
4908,2026-01-19,104134,0,0
4909,2026-01-19,104574,0,0
4910,2026-01-19,300640,0,0
4911,2026-01-19,300641,0,0
4912,2026-01-19,300646,0,0
4913,2026-01-19,300647,0,0
4914,2026-01-19,300648,0,0
4915,2026-01-19,300722,0,0
4916,2026-01-19,300834,0,0
4917,2026-01-19,301303,0,0
4918,2026-01-19,301304,0,0
4919,2026-01-19,301309,0,0
4920,2026-01-19,301310,0,0
4921,2026-01-19,301797,0,0
4922,2026-01-19,301798,0,0
4923,2026-01-19,301816,0,0
4924,2026-01-19,400398,0,0
4925,2026-01-19,400399,0,0
4926,2026-01-19,400401,0,0
4927,2026-01-19,400478,0,0
4928,2026-01-19,400927,0,0
4929,2026-01-19,400929,0,0
4930,2026-01-19,400935,0,0
4931,2026-01-19,400939,0,0
4932,2026-01-19,400950,0,0
4933,2026-01-19,400951,0,0
4934,2026-01-19,400953,0,0
4935,2026-01-19,401583,0,0
4936,2026-01-19,401763,0,0
4937,2026-01-19,401795,0,0
4938,2026-01-19,401832,0,0
4939,2026-01-19,401883,0,0
4940,2026-01-19,402048,0,0
4941,2026-01-20,101316,0,0
4942,2026-01-20,101318,0,0
4943,2026-01-20,101324,0,0
4944,2026-01-20,101352,0,0
4945,2026-01-20,101353,0,0
4946,2026-01-20,101354,0,0
4947,2026-01-20,101357,0,0
4948,2026-01-20,102003,0,0
4949,2026-01-20,102039,0,0
4950,2026-01-20,102068,0,0
4951,2026-01-20,102353,0,0
4952,2026-01-20,102365,0,0
4953,2026-01-20,102376,23,0
4954,2026-01-20,102708,0,0
4955,2026-01-20,102875,34,0
4956,2026-01-20,102877,34,0
4957,2026-01-20,104046,0,0
4958,2026-01-20,104051,0,0
4959,2026-01-20,104082,0,0
4960,2026-01-20,104083,0,0
4961,2026-01-20,104089,0,0
4962,2026-01-20,104097,0,0
4963,2026-01-20,104098,0,0
4964,2026-01-20,104110,0,0
4965,2026-01-20,104114,0,0
4966,2026-01-20,104115,0,0
4967,2026-01-20,104132,0,0
4968,2026-01-20,104133,0,0
4969,2026-01-20,104134,0,0
4970,2026-01-20,104574,0,0
4971,2026-01-20,300640,0,0
4972,2026-01-20,300641,0,0
4973,2026-01-20,300646,0,0
4974,2026-01-20,300647,0,0
4975,2026-01-20,300648,0,0
4976,2026-01-20,300722,0,0
4977,2026-01-20,300834,0,0
4978,2026-01-20,301303,0,0
4979,2026-01-20,301304,0,0
4980,2026-01-20,301309,0,0
4981,2026-01-20,301310,0,0
4982,2026-01-20,301797,0,0
4983,2026-01-20,301798,0,0
4984,2026-01-20,301816,0,0
4985,2026-01-20,400398,0,0
4986,2026-01-20,400399,0,0
4987,2026-01-20,400401,0,0
4988,2026-01-20,400478,0,0
4989,2026-01-20,400927,0,0
4990,2026-01-20,400929,0,0
4991,2026-01-20,400935,0,0
4992,2026-01-20,400939,0,0
4993,2026-01-20,400950,0,0
4994,2026-01-20,400951,0,0
4995,2026-01-20,400953,0,0
4996,2026-01-20,401583,0,0
4997,2026-01-20,401763,0,0
4998,2026-01-20,401795,0,0
4999,2026-01-20,401832,0,0
5000,2026-01-20,401883,0,0
5001,2026-01-20,402048,0,0
5002,2026-01-21,101316,0,0
5003,2026-01-21,101318,0,0
5004,2026-01-21,101324,0,0
5005,2026-01-21,101352,0,0
5006,2026-01-21,101353,0,0
5007,2026-01-21,101354,0,0
5008,2026-01-21,101357,0,0
5009,2026-01-21,102003,0,0
5010,2026-01-21,102039,0,0
5011,2026-01-21,102068,0,0
5012,2026-01-21,102353,0,0
5013,2026-01-21,102365,0,0
5014,2026-01-21,102376,0,0
5015,2026-01-21,102708,0,0
5016,2026-01-21,102875,0,0
5017,2026-01-21,102877,0,0
5018,2026-01-21,104046,0,0
5019,2026-01-21,104051,0,0
5020,2026-01-21,104082,0,0
5021,2026-01-21,104083,0,0
5022,2026-01-21,104089,0,0
5023,2026-01-21,104097,0,0
5024,2026-01-21,104098,0,0
5025,2026-01-21,104110,0,0
5026,2026-01-21,104114,0,0
5027,2026-01-21,104115,0,0
5028,2026-01-21,104132,0,0
5029,2026-01-21,104133,0,0
5030,2026-01-21,104134,0,0
5031,2026-01-21,104574,0,0
5032,2026-01-21,300640,0,0
5033,2026-01-21,300641,0,0
5034,2026-01-21,300646,0,0
5035,2026-01-21,300647,0,0
5036,2026-01-21,300648,0,0
5037,2026-01-21,300722,0,0
5038,2026-01-21,300834,0,0
5039,2026-01-21,301303,0,0
5040,2026-01-21,301304,0,0
5041,2026-01-21,301309,0,0
5042,2026-01-21,301310,0,0
5043,2026-01-21,301797,0,0
5044,2026-01-21,301798,0,0
5045,2026-01-21,301816,0,0
5046,2026-01-21,400398,0,0
5047,2026-01-21,400399,0,0
5048,2026-01-21,400401,0,0
5049,2026-01-21,400478,0,0
5050,2026-01-21,400927,0,0
5051,2026-01-21,400929,0,0
5052,2026-01-21,400935,0,0
5053,2026-01-21,400939,0,0
5054,2026-01-21,400950,0,0
5055,2026-01-21,400951,0,0
5056,2026-01-21,400953,0,0
5057,2026-01-21,401583,0,0
5058,2026-01-21,401763,0,0
5059,2026-01-21,401795,0,0
5060,2026-01-21,401832,0,0
5061,2026-01-21,401883,0,0
5062,2026-01-21,402048,0,0
5063,2026-01-22,101316,0,0
5064,2026-01-22,101318,0,0
5065,2026-01-22,101324,0,0
5066,2026-01-22,101352,0,0
5067,2026-01-22,101353,0,0
5068,2026-01-22,101354,0,0
5069,2026-01-22,101357,0,0
5070,2026-01-22,102003,0,0
5071,2026-01-22,102039,0,0
5072,2026-01-22,102068,0,0
5073,2026-01-22,102353,0,0
5074,2026-01-22,102365,0,0
5075,2026-01-22,102376,0,0
5076,2026-01-22,102708,0,0
5077,2026-01-22,102875,0,0
5078,2026-01-22,102877,0,0
5079,2026-01-22,104046,0,0
5080,2026-01-22,104051,0,0
5081,2026-01-22,104082,0,31
5082,2026-01-22,104083,0,0
5083,2026-01-22,104089,0,0
5084,2026-01-22,104097,0,0
5085,2026-01-22,104098,0,0
5086,2026-01-22,104110,0,0
5087,2026-01-22,104114,0,0
5088,2026-01-22,104115,0,20
5089,2026-01-22,104132,0,0
5090,2026-01-22,104133,0,0
5091,2026-01-22,104134,0,0
5092,2026-01-22,104574,0,0
5093,2026-01-22,300640,0,0
5094,2026-01-22,300641,0,0
5095,2026-01-22,300646,0,0
5096,2026-01-22,300647,0,0
5097,2026-01-22,300648,0,0
5098,2026-01-22,300722,0,0
5099,2026-01-22,300834,0,0
5100,2026-01-22,301303,0,0
5101,2026-01-22,301304,0,0
5102,2026-01-22,301309,0,0
5103,2026-01-22,301310,0,0
5104,2026-01-22,301797,0,0
5105,2026-01-22,301798,0,0
5106,2026-01-22,301816,0,0
5107,2026-01-22,400398,0,0
5108,2026-01-22,400399,0,0
5109,2026-01-22,400401,0,0
5110,2026-01-22,400478,0,0
5111,2026-01-22,400927,0,0
5112,2026-01-22,400929,0,0
5113,2026-01-22,400935,0,0
5114,2026-01-22,400939,0,0
5115,2026-01-22,400950,0,0
5116,2026-01-22,400951,0,0
5117,2026-01-22,400953,0,0
5118,2026-01-22,401583,0,0
5119,2026-01-22,401763,0,0
5120,2026-01-22,401795,0,0
5121,2026-01-22,401832,0,0
5122,2026-01-22,401883,0,0
5123,2026-01-22,402048,0,0
5124,2026-01-23,101316,0,0
5125,2026-01-23,101318,0,0
5126,2026-01-23,101324,0,0
5127,2026-01-23,101352,0,0
5128,2026-01-23,101353,0,0
5129,2026-01-23,101354,0,0
5130,2026-01-23,101357,0,0
5131,2026-01-23,102003,0,0
5132,2026-01-23,102039,0,0
5133,2026-01-23,102068,0,0
5134,2026-01-23,102353,0,0
5135,2026-01-23,102365,0,0
5136,2026-01-23,102376,0,0
5137,2026-01-23,102708,0,0
5138,2026-01-23,102875,0,0
5139,2026-01-23,102877,0,0
5140,2026-01-23,104046,0,0
5141,2026-01-23,104051,0,0
5142,2026-01-23,104082,31,0
5143,2026-01-23,104083,0,0
5144,2026-01-23,104089,0,0
5145,2026-01-23,104097,0,0
5146,2026-01-23,104098,0,0
5147,2026-01-23,104110,0,0
5148,2026-01-23,104114,0,0
5149,2026-01-23,104115,20,0
5150,2026-01-23,104132,0,0
5151,2026-01-23,104133,0,0
5152,2026-01-23,104134,0,0
5153,2026-01-23,104574,0,0
5154,2026-01-23,300640,0,0
5155,2026-01-23,300641,0,0
5156,2026-01-23,300646,0,0
5157,2026-01-23,300647,0,0
5158,2026-01-23,300648,0,0
5159,2026-01-23,300722,0,0
5160,2026-01-23,300834,0,0
5161,2026-01-23,301303,0,0
5162,2026-01-23,301304,0,0
5163,2026-01-23,301309,0,0
5164,2026-01-23,301310,0,0
5165,2026-01-23,301797,0,0
5166,2026-01-23,301798,0,0
5167,2026-01-23,301816,0,0
5168,2026-01-23,400398,0,0
5169,2026-01-23,400399,0,0
5170,2026-01-23,400401,0,0
5171,2026-01-23,400478,0,0
5172,2026-01-23,400927,0,0
5173,2026-01-23,400929,0,0
5174,2026-01-23,400935,0,0
5175,2026-01-23,400939,0,0
5176,2026-01-23,400950,0,0
5177,2026-01-23,400951,0,0
5178,2026-01-23,400953,0,0
5179,2026-01-23,401583,0,0
5180,2026-01-23,401763,0,0
5181,2026-01-23,401795,0,0
5182,2026-01-23,401832,0,0
5183,2026-01-23,401883,0,0
5184,2026-01-23,402048,0,0
5185,2026-01-24,101316,0,0
5186,2026-01-24,101318,0,0
5187,2026-01-24,101324,0,0
5188,2026-01-24,101352,0,0
5189,2026-01-24,101353,0,0
5190,2026-01-24,101354,0,0
5191,2026-01-24,101357,0,0
5192,2026-01-24,102003,0,0
5193,2026-01-24,102039,0,0
5194,2026-01-24,102068,0,0
5195,2026-01-24,102353,0,0
5196,2026-01-24,102365,0,0
5197,2026-01-24,102376,0,0
5198,2026-01-24,102708,0,0
5199,2026-01-24,102875,0,0
5200,2026-01-24,102877,0,0
5201,2026-01-24,104046,0,0
5202,2026-01-24,104051,0,0
5203,2026-01-24,104082,0,0
5204,2026-01-24,104083,0,0
5205,2026-01-24,104089,0,0
5206,2026-01-24,104097,0,0
5207,2026-01-24,104098,0,0
5208,2026-01-24,104110,0,0
5209,2026-01-24,104114,0,0
5210,2026-01-24,104115,0,0
5211,2026-01-24,104132,0,0
5212,2026-01-24,104133,0,0
5213,2026-01-24,104134,0,0
5214,2026-01-24,104574,0,0
5215,2026-01-24,300640,0,0
5216,2026-01-24,300641,0,0
5217,2026-01-24,300646,0,0
5218,2026-01-24,300647,0,0
5219,2026-01-24,300648,0,0
5220,2026-01-24,300722,0,0
5221,2026-01-24,300834,0,0
5222,2026-01-24,301303,0,0
5223,2026-01-24,301304,0,0
5224,2026-01-24,301309,0,0
5225,2026-01-24,301310,0,0
5226,2026-01-24,301797,0,0
5227,2026-01-24,301798,0,0
5228,2026-01-24,301816,0,0
5229,2026-01-24,400398,0,0
5230,2026-01-24,400399,0,0
5231,2026-01-24,400401,0,0
5232,2026-01-24,400478,0,0
5233,2026-01-24,400927,0,0
5234,2026-01-24,400929,0,0
5235,2026-01-24,400935,0,0
5236,2026-01-24,400939,0,0
5237,2026-01-24,400950,0,0
5238,2026-01-24,400951,0,0
5239,2026-01-24,400953,0,0
5240,2026-01-24,401583,0,0
5241,2026-01-24,401763,0,0
5242,2026-01-24,401795,0,0
5243,2026-01-24,401832,0,0
5244,2026-01-24,401883,0,0
5245,2026-01-24,402048,0,0
5246,2026-01-25,101316,0,0
5247,2026-01-25,101318,0,0
5248,2026-01-25,101324,0,0
5249,2026-01-25,101352,0,0
5250,2026-01-25,101353,0,0
5251,2026-01-25,101354,0,0
5252,2026-01-25,101357,0,0
5253,2026-01-25,102003,0,0
5254,2026-01-25,102039,0,0
5255,2026-01-25,102068,0,0
5256,2026-01-25,102353,0,0
5257,2026-01-25,102365,0,0
5258,2026-01-25,102376,0,0
5259,2026-01-25,102708,0,0
5260,2026-01-25,102875,0,0
5261,2026-01-25,102877,0,0
5262,2026-01-25,104046,0,0
5263,2026-01-25,104051,0,0
5264,2026-01-25,104082,0,0
5265,2026-01-25,104083,0,0
5266,2026-01-25,104089,0,0
5267,2026-01-25,104097,0,0
5268,2026-01-25,104098,0,0
5269,2026-01-25,104110,0,0
5270,2026-01-25,104114,0,0
5271,2026-01-25,104115,0,0
5272,2026-01-25,104132,0,0
5273,2026-01-25,104133,0,0
5274,2026-01-25,104134,0,0
5275,2026-01-25,104574,0,0
5276,2026-01-25,300640,0,0
5277,2026-01-25,300641,0,0
5278,2026-01-25,300646,0,0
5279,2026-01-25,300647,0,0
5280,2026-01-25,300648,0,0
5281,2026-01-25,300722,0,0
5282,2026-01-25,300834,0,0
5283,2026-01-25,301303,0,0
5284,2026-01-25,301304,0,0
5285,2026-01-25,301309,0,0
5286,2026-01-25,301310,0,0
5287,2026-01-25,301797,0,0
5288,2026-01-25,301798,0,0
5289,2026-01-25,301816,0,0
5290,2026-01-25,400398,0,0
5291,2026-01-25,400399,0,0
5292,2026-01-25,400401,0,0
5293,2026-01-25,400478,0,0
5294,2026-01-25,400927,0,0
5295,2026-01-25,400929,0,0
5296,2026-01-25,400935,0,0
5297,2026-01-25,400939,0,0
5298,2026-01-25,400950,0,0
5299,2026-01-25,400951,0,0
5300,2026-01-25,400953,0,0
5301,2026-01-25,401583,0,0
5302,2026-01-25,401763,0,0
5303,2026-01-25,401795,0,0
5304,2026-01-25,401832,0,0
5305,2026-01-25,401883,0,0
5306,2026-01-25,402048,0,0
5307,2026-01-26,101316,0,0
5308,2026-01-26,101318,0,0
5309,2026-01-26,101324,0,0
5310,2026-01-26,101352,0,0
5311,2026-01-26,101353,0,0
5312,2026-01-26,101354,0,0
5313,2026-01-26,101357,0,0
5314,2026-01-26,102003,0,0
5315,2026-01-26,102039,0,0
5316,2026-01-26,102068,0,0
5317,2026-01-26,102353,0,0
5318,2026-01-26,102365,0,0
5319,2026-01-26,102376,0,0
5320,2026-01-26,102708,0,0
5321,2026-01-26,102875,0,0
5322,2026-01-26,102877,0,0
5323,2026-01-26,104046,0,0
5324,2026-01-26,104051,0,0
5325,2026-01-26,104082,0,0
5326,2026-01-26,104083,0,0
5327,2026-01-26,104089,0,0
5328,2026-01-26,104097,0,0
5329,2026-01-26,104098,0,0
5330,2026-01-26,104110,0,0
5331,2026-01-26,104114,0,0
5332,2026-01-26,104115,0,0
5333,2026-01-26,104132,0,0
5334,2026-01-26,104133,0,0
5335,2026-01-26,104134,0,0
5336,2026-01-26,104574,0,0
5337,2026-01-26,300640,0,0
5338,2026-01-26,300641,0,0
5339,2026-01-26,300646,0,0
5340,2026-01-26,300647,0,0
5341,2026-01-26,300648,0,0
5342,2026-01-26,300722,0,0
5343,2026-01-26,300834,0,0
5344,2026-01-26,301303,0,0
5345,2026-01-26,301304,0,0
5346,2026-01-26,301309,0,0
5347,2026-01-26,301310,0,0
5348,2026-01-26,301797,0,0
5349,2026-01-26,301798,0,0
5350,2026-01-26,301816,0,0
5351,2026-01-26,400398,0,0
5352,2026-01-26,400399,0,0
5353,2026-01-26,400401,0,0
5354,2026-01-26,400478,0,0
5355,2026-01-26,400927,0,0
5356,2026-01-26,400929,0,0
5357,2026-01-26,400935,0,0
5358,2026-01-26,400939,0,0
5359,2026-01-26,400950,0,0
5360,2026-01-26,400951,0,0
5361,2026-01-26,400953,0,0
5362,2026-01-26,401583,0,0
5363,2026-01-26,401763,0,0
5364,2026-01-26,401795,0,0
5365,2026-01-26,401832,0,0
5366,2026-01-26,401883,0,0
5367,2026-01-26,402048,0,0
5368,2026-01-27,101316,0,0
5369,2026-01-27,101318,0,0
5370,2026-01-27,101324,0,0
5371,2026-01-27,101352,0,0
5372,2026-01-27,101353,0,0
5373,2026-01-27,101354,0,0
5374,2026-01-27,101357,0,0
5375,2026-01-27,102003,0,0
5376,2026-01-27,102039,0,0
5377,2026-01-27,102068,0,0
5378,2026-01-27,102353,0,0
5379,2026-01-27,102365,0,0
5380,2026-01-27,102376,0,0
5381,2026-01-27,102708,0,0
5382,2026-01-27,102875,0,0
5383,2026-01-27,102877,0,0
5384,2026-01-27,104046,0,0
5385,2026-01-27,104051,0,0
5386,2026-01-27,104082,0,0
5387,2026-01-27,104083,0,0
5388,2026-01-27,104089,0,0
5389,2026-01-27,104097,0,0
5390,2026-01-27,104098,0,0
5391,2026-01-27,104110,0,0
5392,2026-01-27,104114,0,0
5393,2026-01-27,104115,0,0
5394,2026-01-27,104132,0,0
5395,2026-01-27,104133,0,0
5396,2026-01-27,104134,0,0
5397,2026-01-27,104574,0,0
5398,2026-01-27,300640,0,0
5399,2026-01-27,300641,0,0
5400,2026-01-27,300646,0,0
5401,2026-01-27,300647,0,0
5402,2026-01-27,300648,0,0
5403,2026-01-27,300722,0,0
5404,2026-01-27,300834,0,0
5405,2026-01-27,301303,0,0
5406,2026-01-27,301304,0,0
5407,2026-01-27,301309,0,0
5408,2026-01-27,301310,0,0
5409,2026-01-27,301797,0,0
5410,2026-01-27,301798,0,0
5411,2026-01-27,301816,0,0
5412,2026-01-27,400398,0,0
5413,2026-01-27,400399,0,0
5414,2026-01-27,400401,0,0
5415,2026-01-27,400478,0,0
5416,2026-01-27,400927,0,0
5417,2026-01-27,400929,0,0
5418,2026-01-27,400935,0,0
5419,2026-01-27,400939,0,0
5420,2026-01-27,400950,0,0
5421,2026-01-27,400951,0,0
5422,2026-01-27,400953,0,0
5423,2026-01-27,401583,0,0
5424,2026-01-27,401763,0,0
5425,2026-01-27,401795,0,0
5426,2026-01-27,401832,0,0
5427,2026-01-27,401883,0,0
5428,2026-01-27,402048,0,0
5429,2026-01-28,101316,0,0
5430,2026-01-28,101318,0,0
5431,2026-01-28,101324,0,0
5432,2026-01-28,101352,0,0
5433,2026-01-28,101353,0,0
5434,2026-01-28,101354,0,0
5435,2026-01-28,101357,0,0
5436,2026-01-28,102003,0,0
5437,2026-01-28,102039,0,0
5438,2026-01-28,102068,0,0
5439,2026-01-28,102353,0,0
5440,2026-01-28,102365,0,0
5441,2026-01-28,102376,0,0
5442,2026-01-28,102708,0,0
5443,2026-01-28,102875,0,0
5444,2026-01-28,102877,0,0
5445,2026-01-28,104046,0,0
5446,2026-01-28,104051,0,0
5447,2026-01-28,104082,0,0
5448,2026-01-28,104083,0,0
5449,2026-01-28,104089,0,0
5450,2026-01-28,104097,0,0
5451,2026-01-28,104098,0,0
5452,2026-01-28,104110,0,0
5453,2026-01-28,104114,0,0
5454,2026-01-28,104115,0,0
5455,2026-01-28,104132,0,0
5456,2026-01-28,104133,0,0
5457,2026-01-28,104134,0,0
5458,2026-01-28,104574,0,0
5459,2026-01-28,300640,0,0
5460,2026-01-28,300641,0,0
5461,2026-01-28,300646,0,0
5462,2026-01-28,300647,0,0
5463,2026-01-28,300648,0,0
5464,2026-01-28,300722,0,0
5465,2026-01-28,300834,0,0
5466,2026-01-28,301303,0,0
5467,2026-01-28,301304,0,0
5468,2026-01-28,301309,0,0
5469,2026-01-28,301310,0,0
5470,2026-01-28,301797,0,0
5471,2026-01-28,301798,0,0
5472,2026-01-28,301816,0,0
5473,2026-01-28,400398,0,0
5474,2026-01-28,400399,0,0
5475,2026-01-28,400401,0,0
5476,2026-01-28,400478,0,0
5477,2026-01-28,400927,0,0
5478,2026-01-28,400929,0,0
5479,2026-01-28,400935,0,0
5480,2026-01-28,400939,0,0
5481,2026-01-28,400950,0,0
5482,2026-01-28,400951,0,0
5483,2026-01-28,400953,0,0
5484,2026-01-28,401583,0,0
5485,2026-01-28,401763,0,0
5486,2026-01-28,401795,0,0
5487,2026-01-28,401832,0,0
5488,2026-01-28,401883,0,0
5489,2026-01-28,402048,0,0
5490,2026-01-29,101316,0,0
5491,2026-01-29,101318,0,0
5492,2026-01-29,101324,0,0
5493,2026-01-29,101352,0,0
5494,2026-01-29,101353,0,0
5495,2026-01-29,101354,0,0
5496,2026-01-29,101357,0,0
5497,2026-01-29,102003,0,0
5498,2026-01-29,102039,0,0
5499,2026-01-29,102068,0,0
5500,2026-01-29,102353,0,0
5501,2026-01-29,102365,0,0
5502,2026-01-29,102376,0,0
5503,2026-01-29,102708,0,0
5504,2026-01-29,102875,0,0
5505,2026-01-29,102877,0,0
5506,2026-01-29,104046,0,0
5507,2026-01-29,104051,0,0
5508,2026-01-29,104082,0,0
5509,2026-01-29,104083,0,0
5510,2026-01-29,104089,0,0
5511,2026-01-29,104097,0,0
5512,2026-01-29,104098,0,0
5513,2026-01-29,104110,0,0
5514,2026-01-29,104114,0,0
5515,2026-01-29,104115,0,0
5516,2026-01-29,104132,0,0
5517,2026-01-29,104133,0,0
5518,2026-01-29,104134,0,0
5519,2026-01-29,104574,0,0
5520,2026-01-29,300640,0,0
5521,2026-01-29,300641,0,0
5522,2026-01-29,300646,0,0
5523,2026-01-29,300647,0,0
5524,2026-01-29,300648,0,0
5525,2026-01-29,300722,0,0
5526,2026-01-29,300834,0,0
5527,2026-01-29,301303,0,0
5528,2026-01-29,301304,0,0
5529,2026-01-29,301309,0,0
5530,2026-01-29,301310,0,0
5531,2026-01-29,301797,0,0
5532,2026-01-29,301798,0,0
5533,2026-01-29,301816,0,0
5534,2026-01-29,400398,0,0
5535,2026-01-29,400399,0,0
5536,2026-01-29,400401,0,0
5537,2026-01-29,400478,0,0
5538,2026-01-29,400927,0,0
5539,2026-01-29,400929,0,0
5540,2026-01-29,400935,0,0
5541,2026-01-29,400939,0,0
5542,2026-01-29,400950,0,0
5543,2026-01-29,400951,0,0
5544,2026-01-29,400953,0,0
5545,2026-01-29,401583,0,0
5546,2026-01-29,401763,0,0
5547,2026-01-29,401795,0,0
5548,2026-01-29,401832,0,0
5549,2026-01-29,401883,0,0
5550,2026-01-29,402048,0,0
5551,2026-01-30,101316,0,0
5552,2026-01-30,101318,0,0
5553,2026-01-30,101324,0,0
5554,2026-01-30,101352,0,0
5555,2026-01-30,101353,0,0
5556,2026-01-30,101354,0,0
5557,2026-01-30,101357,0,0
5558,2026-01-30,102003,0,0
5559,2026-01-30,102039,0,0
5560,2026-01-30,102068,0,0
5561,2026-01-30,102353,0,0
5562,2026-01-30,102365,0,0
5563,2026-01-30,102376,0,0
5564,2026-01-30,102708,0,0
5565,2026-01-30,102875,0,0
5566,2026-01-30,102877,0,0
5567,2026-01-30,104046,0,0
5568,2026-01-30,104051,0,0
5569,2026-01-30,104082,0,0
5570,2026-01-30,104083,0,0
5571,2026-01-30,104089,0,0
5572,2026-01-30,104097,0,0
5573,2026-01-30,104098,0,0
5574,2026-01-30,104110,0,0
5575,2026-01-30,104114,0,0
5576,2026-01-30,104115,0,0
5577,2026-01-30,104132,0,0
5578,2026-01-30,104133,0,0
5579,2026-01-30,104134,0,0
5580,2026-01-30,104574,0,0
5581,2026-01-30,300640,0,0
5582,2026-01-30,300641,0,0
5583,2026-01-30,300646,0,0
5584,2026-01-30,300647,0,0
5585,2026-01-30,300648,0,0
5586,2026-01-30,300722,0,0
5587,2026-01-30,300834,0,0
5588,2026-01-30,301303,0,0
5589,2026-01-30,301304,0,0
5590,2026-01-30,301309,0,0
5591,2026-01-30,301310,0,0
5592,2026-01-30,301797,0,0
5593,2026-01-30,301798,0,0
5594,2026-01-30,301816,0,0
5595,2026-01-30,400398,0,0
5596,2026-01-30,400399,0,0
5597,2026-01-30,400401,0,0
5598,2026-01-30,400478,0,0
5599,2026-01-30,400927,0,0
5600,2026-01-30,400929,0,0
5601,2026-01-30,400935,0,0
5602,2026-01-30,400939,0,0
5603,2026-01-30,400950,0,0
5604,2026-01-30,400951,0,0
5605,2026-01-30,400953,0,0
5606,2026-01-30,401583,0,0
5607,2026-01-30,401763,0,0
5608,2026-01-30,401795,0,0
5609,2026-01-30,401832,0,0
5610,2026-01-30,401883,0,0
5611,2026-01-30,402048,0,0
5612,2026-01-31,101316,0,0
5613,2026-01-31,101318,0,0
5614,2026-01-31,101324,0,0
5615,2026-01-31,101352,0,0
5616,2026-01-31,101353,0,0
5617,2026-01-31,101354,0,0
5618,2026-01-31,101357,0,0
5619,2026-01-31,102003,0,0
5620,2026-01-31,102039,0,0
5621,2026-01-31,102068,0,0
5622,2026-01-31,102353,0,0
5623,2026-01-31,102365,0,0
5624,2026-01-31,102376,0,0
5625,2026-01-31,102708,0,0
5626,2026-01-31,102875,0,0
5627,2026-01-31,102877,0,0
5628,2026-01-31,104046,0,0
5629,2026-01-31,104051,0,0
5630,2026-01-31,104082,0,0
5631,2026-01-31,104083,0,0
5632,2026-01-31,104089,0,0
5633,2026-01-31,104097,0,0
5634,2026-01-31,104098,0,0
5635,2026-01-31,104110,0,0
5636,2026-01-31,104114,0,0
5637,2026-01-31,104115,0,0
5638,2026-01-31,104132,0,0
5639,2026-01-31,104133,0,0
5640,2026-01-31,104134,0,0
5641,2026-01-31,104574,0,0
5642,2026-01-31,300640,0,0
5643,2026-01-31,300641,0,0
5644,2026-01-31,300646,0,0
5645,2026-01-31,300647,0,0
5646,2026-01-31,300648,0,0
5647,2026-01-31,300722,0,0
5648,2026-01-31,300834,0,0
5649,2026-01-31,301303,0,0
5650,2026-01-31,301304,0,0
5651,2026-01-31,301309,0,0
5652,2026-01-31,301310,0,0
5653,2026-01-31,301797,0,0
5654,2026-01-31,301798,0,0
5655,2026-01-31,301816,0,0
5656,2026-01-31,400398,0,0
5657,2026-01-31,400399,0,0
5658,2026-01-31,400401,0,0
5659,2026-01-31,400478,0,0
5660,2026-01-31,400927,0,0
5661,2026-01-31,400929,0,0
5662,2026-01-31,400935,0,0
5663,2026-01-31,400939,0,0
5664,2026-01-31,400950,0,0
5665,2026-01-31,400951,0,0
5666,2026-01-31,400953,0,0
5667,2026-01-31,401583,0,0
5668,2026-01-31,401763,0,0
5669,2026-01-31,401795,0,0
5670,2026-01-31,401832,0,0
5671,2026-01-31,401883,0,0
5672,2026-01-31,402048,0,0
5673,2026-02-01,101316,0,0
5674,2026-02-01,101318,0,0
5675,2026-02-01,101324,0,0
5676,2026-02-01,101352,0,0
5677,2026-02-01,101353,0,0
5678,2026-02-01,101354,0,0
5679,2026-02-01,101357,0,0
5680,2026-02-01,102003,0,0
5681,2026-02-01,102039,0,0
5682,2026-02-01,102068,0,0
5683,2026-02-01,102353,0,0
5684,2026-02-01,102365,0,0
5685,2026-02-01,102376,0,0
5686,2026-02-01,102708,0,0
5687,2026-02-01,102875,0,0
5688,2026-02-01,102877,0,0
5689,2026-02-01,104046,0,0
5690,2026-02-01,104051,0,0
5691,2026-02-01,104082,0,0
5692,2026-02-01,104083,0,0
5693,2026-02-01,104089,0,0
5694,2026-02-01,104097,0,0
5695,2026-02-01,104098,0,0
5696,2026-02-01,104110,0,0
5697,2026-02-01,104114,0,0
5698,2026-02-01,104115,0,0
5699,2026-02-01,104132,0,0
5700,2026-02-01,104133,0,0
5701,2026-02-01,104134,0,0
5702,2026-02-01,104574,0,0
5703,2026-02-01,300640,0,0
5704,2026-02-01,300641,0,0
5705,2026-02-01,300646,0,0
5706,2026-02-01,300647,0,0
5707,2026-02-01,300648,0,0
5708,2026-02-01,300722,0,0
5709,2026-02-01,300834,0,0
5710,2026-02-01,301303,0,0
5711,2026-02-01,301304,0,0
5712,2026-02-01,301309,0,0
5713,2026-02-01,301310,0,0
5714,2026-02-01,301797,0,0
5715,2026-02-01,301798,0,0
5716,2026-02-01,301816,0,0
5717,2026-02-01,400398,0,0
5718,2026-02-01,400399,0,0
5719,2026-02-01,400401,0,0
5720,2026-02-01,400478,0,0
5721,2026-02-01,400927,0,0
5722,2026-02-01,400929,0,0
5723,2026-02-01,400935,0,0
5724,2026-02-01,400939,0,0
5725,2026-02-01,400950,0,0
5726,2026-02-01,400951,0,0
5727,2026-02-01,400953,0,0
5728,2026-02-01,401583,0,0
5729,2026-02-01,401763,0,0
5730,2026-02-01,401795,0,0
5731,2026-02-01,401832,0,0
5732,2026-02-01,401883,0,0
5733,2026-02-01,402048,0,0
5734,2026-02-02,101316,0,0
5735,2026-02-02,101318,0,0
5736,2026-02-02,101324,0,0
5737,2026-02-02,101352,0,0
5738,2026-02-02,101353,0,0
5739,2026-02-02,101354,0,0
5740,2026-02-02,101357,0,0
5741,2026-02-02,102003,0,0
5742,2026-02-02,102039,0,0
5743,2026-02-02,102068,0,0
5744,2026-02-02,102353,0,0
5745,2026-02-02,102365,0,0
5746,2026-02-02,102376,0,0
5747,2026-02-02,102708,0,0
5748,2026-02-02,102875,0,0
5749,2026-02-02,102877,0,0
5750,2026-02-02,104046,0,0
5751,2026-02-02,104051,0,0
5752,2026-02-02,104082,0,0
5753,2026-02-02,104083,0,0
5754,2026-02-02,104089,0,0
5755,2026-02-02,104097,0,0
5756,2026-02-02,104098,0,0
5757,2026-02-02,104110,0,0
5758,2026-02-02,104114,0,0
5759,2026-02-02,104115,0,0
5760,2026-02-02,104132,0,0
5761,2026-02-02,104133,0,0
5762,2026-02-02,104134,0,0
5763,2026-02-02,104574,0,0
5764,2026-02-02,300640,0,0
5765,2026-02-02,300641,0,0
5766,2026-02-02,300646,0,0
5767,2026-02-02,300647,0,0
5768,2026-02-02,300648,0,0
5769,2026-02-02,300722,0,0
5770,2026-02-02,300834,0,0
5771,2026-02-02,301303,0,0
5772,2026-02-02,301304,0,0
5773,2026-02-02,301309,0,0
5774,2026-02-02,301310,0,0
5775,2026-02-02,301797,0,0
5776,2026-02-02,301798,0,0
5777,2026-02-02,301816,0,0
5778,2026-02-02,400398,0,0
5779,2026-02-02,400399,0,0
5780,2026-02-02,400401,0,0
5781,2026-02-02,400478,0,0
5782,2026-02-02,400927,0,0
5783,2026-02-02,400929,0,0
5784,2026-02-02,400935,0,0
5785,2026-02-02,400939,0,0
5786,2026-02-02,400950,0,0
5787,2026-02-02,400951,0,0
5788,2026-02-02,400953,0,0
5789,2026-02-02,401583,0,0
5790,2026-02-02,401763,0,0
5791,2026-02-02,401795,0,0
5792,2026-02-02,401832,0,0
5793,2026-02-02,401883,0,0
5794,2026-02-02,402048,0,0
5795,2026-02-03,101316,0,0
5796,2026-02-03,101318,0,0
5797,2026-02-03,101324,0,0
5798,2026-02-03,101352,0,0
5799,2026-02-03,101353,0,0
5800,2026-02-03,101354,0,0
5801,2026-02-03,101357,0,0
5802,2026-02-03,102003,0,0
5803,2026-02-03,102039,0,0
5804,2026-02-03,102068,0,0
5805,2026-02-03,102353,0,0
5806,2026-02-03,102365,0,0
5807,2026-02-03,102376,0,0
5808,2026-02-03,102708,0,0
5809,2026-02-03,102875,0,0
5810,2026-02-03,102877,0,0
5811,2026-02-03,104046,0,0
5812,2026-02-03,104051,0,0
5813,2026-02-03,104082,0,0
5814,2026-02-03,104083,0,0
5815,2026-02-03,104089,0,0
5816,2026-02-03,104097,0,0
5817,2026-02-03,104098,0,0
5818,2026-02-03,104110,0,0
5819,2026-02-03,104114,0,0
5820,2026-02-03,104115,0,0
5821,2026-02-03,104132,0,0
5822,2026-02-03,104133,0,0
5823,2026-02-03,104134,0,0
5824,2026-02-03,104574,0,0
5825,2026-02-03,300640,0,0
5826,2026-02-03,300641,0,0
5827,2026-02-03,300646,0,0
5828,2026-02-03,300647,0,0
5829,2026-02-03,300648,0,0
5830,2026-02-03,300722,0,0
5831,2026-02-03,300834,0,0
5832,2026-02-03,301303,0,0
5833,2026-02-03,301304,0,0
5834,2026-02-03,301309,0,0
5835,2026-02-03,301310,0,0
5836,2026-02-03,301797,0,0
5837,2026-02-03,301798,0,0
5838,2026-02-03,301816,0,0
5839,2026-02-03,400398,0,0
5840,2026-02-03,400399,0,0
5841,2026-02-03,400401,0,0
5842,2026-02-03,400478,0,0
5843,2026-02-03,400927,0,0
5844,2026-02-03,400929,0,0
5845,2026-02-03,400935,0,0
5846,2026-02-03,400939,0,0
5847,2026-02-03,400950,0,0
5848,2026-02-03,400951,0,0
5849,2026-02-03,400953,0,0
5850,2026-02-03,401583,0,0
5851,2026-02-03,401763,0,0
5852,2026-02-03,401795,0,0
5853,2026-02-03,401832,0,0
5854,2026-02-03,401883,0,0
5855,2026-02-03,402048,0,0
5856,2026-02-04,101316,0,0
5857,2026-02-04,101318,0,0
5858,2026-02-04,101324,0,0
5859,2026-02-04,101352,0,0
5860,2026-02-04,101353,0,0
5861,2026-02-04,101354,0,0
5862,2026-02-04,101357,0,0
5863,2026-02-04,102003,0,0
5864,2026-02-04,102039,0,0
5865,2026-02-04,102068,0,0
5866,2026-02-04,102353,0,0
5867,2026-02-04,102365,0,0
5868,2026-02-04,102376,0,0
5869,2026-02-04,102708,0,0
5870,2026-02-04,102875,0,0
5871,2026-02-04,102877,0,0
5872,2026-02-04,104046,0,0
5873,2026-02-04,104051,0,0
5874,2026-02-04,104082,0,0
5875,2026-02-04,104083,0,0
5876,2026-02-04,104089,0,0
5877,2026-02-04,104097,0,0
5878,2026-02-04,104098,0,0
5879,2026-02-04,104110,0,0
5880,2026-02-04,104114,0,0
5881,2026-02-04,104115,0,0
5882,2026-02-04,104132,0,0
5883,2026-02-04,104133,0,0
5884,2026-02-04,104134,0,0
5885,2026-02-04,104574,0,0
5886,2026-02-04,300640,0,0
5887,2026-02-04,300641,0,0
5888,2026-02-04,300646,0,0
5889,2026-02-04,300647,0,0
5890,2026-02-04,300648,0,0
5891,2026-02-04,300722,0,0
5892,2026-02-04,300834,0,0
5893,2026-02-04,301303,0,0
5894,2026-02-04,301304,0,0
5895,2026-02-04,301309,0,0
5896,2026-02-04,301310,0,0
5897,2026-02-04,301797,0,0
5898,2026-02-04,301798,0,0
5899,2026-02-04,301816,0,0
5900,2026-02-04,400398,0,0
5901,2026-02-04,400399,0,0
5902,2026-02-04,400401,0,0
5903,2026-02-04,400478,0,0
5904,2026-02-04,400927,0,0
5905,2026-02-04,400929,0,0
5906,2026-02-04,400935,0,0
5907,2026-02-04,400939,0,0
5908,2026-02-04,400950,0,0
5909,2026-02-04,400951,0,0
5910,2026-02-04,400953,0,0
5911,2026-02-04,401583,0,0
5912,2026-02-04,401763,0,0
5913,2026-02-04,401795,0,0
5914,2026-02-04,401832,0,0
5915,2026-02-04,401883,0,0
5916,2026-02-04,402048,0,0
5917,2026-02-05,101316,0,0
5918,2026-02-05,101318,0,0
5919,2026-02-05,101324,0,0
5920,2026-02-05,101352,0,0
5921,2026-02-05,101353,0,0
5922,2026-02-05,101354,0,0
5923,2026-02-05,101357,0,0
5924,2026-02-05,102003,0,0
5925,2026-02-05,102039,0,0
5926,2026-02-05,102068,0,0
5927,2026-02-05,102353,0,0
5928,2026-02-05,102365,0,0
5929,2026-02-05,102376,0,0
5930,2026-02-05,102708,0,0
5931,2026-02-05,102875,0,0
5932,2026-02-05,102877,0,0
5933,2026-02-05,104046,0,0
5934,2026-02-05,104051,0,0
5935,2026-02-05,104082,0,0
5936,2026-02-05,104083,0,0
5937,2026-02-05,104089,0,0
5938,2026-02-05,104097,0,0
5939,2026-02-05,104098,0,0
5940,2026-02-05,104110,0,0
5941,2026-02-05,104114,0,0
5942,2026-02-05,104115,0,0
5943,2026-02-05,104132,0,0
5944,2026-02-05,104133,0,0
5945,2026-02-05,104134,0,0
5946,2026-02-05,104574,0,0
5947,2026-02-05,300640,0,0
5948,2026-02-05,300641,0,0
5949,2026-02-05,300646,0,0
5950,2026-02-05,300647,0,0
5951,2026-02-05,300648,0,0
5952,2026-02-05,300722,0,0
5953,2026-02-05,300834,0,0
5954,2026-02-05,301303,0,0
5955,2026-02-05,301304,0,0
5956,2026-02-05,301309,0,0
5957,2026-02-05,301310,0,0
5958,2026-02-05,301797,0,0
5959,2026-02-05,301798,0,0
5960,2026-02-05,301816,0,0
5961,2026-02-05,400398,0,0
5962,2026-02-05,400399,0,0
5963,2026-02-05,400401,0,0
5964,2026-02-05,400478,0,0
5965,2026-02-05,400927,0,0
5966,2026-02-05,400929,0,0
5967,2026-02-05,400935,0,0
5968,2026-02-05,400939,0,0
5969,2026-02-05,400950,0,0
5970,2026-02-05,400951,0,0
5971,2026-02-05,400953,0,0
5972,2026-02-05,401583,0,0
5973,2026-02-05,401763,0,0
5974,2026-02-05,401795,0,0
5975,2026-02-05,401832,0,0
5976,2026-02-05,401883,0,0
5977,2026-02-05,402048,0,0
5978,2026-02-06,101316,0,0
5979,2026-02-06,101318,0,0
5980,2026-02-06,101324,0,0
5981,2026-02-06,101352,0,0
5982,2026-02-06,101353,0,0
5983,2026-02-06,101354,0,0
5984,2026-02-06,101357,0,0
5985,2026-02-06,102003,0,0
5986,2026-02-06,102039,0,0
5987,2026-02-06,102068,0,0
5988,2026-02-06,102353,0,0
5989,2026-02-06,102365,0,0
5990,2026-02-06,102376,0,0
5991,2026-02-06,102708,0,0
5992,2026-02-06,102875,0,0
5993,2026-02-06,102877,0,0
5994,2026-02-06,104046,0,0
5995,2026-02-06,104051,0,0
5996,2026-02-06,104082,0,0
5997,2026-02-06,104083,0,0
5998,2026-02-06,104089,0,0
5999,2026-02-06,104097,0,0
6000,2026-02-06,104098,0,0
6001,2026-02-06,104110,0,0
6002,2026-02-06,104114,0,0
6003,2026-02-06,104115,0,0
6004,2026-02-06,104132,0,0
6005,2026-02-06,104133,0,0
6006,2026-02-06,104134,0,0
6007,2026-02-06,104574,0,0
6008,2026-02-06,300640,0,0
6009,2026-02-06,300641,0,0
6010,2026-02-06,300646,0,0
6011,2026-02-06,300647,0,0
6012,2026-02-06,300648,0,0
6013,2026-02-06,300722,0,0
6014,2026-02-06,300834,0,0
6015,2026-02-06,301303,0,0
6016,2026-02-06,301304,0,0
6017,2026-02-06,301309,0,0
6018,2026-02-06,301310,0,0
6019,2026-02-06,301797,0,0
6020,2026-02-06,301798,0,0
6021,2026-02-06,301816,0,0
6022,2026-02-06,400398,0,0
6023,2026-02-06,400399,0,0
6024,2026-02-06,400401,0,0
6025,2026-02-06,400478,0,0
6026,2026-02-06,400927,0,0
6027,2026-02-06,400929,0,0
6028,2026-02-06,400935,0,0
6029,2026-02-06,400939,0,0
6030,2026-02-06,400950,0,0
6031,2026-02-06,400951,0,0
6032,2026-02-06,400953,0,0
6033,2026-02-06,401583,0,0
6034,2026-02-06,401763,0,0
6035,2026-02-06,401795,0,0
6036,2026-02-06,401832,0,0
6037,2026-02-06,401883,0,0
6038,2026-02-06,402048,0,0
6039,2026-02-07,101316,0,0
6040,2026-02-07,101318,0,0
6041,2026-02-07,101324,0,0
6042,2026-02-07,101352,0,0
6043,2026-02-07,101353,0,0
6044,2026-02-07,101354,0,0
6045,2026-02-07,101357,0,0
6046,2026-02-07,102003,0,0
6047,2026-02-07,102039,0,0
6048,2026-02-07,102068,0,0
6049,2026-02-07,102353,0,0
6050,2026-02-07,102365,0,0
6051,2026-02-07,102376,0,0
6052,2026-02-07,102708,0,0
6053,2026-02-07,102875,0,0
6054,2026-02-07,102877,0,0
6055,2026-02-07,104046,0,0
6056,2026-02-07,104051,0,0
6057,2026-02-07,104082,0,0
6058,2026-02-07,104083,0,0
6059,2026-02-07,104089,0,0
6060,2026-02-07,104097,0,0
6061,2026-02-07,104098,0,0
6062,2026-02-07,104110,0,0
6063,2026-02-07,104114,0,0
6064,2026-02-07,104115,0,0
6065,2026-02-07,104132,0,0
6066,2026-02-07,104133,0,0
6067,2026-02-07,104134,0,0
6068,2026-02-07,104574,0,0
6069,2026-02-07,300640,0,0
6070,2026-02-07,300641,0,0
6071,2026-02-07,300646,0,0
6072,2026-02-07,300647,0,0
6073,2026-02-07,300648,0,0
6074,2026-02-07,300722,0,0
6075,2026-02-07,300834,0,0
6076,2026-02-07,301303,0,0
6077,2026-02-07,301304,0,0
6078,2026-02-07,301309,0,0
6079,2026-02-07,301310,0,0
6080,2026-02-07,301797,0,0
6081,2026-02-07,301798,0,0
6082,2026-02-07,301816,0,0
6083,2026-02-07,400398,0,0
6084,2026-02-07,400399,0,0
6085,2026-02-07,400401,0,0
6086,2026-02-07,400478,0,0
6087,2026-02-07,400927,0,0
6088,2026-02-07,400929,0,0
6089,2026-02-07,400935,0,0
6090,2026-02-07,400939,0,0
6091,2026-02-07,400950,0,0
6092,2026-02-07,400951,0,0
6093,2026-02-07,400953,0,0
6094,2026-02-07,401583,0,0
6095,2026-02-07,401763,0,0
6096,2026-02-07,401795,0,0
6097,2026-02-07,401832,0,0
6098,2026-02-07,401883,0,0
6099,2026-02-07,402048,0,0
6100,2026-02-08,101316,0,0
6101,2026-02-08,101318,0,0
6102,2026-02-08,101324,0,0
6103,2026-02-08,101352,0,0
6104,2026-02-08,101353,0,0
6105,2026-02-08,101354,0,0
6106,2026-02-08,101357,0,0
6107,2026-02-08,102003,0,0
6108,2026-02-08,102039,0,0
6109,2026-02-08,102068,0,0
6110,2026-02-08,102353,0,0
6111,2026-02-08,102365,0,0
6112,2026-02-08,102376,0,0
6113,2026-02-08,102708,0,0
6114,2026-02-08,102875,0,0
6115,2026-02-08,102877,0,0
6116,2026-02-08,104046,0,0
6117,2026-02-08,104051,0,0
6118,2026-02-08,104082,0,0
6119,2026-02-08,104083,0,0
6120,2026-02-08,104089,0,0
6121,2026-02-08,104097,0,0
6122,2026-02-08,104098,0,0
6123,2026-02-08,104110,0,0
6124,2026-02-08,104114,0,0
6125,2026-02-08,104115,0,0
6126,2026-02-08,104132,0,0
6127,2026-02-08,104133,0,0
6128,2026-02-08,104134,0,0
6129,2026-02-08,104574,0,0
6130,2026-02-08,300640,0,0
6131,2026-02-08,300641,0,0
6132,2026-02-08,300646,0,0
6133,2026-02-08,300647,0,0
6134,2026-02-08,300648,0,0
6135,2026-02-08,300722,0,0
6136,2026-02-08,300834,0,0
6137,2026-02-08,301303,0,0
6138,2026-02-08,301304,0,0
6139,2026-02-08,301309,0,0
6140,2026-02-08,301310,0,0
6141,2026-02-08,301797,0,0
6142,2026-02-08,301798,0,0
6143,2026-02-08,301816,0,0
6144,2026-02-08,400398,0,0
6145,2026-02-08,400399,0,0
6146,2026-02-08,400401,0,0
6147,2026-02-08,400478,0,0
6148,2026-02-08,400927,0,0
6149,2026-02-08,400929,0,0
6150,2026-02-08,400935,0,0
6151,2026-02-08,400939,0,0
6152,2026-02-08,400950,0,0
6153,2026-02-08,400951,0,0
6154,2026-02-08,400953,0,0
6155,2026-02-08,401583,0,0
6156,2026-02-08,401763,0,0
6157,2026-02-08,401795,0,0
6158,2026-02-08,401832,0,0
6159,2026-02-08,401883,0,0
6160,2026-02-08,402048,0,0
6161,2026-02-09,101316,0,0
6162,2026-02-09,101318,0,0
6163,2026-02-09,101324,0,0
6164,2026-02-09,101352,0,0
6165,2026-02-09,101353,0,0
6166,2026-02-09,101354,0,0
6167,2026-02-09,101357,0,0
6168,2026-02-09,102003,0,0
6169,2026-02-09,102039,0,0
6170,2026-02-09,102068,0,0
6171,2026-02-09,102353,0,0
6172,2026-02-09,102365,0,0
6173,2026-02-09,102376,0,0
6174,2026-02-09,102708,0,0
6175,2026-02-09,102875,0,0
6176,2026-02-09,102877,0,0
6177,2026-02-09,104046,0,0
6178,2026-02-09,104051,0,0
6179,2026-02-09,104082,0,0
6180,2026-02-09,104083,0,0
6181,2026-02-09,104089,0,0
6182,2026-02-09,104097,0,0
6183,2026-02-09,104098,0,0
6184,2026-02-09,104110,0,0
6185,2026-02-09,104114,0,0
6186,2026-02-09,104115,0,0
6187,2026-02-09,104132,0,0
6188,2026-02-09,104133,0,0
6189,2026-02-09,104134,0,0
6190,2026-02-09,104574,0,0
6191,2026-02-09,300640,0,0
6192,2026-02-09,300641,0,0
6193,2026-02-09,300646,0,0
6194,2026-02-09,300647,0,0
6195,2026-02-09,300648,0,0
6196,2026-02-09,300722,0,0
6197,2026-02-09,300834,0,0
6198,2026-02-09,301303,0,0
6199,2026-02-09,301304,0,0
6200,2026-02-09,301309,0,0
6201,2026-02-09,301310,0,0
6202,2026-02-09,301797,0,0
6203,2026-02-09,301798,0,0
6204,2026-02-09,301816,0,0
6205,2026-02-09,400398,0,0
6206,2026-02-09,400399,0,0
6207,2026-02-09,400401,0,0
6208,2026-02-09,400478,0,0
6209,2026-02-09,400927,0,0
6210,2026-02-09,400929,0,0
6211,2026-02-09,400935,0,0
6212,2026-02-09,400939,0,0
6213,2026-02-09,400950,0,0
6214,2026-02-09,400951,0,0
6215,2026-02-09,400953,0,0
6216,2026-02-09,401583,0,0
6217,2026-02-09,401763,0,0
6218,2026-02-09,401795,0,0
6219,2026-02-09,401832,0,0
6220,2026-02-09,401883,0,0
6221,2026-02-09,402048,0,0
6222,2026-02-10,101316,0,0
6223,2026-02-10,101318,0,0
6224,2026-02-10,101324,0,0
6225,2026-02-10,101352,0,0
6226,2026-02-10,101353,0,0
6227,2026-02-10,101354,0,0
6228,2026-02-10,101357,0,0
6229,2026-02-10,102003,0,0
6230,2026-02-10,102039,0,0
6231,2026-02-10,102068,0,0
6232,2026-02-10,102353,0,0
6233,2026-02-10,102365,0,0
6234,2026-02-10,102376,0,0
6235,2026-02-10,102708,0,0
6236,2026-02-10,102875,0,0
6237,2026-02-10,102877,0,0
6238,2026-02-10,104046,0,0
6239,2026-02-10,104051,0,0
6240,2026-02-10,104082,0,0
6241,2026-02-10,104083,0,0
6242,2026-02-10,104089,0,0
6243,2026-02-10,104097,0,0
6244,2026-02-10,104098,0,0
6245,2026-02-10,104110,0,0
6246,2026-02-10,104114,0,0
6247,2026-02-10,104115,0,0
6248,2026-02-10,104132,0,0
6249,2026-02-10,104133,0,0
6250,2026-02-10,104134,0,0
6251,2026-02-10,104574,0,0
6252,2026-02-10,300640,0,0
6253,2026-02-10,300641,0,0
6254,2026-02-10,300646,0,0
6255,2026-02-10,300647,0,0
6256,2026-02-10,300648,0,0
6257,2026-02-10,300722,0,0
6258,2026-02-10,300834,0,0
6259,2026-02-10,301303,0,0
6260,2026-02-10,301304,0,0
6261,2026-02-10,301309,0,0
6262,2026-02-10,301310,0,0
6263,2026-02-10,301797,0,0
6264,2026-02-10,301798,0,0
6265,2026-02-10,301816,0,0
6266,2026-02-10,400398,0,0
6267,2026-02-10,400399,0,0
6268,2026-02-10,400401,0,0
6269,2026-02-10,400478,0,0
6270,2026-02-10,400927,0,0
6271,2026-02-10,400929,0,0
6272,2026-02-10,400935,0,0
6273,2026-02-10,400939,0,0
6274,2026-02-10,400950,0,0
6275,2026-02-10,400951,0,0
6276,2026-02-10,400953,0,0
6277,2026-02-10,401583,0,0
6278,2026-02-10,401763,0,0
6279,2026-02-10,401795,0,0
6280,2026-02-10,401832,0,0
6281,2026-02-10,401883,0,0
6282,2026-02-10,402048,0,0
6283,2026-02-11,101316,0,0
6284,2026-02-11,101318,0,0
6285,2026-02-11,101324,0,0
6286,2026-02-11,101352,0,0
6287,2026-02-11,101353,0,0
6288,2026-02-11,101354,0,0
6289,2026-02-11,101357,0,0
6290,2026-02-11,102003,0,0
6291,2026-02-11,102039,0,0
6292,2026-02-11,102068,0,0
6293,2026-02-11,102353,0,0
6294,2026-02-11,102365,0,0
6295,2026-02-11,102376,0,0
6296,2026-02-11,102708,0,0
6297,2026-02-11,102875,0,0
6298,2026-02-11,102877,0,0
6299,2026-02-11,104046,0,0
6300,2026-02-11,104051,0,0
6301,2026-02-11,104082,0,0
6302,2026-02-11,104083,0,0
6303,2026-02-11,104089,0,0
6304,2026-02-11,104097,0,0
6305,2026-02-11,104098,0,0
6306,2026-02-11,104110,0,0
6307,2026-02-11,104114,0,0
6308,2026-02-11,104115,0,0
6309,2026-02-11,104132,0,0
6310,2026-02-11,104133,0,0
6311,2026-02-11,104134,0,0
6312,2026-02-11,104574,0,0
6313,2026-02-11,300640,0,0
6314,2026-02-11,300641,0,0
6315,2026-02-11,300646,0,0
6316,2026-02-11,300647,0,0
6317,2026-02-11,300648,0,0
6318,2026-02-11,300722,0,0
6319,2026-02-11,300834,0,0
6320,2026-02-11,301303,0,0
6321,2026-02-11,301304,0,0
6322,2026-02-11,301309,0,0
6323,2026-02-11,301310,0,0
6324,2026-02-11,301797,0,0
6325,2026-02-11,301798,0,0
6326,2026-02-11,301816,0,0
6327,2026-02-11,400398,0,0
6328,2026-02-11,400399,0,0
6329,2026-02-11,400401,0,0
6330,2026-02-11,400478,0,0
6331,2026-02-11,400927,0,0
6332,2026-02-11,400929,0,0
6333,2026-02-11,400935,0,0
6334,2026-02-11,400939,0,0
6335,2026-02-11,400950,0,0
6336,2026-02-11,400951,0,0
6337,2026-02-11,400953,0,0
6338,2026-02-11,401583,0,0
6339,2026-02-11,401763,0,0
6340,2026-02-11,401795,0,0
6341,2026-02-11,401832,0,0
6342,2026-02-11,401883,0,0
6343,2026-02-11,402048,0,0
6344,2026-02-12,101316,0,0
6345,2026-02-12,101318,0,0
6346,2026-02-12,101324,0,0
6347,2026-02-12,101352,0,0
6348,2026-02-12,101353,0,0
6349,2026-02-12,101354,0,0
6350,2026-02-12,101357,0,0
6351,2026-02-12,102003,0,0
6352,2026-02-12,102039,0,0
6353,2026-02-12,102068,0,0
6354,2026-02-12,102353,0,0
6355,2026-02-12,102365,0,0
6356,2026-02-12,102376,0,0
6357,2026-02-12,102708,0,0
6358,2026-02-12,102875,0,0
6359,2026-02-12,102877,0,0
6360,2026-02-12,104046,0,0
6361,2026-02-12,104051,0,0
6362,2026-02-12,104082,0,0
6363,2026-02-12,104083,0,0
6364,2026-02-12,104089,0,0
6365,2026-02-12,104097,0,0
6366,2026-02-12,104098,0,0
6367,2026-02-12,104110,0,0
6368,2026-02-12,104114,0,0
6369,2026-02-12,104115,0,0
6370,2026-02-12,104132,0,0
6371,2026-02-12,104133,0,0
6372,2026-02-12,104134,0,0
6373,2026-02-12,104574,0,0
6374,2026-02-12,300640,0,0
6375,2026-02-12,300641,0,0
6376,2026-02-12,300646,0,0
6377,2026-02-12,300647,0,0
6378,2026-02-12,300648,0,0
6379,2026-02-12,300722,0,0
6380,2026-02-12,300834,0,0
6381,2026-02-12,301303,0,0
6382,2026-02-12,301304,0,0
6383,2026-02-12,301309,0,0
6384,2026-02-12,301310,0,0
6385,2026-02-12,301797,0,0
6386,2026-02-12,301798,0,0
6387,2026-02-12,301816,0,0
6388,2026-02-12,400398,0,0
6389,2026-02-12,400399,0,0
6390,2026-02-12,400401,0,0
6391,2026-02-12,400478,0,0
6392,2026-02-12,400927,0,0
6393,2026-02-12,400929,0,0
6394,2026-02-12,400935,0,0
6395,2026-02-12,400939,0,0
6396,2026-02-12,400950,0,0
6397,2026-02-12,400951,0,0
6398,2026-02-12,400953,0,0
6399,2026-02-12,401583,0,0
6400,2026-02-12,401763,0,0
6401,2026-02-12,401795,0,0
6402,2026-02-12,401832,0,0
6403,2026-02-12,401883,0,0
6404,2026-02-12,402048,0,0
6405,2026-02-13,101316,0,0
6406,2026-02-13,101318,0,0
6407,2026-02-13,101324,0,0
6408,2026-02-13,101352,0,0
6409,2026-02-13,101353,0,0
6410,2026-02-13,101354,0,0
6411,2026-02-13,101357,0,0
6412,2026-02-13,102003,0,0
6413,2026-02-13,102039,0,0
6414,2026-02-13,102068,0,0
6415,2026-02-13,102353,0,0
6416,2026-02-13,102365,0,0
6417,2026-02-13,102376,0,0
6418,2026-02-13,102708,0,0
6419,2026-02-13,102875,0,0
6420,2026-02-13,102877,0,0
6421,2026-02-13,104046,0,0
6422,2026-02-13,104051,0,0
6423,2026-02-13,104082,0,0
6424,2026-02-13,104083,0,0
6425,2026-02-13,104089,0,0
6426,2026-02-13,104097,0,0
6427,2026-02-13,104098,0,0
6428,2026-02-13,104110,0,0
6429,2026-02-13,104114,0,0
6430,2026-02-13,104115,0,0
6431,2026-02-13,104132,0,0
6432,2026-02-13,104133,0,0
6433,2026-02-13,104134,0,0
6434,2026-02-13,104574,0,0
6435,2026-02-13,300640,0,0
6436,2026-02-13,300641,0,0
6437,2026-02-13,300646,0,0
6438,2026-02-13,300647,0,0
6439,2026-02-13,300648,0,0
6440,2026-02-13,300722,0,0
6441,2026-02-13,300834,0,0
6442,2026-02-13,301303,0,0
6443,2026-02-13,301304,0,0
6444,2026-02-13,301309,0,0
6445,2026-02-13,301310,0,0
6446,2026-02-13,301797,0,0
6447,2026-02-13,301798,0,0
6448,2026-02-13,301816,0,0
6449,2026-02-13,400398,0,0
6450,2026-02-13,400399,0,0
6451,2026-02-13,400401,0,0
6452,2026-02-13,400478,0,0
6453,2026-02-13,400927,0,0
6454,2026-02-13,400929,0,0
6455,2026-02-13,400935,0,0
6456,2026-02-13,400939,0,0
6457,2026-02-13,400950,0,0
6458,2026-02-13,400951,0,0
6459,2026-02-13,400953,0,0
6460,2026-02-13,401583,0,0
6461,2026-02-13,401763,0,0
6462,2026-02-13,401795,0,0
6463,2026-02-13,401832,0,0
6464,2026-02-13,401883,0,0
6465,2026-02-13,402048,0,0
6466,2026-02-14,101316,0,0
6467,2026-02-14,101318,0,0
6468,2026-02-14,101324,0,0
6469,2026-02-14,101352,0,0
6470,2026-02-14,101353,0,0
6471,2026-02-14,101354,0,0
6472,2026-02-14,101357,0,0
6473,2026-02-14,102003,0,0
6474,2026-02-14,102039,0,0
6475,2026-02-14,102068,0,0
6476,2026-02-14,102353,0,0
6477,2026-02-14,102365,0,0
6478,2026-02-14,102376,0,0
6479,2026-02-14,102708,0,0
6480,2026-02-14,102875,0,0
6481,2026-02-14,102877,0,0
6482,2026-02-14,104046,0,0
6483,2026-02-14,104051,0,0
6484,2026-02-14,104082,0,0
6485,2026-02-14,104083,0,0
6486,2026-02-14,104089,0,0
6487,2026-02-14,104097,0,0
6488,2026-02-14,104098,0,0
6489,2026-02-14,104110,0,0
6490,2026-02-14,104114,0,0
6491,2026-02-14,104115,0,0
6492,2026-02-14,104132,0,0
6493,2026-02-14,104133,0,0
6494,2026-02-14,104134,0,0
6495,2026-02-14,104574,0,0
6496,2026-02-14,300640,0,0
6497,2026-02-14,300641,0,0
6498,2026-02-14,300646,0,0
6499,2026-02-14,300647,0,0
6500,2026-02-14,300648,0,0
6501,2026-02-14,300722,0,0
6502,2026-02-14,300834,0,0
6503,2026-02-14,301303,0,0
6504,2026-02-14,301304,0,0
6505,2026-02-14,301309,0,0
6506,2026-02-14,301310,0,0
6507,2026-02-14,301797,0,0
6508,2026-02-14,301798,0,0
6509,2026-02-14,301816,0,0
6510,2026-02-14,400398,0,0
6511,2026-02-14,400399,0,0
6512,2026-02-14,400401,0,0
6513,2026-02-14,400478,0,0
6514,2026-02-14,400927,0,0
6515,2026-02-14,400929,0,0
6516,2026-02-14,400935,0,0
6517,2026-02-14,400939,0,0
6518,2026-02-14,400950,0,0
6519,2026-02-14,400951,0,0
6520,2026-02-14,400953,0,0
6521,2026-02-14,401583,0,0
6522,2026-02-14,401763,0,0
6523,2026-02-14,401795,0,0
6524,2026-02-14,401832,0,0
6525,2026-02-14,401883,0,0
6526,2026-02-14,402048,0,0
6527,2026-02-15,101316,0,0
6528,2026-02-15,101318,0,0
6529,2026-02-15,101324,0,0
6530,2026-02-15,101352,0,0
6531,2026-02-15,101353,0,0
6532,2026-02-15,101354,0,0
6533,2026-02-15,101357,0,0
6534,2026-02-15,102003,0,0
6535,2026-02-15,102039,0,0
6536,2026-02-15,102068,0,0
6537,2026-02-15,102353,0,0
6538,2026-02-15,102365,0,0
6539,2026-02-15,102376,0,0
6540,2026-02-15,102708,0,0
6541,2026-02-15,102875,0,0
6542,2026-02-15,102877,0,0
6543,2026-02-15,104046,0,0
6544,2026-02-15,104051,0,0
6545,2026-02-15,104082,0,0
6546,2026-02-15,104083,0,0
6547,2026-02-15,104089,0,0
6548,2026-02-15,104097,0,0
6549,2026-02-15,104098,0,0
6550,2026-02-15,104110,0,0
6551,2026-02-15,104114,0,0
6552,2026-02-15,104115,0,0
6553,2026-02-15,104132,0,0
6554,2026-02-15,104133,0,0
6555,2026-02-15,104134,0,0
6556,2026-02-15,104574,0,0
6557,2026-02-15,300640,0,0
6558,2026-02-15,300641,0,0
6559,2026-02-15,300646,0,0
6560,2026-02-15,300647,0,0
6561,2026-02-15,300648,0,0
6562,2026-02-15,300722,0,0
6563,2026-02-15,300834,0,0
6564,2026-02-15,301303,0,0
6565,2026-02-15,301304,0,0
6566,2026-02-15,301309,0,0
6567,2026-02-15,301310,0,0
6568,2026-02-15,301797,0,0
6569,2026-02-15,301798,0,0
6570,2026-02-15,301816,0,0
6571,2026-02-15,400398,0,0
6572,2026-02-15,400399,0,0
6573,2026-02-15,400401,0,0
6574,2026-02-15,400478,0,0
6575,2026-02-15,400927,0,0
6576,2026-02-15,400929,0,0
6577,2026-02-15,400935,0,0
6578,2026-02-15,400939,0,0
6579,2026-02-15,400950,0,0
6580,2026-02-15,400951,0,0
6581,2026-02-15,400953,0,0
6582,2026-02-15,401583,0,0
6583,2026-02-15,401763,0,0
6584,2026-02-15,401795,0,0
6585,2026-02-15,401832,0,0
6586,2026-02-15,401883,0,0
6587,2026-02-15,402048,0,0
6588,2026-02-16,101316,0,0
6589,2026-02-16,101318,0,0
6590,2026-02-16,101324,0,0
6591,2026-02-16,101352,0,0
6592,2026-02-16,101353,0,0
6593,2026-02-16,101354,0,0
6594,2026-02-16,101357,0,0
6595,2026-02-16,102003,0,0
6596,2026-02-16,102039,0,0
6597,2026-02-16,102068,0,0
6598,2026-02-16,102353,0,0
6599,2026-02-16,102365,0,0
6600,2026-02-16,102376,0,0
6601,2026-02-16,102708,0,0
6602,2026-02-16,102875,0,0
6603,2026-02-16,102877,0,0
6604,2026-02-16,104046,0,0
6605,2026-02-16,104051,0,0
6606,2026-02-16,104082,0,0
6607,2026-02-16,104083,0,0
6608,2026-02-16,104089,0,0
6609,2026-02-16,104097,0,0
6610,2026-02-16,104098,0,0
6611,2026-02-16,104110,0,0
6612,2026-02-16,104114,0,0
6613,2026-02-16,104115,0,0
6614,2026-02-16,104132,0,0
6615,2026-02-16,104133,0,0
6616,2026-02-16,104134,0,0
6617,2026-02-16,104574,0,0
6618,2026-02-16,300640,0,0
6619,2026-02-16,300641,0,0
6620,2026-02-16,300646,0,0
6621,2026-02-16,300647,0,0
6622,2026-02-16,300648,0,0
6623,2026-02-16,300722,0,0
6624,2026-02-16,300834,0,0
6625,2026-02-16,301303,0,0
6626,2026-02-16,301304,0,0
6627,2026-02-16,301309,0,0
6628,2026-02-16,301310,0,0
6629,2026-02-16,301797,0,0
6630,2026-02-16,301798,0,0
6631,2026-02-16,301816,0,0
6632,2026-02-16,400398,0,0
6633,2026-02-16,400399,0,0
6634,2026-02-16,400401,0,0
6635,2026-02-16,400478,0,0
6636,2026-02-16,400927,0,0
6637,2026-02-16,400929,0,0
6638,2026-02-16,400935,0,0
6639,2026-02-16,400939,0,0
6640,2026-02-16,400950,0,0
6641,2026-02-16,400951,0,0
6642,2026-02-16,400953,0,0
6643,2026-02-16,401583,0,0
6644,2026-02-16,401763,0,0
6645,2026-02-16,401795,0,0
6646,2026-02-16,401832,0,0
6647,2026-02-16,401883,0,0
6648,2026-02-16,402048,0,0
6649,2026-02-17,101316,0,0
6650,2026-02-17,101318,0,0
6651,2026-02-17,101324,0,0
6652,2026-02-17,101352,0,0
6653,2026-02-17,101353,0,0
6654,2026-02-17,101354,0,0
6655,2026-02-17,101357,0,0
6656,2026-02-17,102003,0,0
6657,2026-02-17,102039,0,0
6658,2026-02-17,102068,0,0
6659,2026-02-17,102353,0,0
6660,2026-02-17,102365,0,0
6661,2026-02-17,102376,0,0
6662,2026-02-17,102708,0,0
6663,2026-02-17,102875,0,0
6664,2026-02-17,102877,0,0
6665,2026-02-17,104046,0,0
6666,2026-02-17,104051,0,0
6667,2026-02-17,104082,0,0
6668,2026-02-17,104083,0,0
6669,2026-02-17,104089,0,0
6670,2026-02-17,104097,0,0
6671,2026-02-17,104098,0,0
6672,2026-02-17,104110,0,0
6673,2026-02-17,104114,0,0
6674,2026-02-17,104115,0,0
6675,2026-02-17,104132,0,0
6676,2026-02-17,104133,0,0
6677,2026-02-17,104134,0,0
6678,2026-02-17,104574,0,0
6679,2026-02-17,300640,0,0
6680,2026-02-17,300641,0,0
6681,2026-02-17,300646,0,0
6682,2026-02-17,300647,0,0
6683,2026-02-17,300648,0,0
6684,2026-02-17,300722,0,0
6685,2026-02-17,300834,0,0
6686,2026-02-17,301303,0,0
6687,2026-02-17,301304,0,0
6688,2026-02-17,301309,0,0
6689,2026-02-17,301310,0,0
6690,2026-02-17,301797,0,0
6691,2026-02-17,301798,0,0
6692,2026-02-17,301816,0,0
6693,2026-02-17,400398,0,0
6694,2026-02-17,400399,0,0
6695,2026-02-17,400401,0,0
6696,2026-02-17,400478,0,0
6697,2026-02-17,400927,0,0
6698,2026-02-17,400929,0,0
6699,2026-02-17,400935,0,0
6700,2026-02-17,400939,0,0
6701,2026-02-17,400950,0,0
6702,2026-02-17,400951,0,0
6703,2026-02-17,400953,0,0
6704,2026-02-17,401583,0,0
6705,2026-02-17,401763,0,0
6706,2026-02-17,401795,0,0
6707,2026-02-17,401832,0,0
6708,2026-02-17,401883,0,0
6709,2026-02-17,402048,0,0
6710,2026-02-18,101316,0,0
6711,2026-02-18,101318,0,0
6712,2026-02-18,101324,0,0
6713,2026-02-18,101352,0,0
6714,2026-02-18,101353,0,0
6715,2026-02-18,101354,0,0
6716,2026-02-18,101357,0,0
6717,2026-02-18,102003,0,0
6718,2026-02-18,102039,0,0
6719,2026-02-18,102068,0,0
6720,2026-02-18,102353,0,0
6721,2026-02-18,102365,0,0
6722,2026-02-18,102376,0,0
6723,2026-02-18,102708,0,0
6724,2026-02-18,102875,0,0
6725,2026-02-18,102877,0,0
6726,2026-02-18,104046,0,0
6727,2026-02-18,104051,0,0
6728,2026-02-18,104082,0,0
6729,2026-02-18,104083,0,0
6730,2026-02-18,104089,0,0
6731,2026-02-18,104097,0,0
6732,2026-02-18,104098,0,0
6733,2026-02-18,104110,0,0
6734,2026-02-18,104114,0,0
6735,2026-02-18,104115,0,0
6736,2026-02-18,104132,0,0
6737,2026-02-18,104133,0,0
6738,2026-02-18,104134,0,0
6739,2026-02-18,104574,0,0
6740,2026-02-18,300640,0,0
6741,2026-02-18,300641,0,0
6742,2026-02-18,300646,0,0
6743,2026-02-18,300647,0,0
6744,2026-02-18,300648,0,0
6745,2026-02-18,300722,0,0
6746,2026-02-18,300834,0,0
6747,2026-02-18,301303,0,0
6748,2026-02-18,301304,0,0
6749,2026-02-18,301309,0,0
6750,2026-02-18,301310,0,0
6751,2026-02-18,301797,0,0
6752,2026-02-18,301798,0,0
6753,2026-02-18,301816,0,0
6754,2026-02-18,400398,0,0
6755,2026-02-18,400399,0,0
6756,2026-02-18,400401,0,0
6757,2026-02-18,400478,0,0
6758,2026-02-18,400927,0,0
6759,2026-02-18,400929,0,0
6760,2026-02-18,400935,0,0
6761,2026-02-18,400939,0,0
6762,2026-02-18,400950,0,0
6763,2026-02-18,400951,0,0
6764,2026-02-18,400953,0,0
6765,2026-02-18,401583,0,0
6766,2026-02-18,401763,0,0
6767,2026-02-18,401795,0,0
6768,2026-02-18,401832,0,0
6769,2026-02-18,401883,0,0
6770,2026-02-18,402048,0,0
6771,2026-02-19,101316,0,0
6772,2026-02-19,101318,0,0
6773,2026-02-19,101324,0,0
6774,2026-02-19,101352,0,0
6775,2026-02-19,101353,0,0
6776,2026-02-19,101354,0,0
6777,2026-02-19,101357,0,0
6778,2026-02-19,102003,0,0
6779,2026-02-19,102039,0,0
6780,2026-02-19,102068,0,0
6781,2026-02-19,102353,0,0
6782,2026-02-19,102365,0,0
6783,2026-02-19,102376,0,0
6784,2026-02-19,102708,0,0
6785,2026-02-19,102875,0,0
6786,2026-02-19,102877,0,0
6787,2026-02-19,104046,0,0
6788,2026-02-19,104051,0,0
6789,2026-02-19,104082,0,0
6790,2026-02-19,104083,0,0
6791,2026-02-19,104089,0,0
6792,2026-02-19,104097,0,0
6793,2026-02-19,104098,0,0
6794,2026-02-19,104110,0,0
6795,2026-02-19,104114,0,0
6796,2026-02-19,104115,0,0
6797,2026-02-19,104132,0,0
6798,2026-02-19,104133,0,0
6799,2026-02-19,104134,0,0
6800,2026-02-19,104574,0,0
6801,2026-02-19,300640,0,0
6802,2026-02-19,300641,0,0
6803,2026-02-19,300646,0,0
6804,2026-02-19,300647,0,0
6805,2026-02-19,300648,0,0
6806,2026-02-19,300722,0,0
6807,2026-02-19,300834,0,0
6808,2026-02-19,301303,0,0
6809,2026-02-19,301304,0,0
6810,2026-02-19,301309,0,0
6811,2026-02-19,301310,0,0
6812,2026-02-19,301797,0,0
6813,2026-02-19,301798,0,0
6814,2026-02-19,301816,0,0
6815,2026-02-19,400398,0,0
6816,2026-02-19,400399,0,0
6817,2026-02-19,400401,0,0
6818,2026-02-19,400478,0,0
6819,2026-02-19,400927,0,0
6820,2026-02-19,400929,0,0
6821,2026-02-19,400935,0,0
6822,2026-02-19,400939,0,0
6823,2026-02-19,400950,0,0
6824,2026-02-19,400951,0,0
6825,2026-02-19,400953,0,0
6826,2026-02-19,401583,0,0
6827,2026-02-19,401763,0,0
6828,2026-02-19,401795,0,0
6829,2026-02-19,401832,0,0
6830,2026-02-19,401883,0,0
6831,2026-02-19,402048,0,0
6832,2026-02-20,101316,0,0
6833,2026-02-20,101318,0,0
6834,2026-02-20,101324,0,0
6835,2026-02-20,101352,0,0
6836,2026-02-20,101353,0,0
6837,2026-02-20,101354,0,0
6838,2026-02-20,101357,0,0
6839,2026-02-20,102003,0,0
6840,2026-02-20,102039,0,0
6841,2026-02-20,102068,0,0
6842,2026-02-20,102353,0,0
6843,2026-02-20,102365,0,0
6844,2026-02-20,102376,0,0
6845,2026-02-20,102708,0,0
6846,2026-02-20,102875,0,0
6847,2026-02-20,102877,0,0
6848,2026-02-20,104046,0,0
6849,2026-02-20,104051,0,0
6850,2026-02-20,104082,0,0
6851,2026-02-20,104083,0,0
6852,2026-02-20,104089,0,0
6853,2026-02-20,104097,0,0
6854,2026-02-20,104098,0,0
6855,2026-02-20,104110,0,0
6856,2026-02-20,104114,0,0
6857,2026-02-20,104115,0,0
6858,2026-02-20,104132,0,0
6859,2026-02-20,104133,0,0
6860,2026-02-20,104134,0,0
6861,2026-02-20,104574,0,0
6862,2026-02-20,300640,0,0
6863,2026-02-20,300641,0,0
6864,2026-02-20,300646,0,0
6865,2026-02-20,300647,0,0
6866,2026-02-20,300648,0,0
6867,2026-02-20,300722,0,0
6868,2026-02-20,300834,0,0
6869,2026-02-20,301303,0,0
6870,2026-02-20,301304,0,0
6871,2026-02-20,301309,0,0
6872,2026-02-20,301310,0,0
6873,2026-02-20,301797,0,0
6874,2026-02-20,301798,0,0
6875,2026-02-20,301816,0,0
6876,2026-02-20,400398,0,0
6877,2026-02-20,400399,0,0
6878,2026-02-20,400401,0,0
6879,2026-02-20,400478,0,0
6880,2026-02-20,400927,0,0
6881,2026-02-20,400929,0,0
6882,2026-02-20,400935,0,0
6883,2026-02-20,400939,0,0
6884,2026-02-20,400950,0,0
6885,2026-02-20,400951,0,0
6886,2026-02-20,400953,0,0
6887,2026-02-20,401583,0,0
6888,2026-02-20,401763,0,0
6889,2026-02-20,401795,0,0
6890,2026-02-20,401832,0,0
6891,2026-02-20,401883,0,0
6892,2026-02-20,402048,0,0
6893,2026-02-21,101316,0,0
6894,2026-02-21,101318,0,0
6895,2026-02-21,101324,0,0
6896,2026-02-21,101352,0,0
6897,2026-02-21,101353,0,0
6898,2026-02-21,101354,0,0
6899,2026-02-21,101357,0,0
6900,2026-02-21,102003,0,0
6901,2026-02-21,102039,0,0
6902,2026-02-21,102068,0,0
6903,2026-02-21,102353,0,0
6904,2026-02-21,102365,0,0
6905,2026-02-21,102376,0,0
6906,2026-02-21,102708,0,0
6907,2026-02-21,102875,0,0
6908,2026-02-21,102877,0,0
6909,2026-02-21,104046,0,0
6910,2026-02-21,104051,0,0
6911,2026-02-21,104082,0,0
6912,2026-02-21,104083,0,0
6913,2026-02-21,104089,0,0
6914,2026-02-21,104097,0,0
6915,2026-02-21,104098,0,0
6916,2026-02-21,104110,0,0
6917,2026-02-21,104114,0,0
6918,2026-02-21,104115,0,0
6919,2026-02-21,104132,0,0
6920,2026-02-21,104133,0,0
6921,2026-02-21,104134,0,0
6922,2026-02-21,104574,0,0
6923,2026-02-21,300640,0,0
6924,2026-02-21,300641,0,0
6925,2026-02-21,300646,0,0
6926,2026-02-21,300647,0,0
6927,2026-02-21,300648,0,0
6928,2026-02-21,300722,0,0
6929,2026-02-21,300834,0,0
6930,2026-02-21,301303,0,0
6931,2026-02-21,301304,0,0
6932,2026-02-21,301309,0,0
6933,2026-02-21,301310,0,0
6934,2026-02-21,301797,0,0
6935,2026-02-21,301798,0,0
6936,2026-02-21,301816,0,0
6937,2026-02-21,400398,0,0
6938,2026-02-21,400399,0,0
6939,2026-02-21,400401,0,0
6940,2026-02-21,400478,0,0
6941,2026-02-21,400927,0,0
6942,2026-02-21,400929,0,0
6943,2026-02-21,400935,0,0
6944,2026-02-21,400939,0,0
6945,2026-02-21,400950,0,0
6946,2026-02-21,400951,0,0
6947,2026-02-21,400953,0,0
6948,2026-02-21,401583,0,0
6949,2026-02-21,401763,0,0
6950,2026-02-21,401795,0,0
6951,2026-02-21,401832,0,0
6952,2026-02-21,401883,0,0
6953,2026-02-21,402048,0,0
6954,2026-02-22,101316,0,0
6955,2026-02-22,101318,0,0
6956,2026-02-22,101324,0,0
6957,2026-02-22,101352,0,0
6958,2026-02-22,101353,0,0
6959,2026-02-22,101354,0,0
6960,2026-02-22,101357,0,0
6961,2026-02-22,102003,0,0
6962,2026-02-22,102039,0,0
6963,2026-02-22,102068,0,0
6964,2026-02-22,102353,0,0
6965,2026-02-22,102365,0,0
6966,2026-02-22,102376,0,0
6967,2026-02-22,102708,0,0
6968,2026-02-22,102875,0,0
6969,2026-02-22,102877,0,0
6970,2026-02-22,104046,0,0
6971,2026-02-22,104051,0,0
6972,2026-02-22,104082,0,0
6973,2026-02-22,104083,0,0
6974,2026-02-22,104089,0,0
6975,2026-02-22,104097,0,0
6976,2026-02-22,104098,0,0
6977,2026-02-22,104110,0,0
6978,2026-02-22,104114,0,0
6979,2026-02-22,104115,0,0
6980,2026-02-22,104132,0,0
6981,2026-02-22,104133,0,0
6982,2026-02-22,104134,0,0
6983,2026-02-22,104574,0,0
6984,2026-02-22,300640,0,0
6985,2026-02-22,300641,0,0
6986,2026-02-22,300646,0,0
6987,2026-02-22,300647,0,0
6988,2026-02-22,300648,0,0
6989,2026-02-22,300722,0,0
6990,2026-02-22,300834,0,0
6991,2026-02-22,301303,0,0
6992,2026-02-22,301304,0,0
6993,2026-02-22,301309,0,0
6994,2026-02-22,301310,0,0
6995,2026-02-22,301797,0,0
6996,2026-02-22,301798,0,0
6997,2026-02-22,301816,0,0
6998,2026-02-22,400398,0,0
6999,2026-02-22,400399,0,0
7000,2026-02-22,400401,0,0
7001,2026-02-22,400478,0,0
7002,2026-02-22,400927,0,0
7003,2026-02-22,400929,0,0
7004,2026-02-22,400935,0,0
7005,2026-02-22,400939,0,0
7006,2026-02-22,400950,0,0
7007,2026-02-22,400951,0,0
7008,2026-02-22,400953,0,0
7009,2026-02-22,401583,0,0
7010,2026-02-22,401763,0,0
7011,2026-02-22,401795,0,0
7012,2026-02-22,401832,0,0
7013,2026-02-22,401883,0,0
7014,2026-02-22,402048,0,0
7015,2026-02-23,101316,0,0
7016,2026-02-23,101318,0,0
7017,2026-02-23,101324,0,0
7018,2026-02-23,101352,0,0
7019,2026-02-23,101353,0,0
7020,2026-02-23,101354,0,0
7021,2026-02-23,101357,0,0
7022,2026-02-23,102003,0,0
7023,2026-02-23,102039,0,0
7024,2026-02-23,102068,0,0
7025,2026-02-23,102353,0,0
7026,2026-02-23,102365,0,0
7027,2026-02-23,102376,0,0
7028,2026-02-23,102708,0,0
7029,2026-02-23,102875,0,0
7030,2026-02-23,102877,0,0
7031,2026-02-23,104046,0,0
7032,2026-02-23,104051,0,0
7033,2026-02-23,104082,0,0
7034,2026-02-23,104083,0,0
7035,2026-02-23,104089,0,0
7036,2026-02-23,104097,0,0
7037,2026-02-23,104098,0,0
7038,2026-02-23,104110,0,0
7039,2026-02-23,104114,0,0
7040,2026-02-23,104115,0,0
7041,2026-02-23,104132,0,0
7042,2026-02-23,104133,0,0
7043,2026-02-23,104134,0,0
7044,2026-02-23,104574,0,0
7045,2026-02-23,300640,0,0
7046,2026-02-23,300641,0,0
7047,2026-02-23,300646,0,0
7048,2026-02-23,300647,0,0
7049,2026-02-23,300648,0,0
7050,2026-02-23,300722,0,0
7051,2026-02-23,300834,0,0
7052,2026-02-23,301303,0,0
7053,2026-02-23,301304,0,0
7054,2026-02-23,301309,0,0
7055,2026-02-23,301310,0,0
7056,2026-02-23,301797,0,0
7057,2026-02-23,301798,0,0
7058,2026-02-23,301816,0,0
7059,2026-02-23,400398,0,0
7060,2026-02-23,400399,0,0
7061,2026-02-23,400401,0,0
7062,2026-02-23,400478,0,0
7063,2026-02-23,400927,0,0
7064,2026-02-23,400929,0,0
7065,2026-02-23,400935,0,0
7066,2026-02-23,400939,0,0
7067,2026-02-23,400950,0,0
7068,2026-02-23,400951,0,0
7069,2026-02-23,400953,0,0
7070,2026-02-23,401583,0,0
7071,2026-02-23,401763,0,0
7072,2026-02-23,401795,0,0
7073,2026-02-23,401832,0,0
7074,2026-02-23,401883,0,0
7075,2026-02-23,402048,0,0
7076,2026-02-24,101316,0,0
7077,2026-02-24,101318,0,0
7078,2026-02-24,101324,0,0
7079,2026-02-24,101352,0,0
7080,2026-02-24,101353,0,0
7081,2026-02-24,101354,0,0
7082,2026-02-24,101357,0,0
7083,2026-02-24,102003,0,0
7084,2026-02-24,102039,0,0
7085,2026-02-24,102068,0,0
7086,2026-02-24,102353,0,0
7087,2026-02-24,102365,0,0
7088,2026-02-24,102376,0,0
7089,2026-02-24,102708,0,0
7090,2026-02-24,102875,0,0
7091,2026-02-24,102877,0,0
7092,2026-02-24,104046,0,0
7093,2026-02-24,104051,0,0
7094,2026-02-24,104082,0,0
7095,2026-02-24,104083,0,0
7096,2026-02-24,104089,0,0
7097,2026-02-24,104097,0,0
7098,2026-02-24,104098,0,0
7099,2026-02-24,104110,0,0
7100,2026-02-24,104114,0,0
7101,2026-02-24,104115,0,0
7102,2026-02-24,104132,0,0
7103,2026-02-24,104133,0,0
7104,2026-02-24,104134,0,0
7105,2026-02-24,104574,0,0
7106,2026-02-24,300640,0,0
7107,2026-02-24,300641,0,0
7108,2026-02-24,300646,0,0
7109,2026-02-24,300647,0,0
7110,2026-02-24,300648,0,0
7111,2026-02-24,300722,0,0
7112,2026-02-24,300834,0,0
7113,2026-02-24,301303,0,0
7114,2026-02-24,301304,0,0
7115,2026-02-24,301309,0,0
7116,2026-02-24,301310,0,0
7117,2026-02-24,301797,0,0
7118,2026-02-24,301798,0,0
7119,2026-02-24,301816,0,0
7120,2026-02-24,400398,0,0
7121,2026-02-24,400399,0,0
7122,2026-02-24,400401,0,0
7123,2026-02-24,400478,0,0
7124,2026-02-24,400927,0,0
7125,2026-02-24,400929,0,0
7126,2026-02-24,400935,0,0
7127,2026-02-24,400939,0,0
7128,2026-02-24,400950,0,0
7129,2026-02-24,400951,0,0
7130,2026-02-24,400953,0,0
7131,2026-02-24,401583,0,0
7132,2026-02-24,401763,0,0
7133,2026-02-24,401795,0,0
7134,2026-02-24,401832,0,0
7135,2026-02-24,401883,0,0
7136,2026-02-24,402048,0,0
7137,2026-02-25,101316,0,0
7138,2026-02-25,101318,0,0
7139,2026-02-25,101324,0,0
7140,2026-02-25,101352,0,0
7141,2026-02-25,101353,0,0
7142,2026-02-25,101354,0,0
7143,2026-02-25,101357,0,0
7144,2026-02-25,102003,0,0
7145,2026-02-25,102039,0,0
7146,2026-02-25,102068,0,0
7147,2026-02-25,102353,0,0
7148,2026-02-25,102365,0,0
7149,2026-02-25,102376,0,0
7150,2026-02-25,102708,0,0
7151,2026-02-25,102875,0,0
7152,2026-02-25,102877,0,0
7153,2026-02-25,104046,0,0
7154,2026-02-25,104051,0,0
7155,2026-02-25,104082,0,0
7156,2026-02-25,104083,0,0
7157,2026-02-25,104089,0,0
7158,2026-02-25,104097,0,0
7159,2026-02-25,104098,0,0
7160,2026-02-25,104110,0,0
7161,2026-02-25,104114,0,0
7162,2026-02-25,104115,0,0
7163,2026-02-25,104132,0,0
7164,2026-02-25,104133,0,0
7165,2026-02-25,104134,0,0
7166,2026-02-25,104574,0,0
7167,2026-02-25,300640,0,0
7168,2026-02-25,300641,0,0
7169,2026-02-25,300646,0,0
7170,2026-02-25,300647,0,0
7171,2026-02-25,300648,0,0
7172,2026-02-25,300722,0,0
7173,2026-02-25,300834,0,0
7174,2026-02-25,301303,0,0
7175,2026-02-25,301304,0,0
7176,2026-02-25,301309,0,0
7177,2026-02-25,301310,0,0
7178,2026-02-25,301797,0,0
7179,2026-02-25,301798,0,0
7180,2026-02-25,301816,0,0
7181,2026-02-25,400398,0,0
7182,2026-02-25,400399,0,0
7183,2026-02-25,400401,0,0
7184,2026-02-25,400478,0,0
7185,2026-02-25,400927,0,0
7186,2026-02-25,400929,0,0
7187,2026-02-25,400935,0,0
7188,2026-02-25,400939,0,0
7189,2026-02-25,400950,0,0
7190,2026-02-25,400951,0,0
7191,2026-02-25,400953,0,0
7192,2026-02-25,401583,0,0
7193,2026-02-25,401763,0,0
7194,2026-02-25,401795,0,0
7195,2026-02-25,401832,0,0
7196,2026-02-25,401883,0,0
7197,2026-02-25,402048,0,0
7198,2026-02-26,101316,0,0
7199,2026-02-26,101318,0,0
7200,2026-02-26,101324,0,0
7201,2026-02-26,101352,0,0
7202,2026-02-26,101353,0,0
7203,2026-02-26,101354,0,0
7204,2026-02-26,101357,0,0
7205,2026-02-26,102003,0,0
7206,2026-02-26,102039,0,0
7207,2026-02-26,102068,0,0
7208,2026-02-26,102353,0,0
7209,2026-02-26,102365,0,0
7210,2026-02-26,102376,0,0
7211,2026-02-26,102708,0,0
7212,2026-02-26,102875,0,0
7213,2026-02-26,102877,0,0
7214,2026-02-26,104046,0,0
7215,2026-02-26,104051,0,0
7216,2026-02-26,104082,0,0
7217,2026-02-26,104083,0,0
7218,2026-02-26,104089,0,0
7219,2026-02-26,104097,0,0
7220,2026-02-26,104098,0,0
7221,2026-02-26,104110,0,0
7222,2026-02-26,104114,0,0
7223,2026-02-26,104115,0,0
7224,2026-02-26,104132,0,0
7225,2026-02-26,104133,0,0
7226,2026-02-26,104134,0,0
7227,2026-02-26,104574,0,0
7228,2026-02-26,300640,0,0
7229,2026-02-26,300641,0,0
7230,2026-02-26,300646,0,0
7231,2026-02-26,300647,0,0
7232,2026-02-26,300648,0,0
7233,2026-02-26,300722,0,0
7234,2026-02-26,300834,0,0
7235,2026-02-26,301303,0,0
7236,2026-02-26,301304,0,0
7237,2026-02-26,301309,0,0
7238,2026-02-26,301310,0,0
7239,2026-02-26,301797,0,0
7240,2026-02-26,301798,0,0
7241,2026-02-26,301816,0,0
7242,2026-02-26,400398,0,0
7243,2026-02-26,400399,0,0
7244,2026-02-26,400401,0,0
7245,2026-02-26,400478,0,0
7246,2026-02-26,400927,0,0
7247,2026-02-26,400929,0,0
7248,2026-02-26,400935,0,0
7249,2026-02-26,400939,0,0
7250,2026-02-26,400950,0,0
7251,2026-02-26,400951,0,0
7252,2026-02-26,400953,0,0
7253,2026-02-26,401583,0,0
7254,2026-02-26,401763,0,0
7255,2026-02-26,401795,0,0
7256,2026-02-26,401832,0,0
7257,2026-02-26,401883,0,0
7258,2026-02-26,402048,0,0
7259,2026-02-27,101316,0,0
7260,2026-02-27,101318,0,0
7261,2026-02-27,101324,0,0
7262,2026-02-27,101352,0,0
7263,2026-02-27,101353,0,0
7264,2026-02-27,101354,0,0
7265,2026-02-27,101357,0,0
7266,2026-02-27,102003,0,0
7267,2026-02-27,102039,0,0
7268,2026-02-27,102068,0,0
7269,2026-02-27,102353,0,0
7270,2026-02-27,102365,0,0
7271,2026-02-27,102376,0,0
7272,2026-02-27,102708,0,0
7273,2026-02-27,102875,0,0
7274,2026-02-27,102877,0,0
7275,2026-02-27,104046,0,0
7276,2026-02-27,104051,0,0
7277,2026-02-27,104082,0,0
7278,2026-02-27,104083,0,0
7279,2026-02-27,104089,0,0
7280,2026-02-27,104097,0,0
7281,2026-02-27,104098,0,0
7282,2026-02-27,104110,0,0
7283,2026-02-27,104114,0,0
7284,2026-02-27,104115,0,0
7285,2026-02-27,104132,0,0
7286,2026-02-27,104133,0,0
7287,2026-02-27,104134,0,0
7288,2026-02-27,104574,0,0
7289,2026-02-27,300640,0,0
7290,2026-02-27,300641,0,0
7291,2026-02-27,300646,0,0
7292,2026-02-27,300647,0,0
7293,2026-02-27,300648,0,0
7294,2026-02-27,300722,0,0
7295,2026-02-27,300834,0,0
7296,2026-02-27,301303,0,0
7297,2026-02-27,301304,0,0
7298,2026-02-27,301309,0,0
7299,2026-02-27,301310,0,0
7300,2026-02-27,301797,0,0
7301,2026-02-27,301798,0,0
7302,2026-02-27,301816,0,0
7303,2026-02-27,400398,0,0
7304,2026-02-27,400399,0,0
7305,2026-02-27,400401,0,0
7306,2026-02-27,400478,0,0
7307,2026-02-27,400927,0,0
7308,2026-02-27,400929,0,0
7309,2026-02-27,400935,0,0
7310,2026-02-27,400939,0,0
7311,2026-02-27,400950,0,0
7312,2026-02-27,400951,0,0
7313,2026-02-27,400953,0,0
7314,2026-02-27,401583,0,0
7315,2026-02-27,401763,0,0
7316,2026-02-27,401795,0,0
7317,2026-02-27,401832,0,0
7318,2026-02-27,401883,0,0
7319,2026-02-27,402048,0,0
7320,2026-02-28,101316,0,0
7321,2026-02-28,101318,0,0
7322,2026-02-28,101324,0,0
7323,2026-02-28,101352,0,0
7324,2026-02-28,101353,0,0
7325,2026-02-28,101354,0,0
7326,2026-02-28,101357,0,0
7327,2026-02-28,102003,0,0
7328,2026-02-28,102039,0,0
7329,2026-02-28,102068,0,0
7330,2026-02-28,102353,0,0
7331,2026-02-28,102365,0,0
7332,2026-02-28,102376,0,0
7333,2026-02-28,102708,0,0
7334,2026-02-28,102875,0,0
7335,2026-02-28,102877,0,0
7336,2026-02-28,104046,0,0
7337,2026-02-28,104051,0,0
7338,2026-02-28,104082,0,0
7339,2026-02-28,104083,0,0
7340,2026-02-28,104089,0,0
7341,2026-02-28,104097,0,0
7342,2026-02-28,104098,0,0
7343,2026-02-28,104110,0,0
7344,2026-02-28,104114,0,0
7345,2026-02-28,104115,0,0
7346,2026-02-28,104132,0,0
7347,2026-02-28,104133,0,0
7348,2026-02-28,104134,0,0
7349,2026-02-28,104574,0,0
7350,2026-02-28,300640,0,0
7351,2026-02-28,300641,0,0
7352,2026-02-28,300646,0,0
7353,2026-02-28,300647,0,0
7354,2026-02-28,300648,0,0
7355,2026-02-28,300722,0,0
7356,2026-02-28,300834,0,0
7357,2026-02-28,301303,0,0
7358,2026-02-28,301304,0,0
7359,2026-02-28,301309,0,0
7360,2026-02-28,301310,0,0
7361,2026-02-28,301797,0,0
7362,2026-02-28,301798,0,0
7363,2026-02-28,301816,0,0
7364,2026-02-28,400398,0,0
7365,2026-02-28,400399,0,0
7366,2026-02-28,400401,0,0
7367,2026-02-28,400478,0,0
7368,2026-02-28,400927,0,54
7369,2026-02-28,400929,0,48
7370,2026-02-28,400935,0,0
7371,2026-02-28,400939,0,0
7372,2026-02-28,400950,0,0
7373,2026-02-28,400951,0,0
7374,2026-02-28,400953,0,0
7375,2026-02-28,401583,0,0
7376,2026-02-28,401763,0,0
7377,2026-02-28,401795,0,0
7378,2026-02-28,401832,0,0
7379,2026-02-28,401883,0,0
7380,2026-02-28,402048,0,0
7381,2026-03-01,101316,0,0
7382,2026-03-01,101318,0,0
7383,2026-03-01,101324,0,0
7384,2026-03-01,101352,0,0
7385,2026-03-01,101353,0,0
7386,2026-03-01,101354,0,0
7387,2026-03-01,101357,0,0
7388,2026-03-01,102003,0,26
7389,2026-03-01,102039,0,0
7390,2026-03-01,102068,0,54
7391,2026-03-01,102353,0,0
7392,2026-03-01,102365,0,0
7393,2026-03-01,102376,0,0
7394,2026-03-01,102708,0,0
7395,2026-03-01,102875,0,0
7396,2026-03-01,102877,0,0
7397,2026-03-01,104046,0,0
7398,2026-03-01,104051,0,0
7399,2026-03-01,104082,0,0
7400,2026-03-01,104083,0,0
7401,2026-03-01,104089,0,0
7402,2026-03-01,104097,0,0
7403,2026-03-01,104098,0,0
7404,2026-03-01,104110,0,0
7405,2026-03-01,104114,0,0
7406,2026-03-01,104115,0,0
7407,2026-03-01,104132,0,32
7408,2026-03-01,104133,0,0
7409,2026-03-01,104134,0,16
7410,2026-03-01,104574,0,26
7411,2026-03-01,300640,0,0
7412,2026-03-01,300641,0,0
7413,2026-03-01,300646,0,0
7414,2026-03-01,300647,0,0
7415,2026-03-01,300648,0,0
7416,2026-03-01,300722,0,0
7417,2026-03-01,300834,0,0
7418,2026-03-01,301303,0,0
7419,2026-03-01,301304,0,0
7420,2026-03-01,301309,0,0
7421,2026-03-01,301310,0,0
7422,2026-03-01,301797,0,40
7423,2026-03-01,301798,0,22
7424,2026-03-01,301816,0,0
7425,2026-03-01,400398,0,0
7426,2026-03-01,400399,0,0
7427,2026-03-01,400401,0,0
7428,2026-03-01,400478,0,0
7429,2026-03-01,400927,0,54
7430,2026-03-01,400929,0,48
7431,2026-03-01,400935,0,0
7432,2026-03-01,400939,0,0
7433,2026-03-01,400950,0,0
7434,2026-03-01,400951,0,0
7435,2026-03-01,400953,0,0
7436,2026-03-01,401583,0,0
7437,2026-03-01,401763,0,48
7438,2026-03-01,401795,0,0
7439,2026-03-01,401832,0,0
7440,2026-03-01,401883,0,0
7441,2026-03-01,402048,0,24
7442,2026-03-02,101316,0,0
7443,2026-03-02,101318,0,0
7444,2026-03-02,101324,0,0
7445,2026-03-02,101352,0,0
7446,2026-03-02,101353,0,0
7447,2026-03-02,101354,0,0
7448,2026-03-02,101357,0,0
7449,2026-03-02,102003,0,26
7450,2026-03-02,102039,0,0
7451,2026-03-02,102068,0,54
7452,2026-03-02,102353,0,0
7453,2026-03-02,102365,0,0
7454,2026-03-02,102376,0,0
7455,2026-03-02,102708,0,0
7456,2026-03-02,102875,0,0
7457,2026-03-02,102877,0,0
7458,2026-03-02,104046,0,0
7459,2026-03-02,104051,0,0
7460,2026-03-02,104082,0,0
7461,2026-03-02,104083,0,0
7462,2026-03-02,104089,0,0
7463,2026-03-02,104097,0,0
7464,2026-03-02,104098,0,0
7465,2026-03-02,104110,0,0
7466,2026-03-02,104114,0,0
7467,2026-03-02,104115,0,0
7468,2026-03-02,104132,0,32
7469,2026-03-02,104133,0,0
7470,2026-03-02,104134,0,16
7471,2026-03-02,104574,0,26
7472,2026-03-02,300640,0,0
7473,2026-03-02,300641,0,0
7474,2026-03-02,300646,0,0
7475,2026-03-02,300647,0,0
7476,2026-03-02,300648,0,0
7477,2026-03-02,300722,0,0
7478,2026-03-02,300834,0,0
7479,2026-03-02,301303,0,0
7480,2026-03-02,301304,0,0
7481,2026-03-02,301309,0,0
7482,2026-03-02,301310,0,0
7483,2026-03-02,301797,0,40
7484,2026-03-02,301798,0,22
7485,2026-03-02,301816,0,0
7486,2026-03-02,400398,0,0
7487,2026-03-02,400399,0,0
7488,2026-03-02,400401,0,0
7489,2026-03-02,400478,0,0
7490,2026-03-02,400927,0,54
7491,2026-03-02,400929,0,48
7492,2026-03-02,400935,0,0
7493,2026-03-02,400939,0,0
7494,2026-03-02,400950,0,0
7495,2026-03-02,400951,0,0
7496,2026-03-02,400953,0,0
7497,2026-03-02,401583,0,0
7498,2026-03-02,401763,0,48
7499,2026-03-02,401795,0,0
7500,2026-03-02,401832,0,0
7501,2026-03-02,401883,0,0
7502,2026-03-02,402048,0,24
7503,2026-03-03,101316,0,0
7504,2026-03-03,101318,0,0
7505,2026-03-03,101324,0,0
7506,2026-03-03,101352,0,0
7507,2026-03-03,101353,0,0
7508,2026-03-03,101354,48,0
7509,2026-03-03,101357,0,0
7510,2026-03-03,102003,0,26
7511,2026-03-03,102039,0,0
7512,2026-03-03,102068,0,54
7513,2026-03-03,102353,0,0
7514,2026-03-03,102365,0,0
7515,2026-03-03,102376,0,0
7516,2026-03-03,102708,0,0
7517,2026-03-03,102875,0,0
7518,2026-03-03,102877,0,0
7519,2026-03-03,104046,0,0
7520,2026-03-03,104051,0,0
7521,2026-03-03,104082,0,0
7522,2026-03-03,104083,0,0
7523,2026-03-03,104089,0,0
7524,2026-03-03,104097,0,0
7525,2026-03-03,104098,0,0
7526,2026-03-03,104110,0,0
7527,2026-03-03,104114,0,0
7528,2026-03-03,104115,0,0
7529,2026-03-03,104132,0,32
7530,2026-03-03,104133,0,0
7531,2026-03-03,104134,0,16
7532,2026-03-03,104574,0,26
7533,2026-03-03,300640,0,0
7534,2026-03-03,300641,0,0
7535,2026-03-03,300646,0,0
7536,2026-03-03,300647,0,0
7537,2026-03-03,300648,0,0
7538,2026-03-03,300722,0,0
7539,2026-03-03,300834,0,0
7540,2026-03-03,301303,0,0
7541,2026-03-03,301304,0,0
7542,2026-03-03,301309,0,0
7543,2026-03-03,301310,0,0
7544,2026-03-03,301797,40,0
7545,2026-03-03,301798,22,0
7546,2026-03-03,301816,0,0
7547,2026-03-03,400398,0,0
7548,2026-03-03,400399,0,0
7549,2026-03-03,400401,0,0
7550,2026-03-03,400478,0,0
7551,2026-03-03,400927,54,0
7552,2026-03-03,400929,48,0
7553,2026-03-03,400935,0,0
7554,2026-03-03,400939,0,0
7555,2026-03-03,400950,0,0
7556,2026-03-03,400951,0,0
7557,2026-03-03,400953,0,0
7558,2026-03-03,401583,0,0
7559,2026-03-03,401763,48,0
7560,2026-03-03,401795,0,0
7561,2026-03-03,401832,0,0
7562,2026-03-03,401883,0,0
7563,2026-03-03,402048,0,24
7564,2026-03-04,101316,0,0
7565,2026-03-04,101318,0,0
7566,2026-03-04,101324,0,0
7567,2026-03-04,101352,0,0
7568,2026-03-04,101353,0,0
7569,2026-03-04,101354,0,0
7570,2026-03-04,101357,0,0
7571,2026-03-04,102003,0,26
7572,2026-03-04,102039,0,0
7573,2026-03-04,102068,0,54
7574,2026-03-04,102353,0,0
7575,2026-03-04,102365,0,0
7576,2026-03-04,102376,0,0
7577,2026-03-04,102708,0,0
7578,2026-03-04,102875,0,0
7579,2026-03-04,102877,0,0
7580,2026-03-04,104046,0,0
7581,2026-03-04,104051,0,0
7582,2026-03-04,104082,0,0
7583,2026-03-04,104083,0,0
7584,2026-03-04,104089,0,0
7585,2026-03-04,104097,0,0
7586,2026-03-04,104098,0,0
7587,2026-03-04,104110,0,0
7588,2026-03-04,104114,0,0
7589,2026-03-04,104115,0,0
7590,2026-03-04,104132,0,32
7591,2026-03-04,104133,0,0
7592,2026-03-04,104134,0,16
7593,2026-03-04,104574,0,26
7594,2026-03-04,300640,0,0
7595,2026-03-04,300641,0,0
7596,2026-03-04,300646,0,0
7597,2026-03-04,300647,0,0
7598,2026-03-04,300648,0,0
7599,2026-03-04,300722,0,0
7600,2026-03-04,300834,0,0
7601,2026-03-04,301303,0,0
7602,2026-03-04,301304,0,0
7603,2026-03-04,301309,0,0
7604,2026-03-04,301310,0,0
7605,2026-03-04,301797,0,0
7606,2026-03-04,301798,0,0
7607,2026-03-04,301816,0,0
7608,2026-03-04,400398,0,0
7609,2026-03-04,400399,0,0
7610,2026-03-04,400401,0,0
7611,2026-03-04,400478,0,0
7612,2026-03-04,400927,0,0
7613,2026-03-04,400929,0,0
7614,2026-03-04,400935,0,0
7615,2026-03-04,400939,0,0
7616,2026-03-04,400950,0,0
7617,2026-03-04,400951,0,0
7618,2026-03-04,400953,0,0
7619,2026-03-04,401583,0,0
7620,2026-03-04,401763,0,0
7621,2026-03-04,401795,0,0
7622,2026-03-04,401832,0,0
7623,2026-03-04,401883,0,0
7624,2026-03-04,402048,0,24
7625,2026-03-05,101316,0,0
7626,2026-03-05,101318,0,0
7627,2026-03-05,101324,0,0
7628,2026-03-05,101352,0,0
7629,2026-03-05,101353,0,0
7630,2026-03-05,101354,0,0
7631,2026-03-05,101357,0,0
7632,2026-03-05,102003,0,26
7633,2026-03-05,102039,0,0
7634,2026-03-05,102068,0,54
7635,2026-03-05,102353,0,0
7636,2026-03-05,102365,0,0
7637,2026-03-05,102376,0,0
7638,2026-03-05,102708,0,0
7639,2026-03-05,102875,0,0
7640,2026-03-05,102877,0,0
7641,2026-03-05,104046,0,40
7642,2026-03-05,104051,0,0
7643,2026-03-05,104082,0,0
7644,2026-03-05,104083,0,0
7645,2026-03-05,104089,0,0
7646,2026-03-05,104097,0,0
7647,2026-03-05,104098,0,0
7648,2026-03-05,104110,0,0
7649,2026-03-05,104114,0,0
7650,2026-03-05,104115,0,0
7651,2026-03-05,104132,0,32
7652,2026-03-05,104133,0,0
7653,2026-03-05,104134,0,16
7654,2026-03-05,104574,0,26
7655,2026-03-05,300640,0,0
7656,2026-03-05,300641,0,0
7657,2026-03-05,300646,0,0
7658,2026-03-05,300647,0,0
7659,2026-03-05,300648,0,0
7660,2026-03-05,300722,0,0
7661,2026-03-05,300834,0,0
7662,2026-03-05,301303,0,0
7663,2026-03-05,301304,0,0
7664,2026-03-05,301309,0,0
7665,2026-03-05,301310,0,0
7666,2026-03-05,301797,0,0
7667,2026-03-05,301798,0,0
7668,2026-03-05,301816,0,0
7669,2026-03-05,400398,0,0
7670,2026-03-05,400399,0,0
7671,2026-03-05,400401,0,0
7672,2026-03-05,400478,0,20
7673,2026-03-05,400927,0,0
7674,2026-03-05,400929,0,0
7675,2026-03-05,400935,0,0
7676,2026-03-05,400939,0,0
7677,2026-03-05,400950,0,0
7678,2026-03-05,400951,0,0
7679,2026-03-05,400953,0,0
7680,2026-03-05,401583,0,0
7681,2026-03-05,401763,0,0
7682,2026-03-05,401795,0,0
7683,2026-03-05,401832,0,0
7684,2026-03-05,401883,0,0
7685,2026-03-05,402048,24,0
7686,2026-03-06,101316,0,0
7687,2026-03-06,101318,0,0
7688,2026-03-06,101324,0,0
7689,2026-03-06,101352,0,0
7690,2026-03-06,101353,0,0
7691,2026-03-06,101354,0,0
7692,2026-03-06,101357,0,0
7693,2026-03-06,102003,26,0
7694,2026-03-06,102039,0,0
7695,2026-03-06,102068,52,2
7696,2026-03-06,102353,0,0
7697,2026-03-06,102365,0,0
7698,2026-03-06,102376,0,0
7699,2026-03-06,102708,0,0
7700,2026-03-06,102875,0,0
7701,2026-03-06,102877,0,0
7702,2026-03-06,104046,40,0
7703,2026-03-06,104051,0,0
7704,2026-03-06,104082,0,31
7705,2026-03-06,104083,0,31
7706,2026-03-06,104089,0,0
7707,2026-03-06,104097,0,26
7708,2026-03-06,104098,0,26
7709,2026-03-06,104110,0,0
7710,2026-03-06,104114,0,0
7711,2026-03-06,104115,0,0
7712,2026-03-06,104132,0,32
7713,2026-03-06,104133,0,16
7714,2026-03-06,104134,0,16
7715,2026-03-06,104574,26,0
7716,2026-03-06,300640,0,0
7717,2026-03-06,300641,0,0
7718,2026-03-06,300646,0,0
7719,2026-03-06,300647,0,0
7720,2026-03-06,300648,0,0
7721,2026-03-06,300722,0,0
7722,2026-03-06,300834,0,18
7723,2026-03-06,301303,0,0
7724,2026-03-06,301304,0,0
7725,2026-03-06,301309,0,0
7726,2026-03-06,301310,0,0
7727,2026-03-06,301797,0,0
7728,2026-03-06,301798,0,0
7729,2026-03-06,301816,0,0
7730,2026-03-06,400398,0,0
7731,2026-03-06,400399,0,0
7732,2026-03-06,400401,0,0
7733,2026-03-06,400478,20,0
7734,2026-03-06,400927,0,0
7735,2026-03-06,400929,0,0
7736,2026-03-06,400935,0,0
7737,2026-03-06,400939,0,22
7738,2026-03-06,400950,0,0
7739,2026-03-06,400951,0,0
7740,2026-03-06,400953,0,0
7741,2026-03-06,401583,0,0
7742,2026-03-06,401763,0,0
7743,2026-03-06,401795,0,0
7744,2026-03-06,401832,0,0
7745,2026-03-06,401883,0,0
7746,2026-03-06,402048,0,0
7747,2026-03-07,101316,0,0
7748,2026-03-07,101318,0,0
7749,2026-03-07,101324,0,0
7750,2026-03-07,101352,0,0
7751,2026-03-07,101353,0,0
7752,2026-03-07,101354,0,0
7753,2026-03-07,101357,0,0
7754,2026-03-07,102003,0,0
7755,2026-03-07,102039,0,0
7756,2026-03-07,102068,0,2
7757,2026-03-07,102353,0,0
7758,2026-03-07,102365,0,0
7759,2026-03-07,102376,0,0
7760,2026-03-07,102708,0,0
7761,2026-03-07,102875,0,0
7762,2026-03-07,102877,0,0
7763,2026-03-07,104046,0,0
7764,2026-03-07,104051,0,0
7765,2026-03-07,104082,0,31
7766,2026-03-07,104083,0,31
7767,2026-03-07,104089,0,0
7768,2026-03-07,104097,0,26
7769,2026-03-07,104098,0,26
7770,2026-03-07,104110,0,0
7771,2026-03-07,104114,0,0
7772,2026-03-07,104115,0,80
7773,2026-03-07,104132,32,0
7774,2026-03-07,104133,0,64
7775,2026-03-07,104134,16,0
7776,2026-03-07,104574,0,0
7777,2026-03-07,300640,0,0
7778,2026-03-07,300641,0,0
7779,2026-03-07,300646,0,0
7780,2026-03-07,300647,0,0
7781,2026-03-07,300648,0,0
7782,2026-03-07,300722,0,0
7783,2026-03-07,300834,0,54
7784,2026-03-07,301303,0,0
7785,2026-03-07,301304,0,0
7786,2026-03-07,301309,0,0
7787,2026-03-07,301310,0,0
7788,2026-03-07,301797,0,0
7789,2026-03-07,301798,0,0
7790,2026-03-07,301816,0,0
7791,2026-03-07,400398,0,0
7792,2026-03-07,400399,0,0
7793,2026-03-07,400401,0,0
7794,2026-03-07,400478,0,0
7795,2026-03-07,400927,0,0
7796,2026-03-07,400929,0,0
7797,2026-03-07,400935,0,22
7798,2026-03-07,400939,0,22
7799,2026-03-07,400950,0,0
7800,2026-03-07,400951,0,0
7801,2026-03-07,400953,0,0
7802,2026-03-07,401583,0,0
7803,2026-03-07,401763,0,0
7804,2026-03-07,401795,0,0
7805,2026-03-07,401832,0,0
7806,2026-03-07,401883,0,0
7807,2026-03-07,402048,0,0
7808,2026-03-08,101316,0,0
7809,2026-03-08,101318,0,0
7810,2026-03-08,101324,0,0
7811,2026-03-08,101352,0,0
7812,2026-03-08,101353,0,0
7813,2026-03-08,101354,0,0
7814,2026-03-08,101357,0,0
7815,2026-03-08,102003,0,0
7816,2026-03-08,102039,0,0
7817,2026-03-08,102068,0,2
7818,2026-03-08,102353,0,0
7819,2026-03-08,102365,0,0
7820,2026-03-08,102376,0,0
7821,2026-03-08,102708,0,0
7822,2026-03-08,102875,0,0
7823,2026-03-08,102877,0,0
7824,2026-03-08,104046,0,0
7825,2026-03-08,104051,0,0
7826,2026-03-08,104082,0,31
7827,2026-03-08,104083,0,31
7828,2026-03-08,104089,0,0
7829,2026-03-08,104097,0,26
7830,2026-03-08,104098,0,26
7831,2026-03-08,104110,0,0
7832,2026-03-08,104114,0,0
7833,2026-03-08,104115,80,0
7834,2026-03-08,104132,0,0
7835,2026-03-08,104133,64,32
7836,2026-03-08,104134,0,0
7837,2026-03-08,104574,0,0
7838,2026-03-08,300640,0,0
7839,2026-03-08,300641,0,0
7840,2026-03-08,300646,0,0
7841,2026-03-08,300647,0,0
7842,2026-03-08,300648,0,0
7843,2026-03-08,300722,0,0
7844,2026-03-08,300834,36,18
7845,2026-03-08,301303,0,0
7846,2026-03-08,301304,0,0
7847,2026-03-08,301309,0,0
7848,2026-03-08,301310,0,0
7849,2026-03-08,301797,0,0
7850,2026-03-08,301798,0,0
7851,2026-03-08,301816,0,0
7852,2026-03-08,400398,0,0
7853,2026-03-08,400399,0,0
7854,2026-03-08,400401,0,0
7855,2026-03-08,400478,0,0
7856,2026-03-08,400927,0,0
7857,2026-03-08,400929,0,0
7858,2026-03-08,400935,0,22
7859,2026-03-08,400939,0,22
7860,2026-03-08,400950,0,0
7861,2026-03-08,400951,0,0
7862,2026-03-08,400953,0,0
7863,2026-03-08,401583,0,0
7864,2026-03-08,401763,0,0
7865,2026-03-08,401795,0,0
7866,2026-03-08,401832,0,0
7867,2026-03-08,401883,0,0
7868,2026-03-08,402048,0,0
7869,2026-03-09,101316,0,0
7870,2026-03-09,101318,0,0
7871,2026-03-09,101324,0,0
7872,2026-03-09,101352,0,0
7873,2026-03-09,101353,0,0
7874,2026-03-09,101354,0,0
7875,2026-03-09,101357,0,0
7876,2026-03-09,102003,0,0
7877,2026-03-09,102039,0,0
7878,2026-03-09,102068,0,2
7879,2026-03-09,102353,0,0
7880,2026-03-09,102365,0,0
7881,2026-03-09,102376,0,0
7882,2026-03-09,102708,0,0
7883,2026-03-09,102875,0,0
7884,2026-03-09,102877,0,0
7885,2026-03-09,104046,0,0
7886,2026-03-09,104051,0,0
7887,2026-03-09,104082,0,31
7888,2026-03-09,104083,0,31
7889,2026-03-09,104089,0,0
7890,2026-03-09,104097,0,26
7891,2026-03-09,104098,0,26
7892,2026-03-09,104110,0,0
7893,2026-03-09,104114,0,0
7894,2026-03-09,104115,0,0
7895,2026-03-09,104132,0,0
7896,2026-03-09,104133,32,0
7897,2026-03-09,104134,0,0
7898,2026-03-09,104574,0,0
7899,2026-03-09,300640,0,0
7900,2026-03-09,300641,0,0
7901,2026-03-09,300646,0,0
7902,2026-03-09,300647,0,0
7903,2026-03-09,300648,0,0
7904,2026-03-09,300722,0,0
7905,2026-03-09,300834,0,18
7906,2026-03-09,301303,0,0
7907,2026-03-09,301304,0,0
7908,2026-03-09,301309,0,0
7909,2026-03-09,301310,0,0
7910,2026-03-09,301797,0,0
7911,2026-03-09,301798,0,0
7912,2026-03-09,301816,0,44
7913,2026-03-09,400398,0,52
7914,2026-03-09,400399,0,0
7915,2026-03-09,400401,0,0
7916,2026-03-09,400478,0,0
7917,2026-03-09,400927,0,0
7918,2026-03-09,400929,0,0
7919,2026-03-09,400935,0,22
7920,2026-03-09,400939,0,22
7921,2026-03-09,400950,0,0
7922,2026-03-09,400951,0,0
7923,2026-03-09,400953,0,0
7924,2026-03-09,401583,0,0
7925,2026-03-09,401763,0,0
7926,2026-03-09,401795,0,0
7927,2026-03-09,401832,0,0
7928,2026-03-09,401883,0,0
7929,2026-03-09,402048,0,0
7930,2026-03-10,101316,0,0
7931,2026-03-10,101318,0,0
7932,2026-03-10,101324,0,0
7933,2026-03-10,101352,0,0
7934,2026-03-10,101353,0,0
7935,2026-03-10,101354,0,0
7936,2026-03-10,101357,0,0
7937,2026-03-10,102003,0,0
7938,2026-03-10,102039,0,0
7939,2026-03-10,102068,0,2
7940,2026-03-10,102353,0,0
7941,2026-03-10,102365,0,0
7942,2026-03-10,102376,0,0
7943,2026-03-10,102708,0,0
7944,2026-03-10,102875,0,0
7945,2026-03-10,102877,0,0
7946,2026-03-10,104046,0,0
7947,2026-03-10,104051,0,37
7948,2026-03-10,104082,31,0
7949,2026-03-10,104083,31,0
7950,2026-03-10,104089,0,0
7951,2026-03-10,104097,26,0
7952,2026-03-10,104098,26,0
7953,2026-03-10,104110,0,0
7954,2026-03-10,104114,0,0
7955,2026-03-10,104115,0,0
7956,2026-03-10,104132,0,0
7957,2026-03-10,104133,0,0
7958,2026-03-10,104134,0,0
7959,2026-03-10,104574,0,0
7960,2026-03-10,300640,0,0
7961,2026-03-10,300641,0,0
7962,2026-03-10,300646,0,0
7963,2026-03-10,300647,0,0
7964,2026-03-10,300648,0,0
7965,2026-03-10,300722,0,0
7966,2026-03-10,300834,0,18
7967,2026-03-10,301303,0,0
7968,2026-03-10,301304,0,0
7969,2026-03-10,301309,0,0
7970,2026-03-10,301310,0,0
7971,2026-03-10,301797,0,0
7972,2026-03-10,301798,0,0
7973,2026-03-10,301816,44,0
7974,2026-03-10,400398,52,0
7975,2026-03-10,400399,0,0
7976,2026-03-10,400401,0,0
7977,2026-03-10,400478,0,0
7978,2026-03-10,400927,0,0
7979,2026-03-10,400929,0,0
7980,2026-03-10,400935,0,22
7981,2026-03-10,400939,0,22
7982,2026-03-10,400950,0,0
7983,2026-03-10,400951,0,0
7984,2026-03-10,400953,0,0
7985,2026-03-10,401583,0,0
7986,2026-03-10,401763,0,0
7987,2026-03-10,401795,0,0
7988,2026-03-10,401832,0,0
7989,2026-03-10,401883,0,0
7990,2026-03-10,402048,0,0
7991,2026-03-11,101316,0,0
7992,2026-03-11,101318,0,0
7993,2026-03-11,101324,0,0
7994,2026-03-11,101352,0,0
7995,2026-03-11,101353,0,0
7996,2026-03-11,101354,0,0
7997,2026-03-11,101357,0,0
7998,2026-03-11,102003,0,0
7999,2026-03-11,102039,0,0
8000,2026-03-11,102068,0,2
8001,2026-03-11,102353,0,0
8002,2026-03-11,102365,0,0
8003,2026-03-11,102376,0,0
8004,2026-03-11,102708,0,0
8005,2026-03-11,102875,0,0
8006,2026-03-11,102877,0,0
8007,2026-03-11,104046,0,0
8008,2026-03-11,104051,74,0
8009,2026-03-11,104082,0,0
8010,2026-03-11,104083,0,0
8011,2026-03-11,104089,0,0
8012,2026-03-11,104097,0,0
8013,2026-03-11,104098,0,0
8014,2026-03-11,104110,0,0
8015,2026-03-11,104114,0,0
8016,2026-03-11,104115,0,0
8017,2026-03-11,104132,0,0
8018,2026-03-11,104133,0,0
8019,2026-03-11,104134,0,0
8020,2026-03-11,104574,0,0
8021,2026-03-11,300640,0,0
8022,2026-03-11,300641,0,0
8023,2026-03-11,300646,0,0
8024,2026-03-11,300647,0,0
8025,2026-03-11,300648,0,0
8026,2026-03-11,300722,0,0
8027,2026-03-11,300834,0,18
8028,2026-03-11,301303,0,0
8029,2026-03-11,301304,0,0
8030,2026-03-11,301309,0,0
8031,2026-03-11,301310,0,0
8032,2026-03-11,301797,0,0
8033,2026-03-11,301798,0,0
8034,2026-03-11,301816,0,0
8035,2026-03-11,400398,0,0
8036,2026-03-11,400399,0,0
8037,2026-03-11,400401,0,0
8038,2026-03-11,400478,0,0
8039,2026-03-11,400927,0,0
8040,2026-03-11,400929,0,0
8041,2026-03-11,400935,0,22
8042,2026-03-11,400939,0,22
8043,2026-03-11,400950,0,0
8044,2026-03-11,400951,0,0
8045,2026-03-11,400953,0,0
8046,2026-03-11,401583,0,0
8047,2026-03-11,401763,0,0
8048,2026-03-11,401795,0,0
8049,2026-03-11,401832,0,0
8050,2026-03-11,401883,0,0
8051,2026-03-11,402048,0,0
