级别编码,级别名称,分类编号,分类名称,厚度,长度,宽度,吨位差
00301827,成都南玻超白汽车级,003,超白,10,4701,2440,0
00402073,廊坊金彪欧洲灰玻优等,004,色玻,8,3660,2800,0.2
00301826,吴江南玻超白汽车级,003,超白,10,4880,3300,0
00402072,耀华F绿玻,004,色玻,4.1,2440,1830,0
00301825,吴江南玻超白汽车级,003,超白,12,4880,3300,0
00301824,吴江南玻超白汽车级,003,超白,12,4100,2440,0
00301823,吴江南玻超白汽车级,003,超白,12,3660,2440,0
00301822,吴江南玻超白汽车级,003,超白,12,3300,2440,0
00301821,吴江南玻超白汽车级,003,超白,12,4280,2280,0
00301820,吴江南玻超白汽车级,003,超白,10,1880,3300,0
00301819,吴江南玻超白汽车级,003,超白,10,4580,2810,0
00301818,吴江南玻超白汽车级,003,超白,10,4580,2440,0
00105004,凯盛晶华过渡品,001,白玻,4.9,3660,2140,0
00105003,德金优等,001,白玻,4.5,2440,2000,0.2
00700485,钻石油砂,007,油砂,5,2440,2100,0.2
00301817,河北南玻超白汽车级,003,超白,10,3300,2250,0.2
00105002,金宏阳优等品,001,白玻,10,4280,2440,0.2
00105001,金宏阳优等品,001,白玻,10,4580,2140,0.2
00105000,凯盛晶华过渡品,001,白玻,4.9,3660,2440,0
00104999,金宏阳优等品,001,白玻,8,4580,2800,0.2
00104998,鸿升优等品,001,白玻,3.2,2440,2000,0.2
00104997,鸿升优等品,001,白玻,3.2,2200,1900,0.2
00104996,德金一等,001,白玻,4.5,2440,1900,0.3
00201459,安强lowe170,002,Low-E,5,3660,2280,0.2
00104995,河北南玻普白汽车级,001,白玻,15,3050,2440,0.2
00402071,秦皇岛耀华F绿过渡色一等品,004,色玻,4.9,3660,2440,0
00104994,石家庄玉晶合格品,001,白玻,5,3660,2550,0.2
00402070,金彪金茶优等品,004,色玻,3.9,2440,1830,0.2
00402069,金彪金茶优等品,004,色玻,3.9,3660,2440,0.2
00700484,普白单面油砂,007,油砂,7,3660,2250,0.2
00104992,鸿升优等品,001,白玻,3.2,2440,1900,0
00104991,营口信义一等品,001,白玻,12,3050,2800,0
00104990,凯盛晶华过渡品,001,白玻,4.9,3660,2740,0
00104990,营口信义一等品,001,白玻,12,3660,2550,0
00104989,金宏阳优等品,001,白玻,8,4000,2140,0.2
00402068,曲靖海生福特蓝镀膜优等,004,色玻,4.3,2200,1830,0
00800155,单漆铝镜,008,镜子,2.8,2200,2000,0.2
00800154,单漆铝镜,008,镜子,2.8,2440,2000,0.2
00301816,中玻超白汽车级,003,超白,7,3660,2440,0.2
00104988,寿光光耀普通级-X,001,白玻,5,2440,2000,0.2
00500622,贵山超白长虹,005,压花,7,2440,2250,0.2
00402067,湖北三峡欧洲灰原片优等品,004,色玻,8,3660,2140,0.2
00104987,咸阳台玻白玻一等,001,白玻,5,3660,2440,0
00104986,咸阳台玻白玻一等,001,白玻,6,3660,2440,0
00104985,咸阳台玻白玻一等,001,白玻,8,3660,2440,0
00104984,石家庄玉晶一等品,001,白玻,6,4880,1950,0.2
00104983,金仓优等,001,白玻,3.4,2440,2000,0.2
00402066,漳州旗滨福特蓝玻KN,004,色玻,8,3660,2740,0
00201458,北玻lowe170,002,Low-E,5,3660,2280,0.2
00402065,漳州旗滨金茶玻优等,004,色玻,8,3660,2440,0.2
00104982,金宏阳一等品,001,白玻,10,4000,2440,0.2
00104981,金宏阳一等品,001,白玻,4.5,3660,2600,0.2
00104980,金宏阳一等品,001,白玻,4.5,3660,2440,0.2
00301815,河北南玻超白汽车级,003,超白,10,3870,2250,0.2
00104979,德金优等,001,白玻,2.6,2440,2000,0.1
00301814,河北南玻超白汽车级,003,超白,12,3050,2340,0
00201457,天津信义XETB0170,002,Low-E,12,4880,2740,0
00201456,天津信义XETB0170,002,Low-E,8,4880,3050,0
00201455,天津信义XETB0170,002,Low-E,10,4880,3050,0
00201454,天津信义XETN0180,002,Low-E,12,4880,3300,0
00104978,天津信义一等品,001,白玻,12,4880,3050,0
00402064,绿玻,004,色玻,3.5,1840,1320,0.1
00402063,绿玻,004,色玻,3.5,2450,1600,0.1
00402062,绿玻,004,色玻,3.2,2320,1400,0.1
00301813,河北南玻超白汽车级,003,超白,5,3300,2140,0.2
00301812,河北南玻超白汽车级,003,超白,12,3050,2300,0.2
00201453,安强lowe160,002,Low-E,4.5,3660,2600,0.2
00201452,安强lowe160,002,Low-E,4.5,3660,2440,0.2
00104977,石家庄玉晶一等品,001,白玻,3.4,3660,2440,0.2
00402061,圣戈班A绿过渡F绿,004,色玻,4.1,2440,1830,0.2
00104976,石家庄玉晶一等,001,白玻,4,3600,2440,0.2
00402060,威海中玻黑玻合格,004,色玻,8,3660,2440,0
00402059,威海中玻黑玻合格,004,色玻,5,3660,2440,0
00402058,威海中玻黑玻合格,004,色玻,4,3660,2440,0
00402057,威海中玻黑玻合格,004,色玻,3.8,3660,2440,0
00104975,乌海中玻白玻普通级,001,白玻,5,3660,2440,0
00301811,河北南玻超白汽车级,003,超白,15,4500,3300,0
00301810,河北南玻超白汽车级,003,超白,10,4580,3050,0
00301809,河北南玻超白汽车级,003,超白,8,4650,3300,0
00104974,滕州金晶白玻制镜级,001,白玻,12,4880,2440,0
00104973,滕州金晶白玻汽车级,001,白玻,8,3660,2550,0
00301808,商丘中联超白汽车级,003,超白,3.5,2440,2100,0.2
00301807,商丘中联超白汽车级,003,超白,3.5,2440,1560,0.2
00500621,南阳贵山超白水波,005,压花,7,2800,2100,0.5
00500620,南阳贵山超白水波,005,压花,7,2440,2100,0.5
00500619,沙河贵山超白银玻纹,005,压花,5,2800,2100,0.5
00500618,沙河贵山超白银玻纹,005,压花,5,2440,2100,0.5
00402056,北玻蓝星灰镀膜优等,004,色玻,5,3660,2440,0.2
00301806,河北南玻超白汽车级,003,超白,10,3300,2500,0.2
00201451,内蒙古玉晶lowe170,002,Low-E,5,3660,2440,0
00500617,东兴超白长虹,005,压花,4.5,2440,2250,0.1
00301805,天津台玻超白优质加工级,003,超白,6.5,3660,2440,0.2
00402055,威海中玻福特蓝镀膜优等品,004,色玻,4.5,3660,2250,0
00402054,东台中玻灰优等,004,色玻,3.2,3660,2440,0
00402053,廊坊金彪灰茶玻优等品,004,色玻,8,3660,2440,0.2
00402052,廊坊金彪灰茶玻,004,色玻,12,3660,2440,0.2
00301804,天津台玻超白汽车级,003,超白,6.4,3660,2440,0.2
00700483,单面超白油砂,007,油砂,6.4,3660,2440,0.2
00301803,河北南玻超白汽车级,003,超白,12,3300,2080,0.2
00301802,安彩超白汽车级,003,超白,6.4,3660,2440,0.2
00900010,玉砂,009,玉砂,6,3660,2250,0.2
00402051,廊坊金彪欧洲灰原片优等,004,色玻,12,3660,2140,0.2
00402050,廊坊金彪欧洲灰原片优等,004,色玻,10,3300,2140,0.2
00700482,超白长虹油砂,007,油砂,4.5,2440,2100,0.8
00500616,超白双绒,005,压花,4,3660,2250,0.2
00104972,寿光光耀普通级,001,白玻,3.5,2440,2000,0
00104971,寿光光耀普通级,001,白玻,3.5,2440,1830,0
00104970,南玻普白汽车级,001,白玻,6,3300,2600,0
00201450,咸宁南玻super4,002,Low-E,6,3300,2440,0
00201449,咸宁南玻super4,002,Low-E,6,3300,2280,0
00500615,沙河贵山超白长虹,005,压花,10,2440,2100,0.8
00500614,沙河贵山普白长虹,005,压花,10,2440,2100,0.8
00104969,滕州金晶白玻制镜级,001,白玻,6,4880,3300,0
00104968,东台中玻一等品,001,白玻,5,3300,2440,0
00201448,安强lowe160,002,Low-E,6,3300,2250,0.2
00700481,沙河贵山超白小灯芯油砂,007,油砂,7,2440,2100,0.4
00500613,沙河贵山普白长虹,005,压花,7,2440,2100,0.4
00104967,德金一等,001,白玻,4,2440,2000,0.4
00402049,圣戈班F绿过渡板,004,色玻,4.1,3660,2440,0.2
00500612,新金枝玉叶（布纹）,005,压花,3,2200,1900,0.2
00301801,中联超白建筑级,003,超白,4,3660,2250,0
00104966,天津信义一等品,001,白玻,5,4880,3050,0
00301800,天津信义超白一等,003,超白,5,4880,3300,0
00700480,单面灰油砂,007,油砂,3.5,3660,2440,0.2
00700479,单面超白油砂,007,油砂,3.5,3660,2250,0.2
00700478,单面灰油砂,007,油砂,3.5,3600,2440,0.2
00301799,东台中玻超白一等品,003,超白,6.8,3660,2440,0
00104965,寿光光耀普通级-X,001,白玻,4.5,2700,1900,0
00104964,寿光光耀普通级,001,白玻,4.5,2700,1900,0
00104963,寿光光耀普通级,001,白玻,4.5,2700,2100,0
00402048,唐山蓝欣欧洲灰玻混装品,004,色玻,6.5,3660,2440,0.2
00301798,东台中玻超白汽车级,003,超白,7,3660,2140,0.2
00301797,淄博金晶超白汽车级,003,超白,3.6,3660,2250,0.2
00402047,曲靖海生绿玻原片优等,004,色玻,3.2,2440,1830,0
00402046,曲靖海生绿玻原片优等,004,色玻,3.2,2440,1650,0
00402045,威海中玻欧洲灰玻普通级,004,色玻,3.5,2440,1830,0
00402044,淄博金晶F绿玻汽车级,004,色玻,4,3660,2440,0
00104962,寿光光耀优质加工级,001,白玻,4.5,2200,1830,0
00402043,威海中玻金茶玻合格品,004,色玻,4.9,3660,2440,0
00402042,威海中玻自然绿镀膜合格品,004,色玻,4.3,3660,2440,0
00402041,威海中玻自然绿玻合格品,004,色玻,4.3,3660,2440,0
00402040,威海中玻福特蓝镀膜合格品,004,色玻,6,3660,2440,0
00402039,威海中玻福特蓝玻合格品,004,色玻,6,3660,2440,0
00402038,湖北三峡福特蓝镀膜一等,004,色玻,5,3660,2250,0
00402037,醴陵旗滨福特蓝玻优等品,004,色玻,4.5,3660,2740,0
00104961,石家庄玉晶合格品,001,白玻,2.9,2440,2000,0.15
00104960,石家庄玉晶合格品,001,白玻,2.9,2440,1830,0.15
00402036,湖北三峡福特蓝镀膜一等,004,色玻,4.5,3660,2140,0
00402035,湖北三峡福特蓝镀膜一等,004,色玻,5,3660,2280,0
00402034,湖北三峡福特蓝镀膜一等,004,色玻,5,3660,2740,0
00402033,湖北三峡欧洲灰普通级,004,色玻,12,3660,2440,0.2
00700477,普白单面油砂,007,油砂,6,3300,2600,0.2
00402032,秦皇岛耀华F绿原片一等,004,色玻,8,3660,2440,0.2
00104959,石家庄玉晶一等品,001,白玻,3,3050,2810,0.15
00104958,宿迁中玻合格品,001,白玻,3,2440,1830,0
00301796,秦皇岛奥华超白汽车级,003,超白,4.5,3660,2140,0.2
00402031,安强蓝星灰镀膜优等,004,色玻,4.5,3660,2600,0.2
00104957,凯盛晶华一等,001,白玻,3.4,3210,2440,0
00402030,曲靖海生绿镀膜优等品,004,色玻,3.4,2440,1830,0
00104956,淄博金晶白玻汽车级,001,白玻,4,3300,2550,0
00104955,宿迁中玻合格品,001,白玻,3.2,3660,2355,0
00402029,威海中玻福特蓝玻优等,004,色玻,4.5,3660,2440,0
00104954,安徽冠盛合格,001,白玻,5,3660,2440,0
00104953,安徽冠盛合格,001,白玻,4.3,3660,2440,0
00402028,贵州凯荣欧洲灰玻合格,004,色玻,4.3,3660,2440,0
00402027,威海福特蓝镀膜优等品,004,色玻,5,3660,2440,0.2
00104952,石家庄玉晶一等品,001,白玻,4,3660,2740,0.15
00104951,石家庄玉晶一等品,001,白玻,2.9,2440,2000,0.15
00301795,商丘中联超白建筑级,003,超白,12,3660,2440,0
00104950,营口信义PT级,001,白玻,6,3300,2290,0
00104949,凯盛晶华一等品,001,白玻,3,3300,2550,0
00104948,凯盛晶华一等品,001,白玻,3,3660,2550,0
00402026,漳州旗滨欧洲灰玻优等品,004,色玻,10,4880,3050,0
00104947,石家庄玉晶一等品,001,白玻,2.9,2440,1830,0.15
00104946,天津信义一等品,001,白玻,5,4880,3300,0
00301794,河北南玻超白汽车级,003,超白,8,3300,2900,0
01000047,倒车费,010,其他,0,0,0,0
00104945,金宏阳一等品,001,白玻,2.1,2340,1420,0.2
00301793,河北南玻超白汽车级,003,超白,8,3660,2850,0
00104944,利虎合格品,001,白玻,4.2,3300,2440,0.2
00402025,中联黑玻20系,004,色玻,12,3660,2440,0.2
00104943,安全等外品,001,白玻,6,3660,2440,0.2
00500610,贵州超白水波纹,005,压花,5,2440,2100,0.4
00104942,天津信义一等品,001,白玻,5,3300,2630,0
00800153,超白双漆铝镜,008,镜子,6,3660,2440,0.2
00402024,廊坊金彪欧洲灰原片优等品,004,色玻,10,3300,2440,0
00402023,廊坊金彪欧洲灰原片优等品,004,色玻,6,3300,2140,0
00402022,廊坊金彪欧洲灰原片优等品,004,色玻,6,3660,2140,0
00402021,廊坊金彪欧洲灰原片优等品,004,色玻,6,3300,2440,0
00402020,廊坊金彪灰茶玻,004,色玻,4,3300,2440,0
00402019,贵州凯荣欧洲灰玻优等,004,色玻,6,3660,2440,0
00402018,唐山蓝欣欧灰混装品,004,色玻,3.8,3660,2140,0.2
00402017,唐山蓝欣欧灰混装品,004,色玻,3.8,3660,2440,0.2
00500609,海生长虹白玻一等,005,压花,7.2,3660,2134,0.2
00500608,海生长虹白玻一等,005,压花,7.2,3660,2440,0.2
00301792,超白光伏玻璃,003,超白,10,3660,2630,0
00301791,超白光伏玻璃,003,超白,5,3660,2440,0
00301790,超白光伏玻璃,003,超白,4,2440,1830,0
00301789,漳州旗滨欧洲灰玻KN,003,色玻,6,3660,2440,0
00402016,曲靖海生绿原片优等,004,色玻,5,3660,2140,0
00402015,曲靖海生绿原片优等,004,色玻,5,3660,2440,0
00402014,曲靖海生绿原片优等,004,色玻,6,3660,2440,0
00402013,曲靖海生绿原片优等,004,色玻,4.3,3660,2440,0
00301788,商丘中联超白汽车级,003,超白,10,3660,2440,0.2
00402012,曲靖海生绿镀膜优等,004,色玻,4.5,3660,2440,0
00402011,曲靖海生绿镀膜优等,004,色玻,6,3660,2440,0
00104941,本溪玉晶合格品过渡,001,白玻,6,3300,2140,0
00402010,三峡欧洲灰,004,色玻,7.2,3660,2440,0
00402009,三峡欧洲灰,004,色玻,6.5,3660,2440,0
00402008,三峡欧洲灰,004,色玻,6.5,3660,2250,0
00402007,三峡欧洲灰,004,色玻,7,3660,2250,0
00104940,巨润一等品,001,白玻,7.2,3300,2000,0
00104939,金仓优等品,001,白玻,3.5,2440,2000,0.3
00104938,金仓优等品,001,白玻,3.5,2200,2000,0.3
00500607,超白光伏玻璃KB,005,压花,12,3660,2740,0
00402006,廊坊金彪金茶玻,004,色玻,10,3300,2440,0.2
00104937,石家庄玉晶一等品,001,白玻,10,3300,2440,0.4
00104936,安全等外,001,白玻,4,3660,2440,0.2
00800152,双漆铝镜,008,镜子,3.9,3660,2440,0.2
01000046,2440架子,010,其他,0,0,0,0
00201447,安强lowe170,002,Low-E,6,3660,2134,0.2
00201446,lowe170,002,Low-E,5,2440,1830,0
00500606,思可达超白水晶,005,压花,5,2800,2100,0.2
00301787,东台中玻超白汽车级,003,超白,7.1,3660,2440,0.2
00700476,单面普白油砂,007,油砂,8,3660,2140,0.2
00104935,利虎一等,001,白玻,4.9,3300,2440,0.2
00104934,金宏阳一等,001,白玻,3.5,2440,2000,0.2
00402005,威海中玻黑玻合格,004,色玻,10,3300,2440,0
00700475,超白双面油砂（安彩）,007,油砂,8,3660,2440,0.2
00402004,信义F绿原片,004,色玻,4.2,2440,1830,0.2
00500605,东兴超白长虹,005,压花,5,2440,2440,0.8
00301786,台玻超白汽车级,003,超白,10,3300,1900,0.2
00301785,台玻超白汽车级,003,超白,10,2800,2740,0.2
00700474,普白油砂,007,油砂,6,3660,2140,0.2
00301784,中玻超白汽车级,003,超白,7,3660,2250,0.2
00104933,金仓白玻一等品,001,白玻,3.8,2200,2000,0.4
00104932,寿光光耀普通级-x,001,白玻,4.8,2700,2000,0.3
00104930,石家庄玉晶合格品,001,白玻,3.2,3520,2490,0.15
00104929,利虎合格品,001,白玻,4.2,3300,2250,0.2
00104928,石家庄玉晶合格,001,白玻,8,3050,2140,0.3
00104927,石家庄玉晶合格,001,白玻,8,3050,2800,0.3
00104926,石家庄玉晶合格,001,白玻,8,3300,2800,0.3
00104925,本溪玉晶合格过渡品,001,白玻,6,2440,1830,0
00402003,秦皇岛蓝灰镀膜合格品,004,色玻,5,3660,2440,0.2
00800151,仿古镜,008,镜子,4.8,2440,1830,0.4
00104924,灰油砂,001,白玻,6.5,3660,2140,0.2
00104923,长红白玻一等品,001,白玻,7.2,3660,2440,0.2
00104922,长红白玻一等品,001,白玻,7.2,3660,2250,0.2
00201445,金石信远lowe160,002,Low-E,6,3660,2280,0.2
00301783,超白光伏玻璃KB,003,超白,8,3660,2250,0
00301782,超白光伏玻璃KB,003,超白,12,3300,2440,0
00104921,东海台玻一等品,001,白玻,3,3660,2440,0
00402002,威海中玻过度色,004,色玻,3.9,3660,2440,0
00201444,营口信义XEHD0180,002,Low-E,8,3660,2440,0
00201443,营口信义XEHD0160,002,Low-E,6,3300,2740,0
00201442,营口信义XEHD0160,002,Low-E,5,3300,2740,0
00201441,营口信义XEHD0160,002,Low-E,5,3300,2440,0
00402001,漳州旗滨水晶灰玻KN,004,色玻,6,3660,2740,0
00402000,漳州旗滨水晶灰玻KN,004,色玻,6,3660,2630,0
00104920,天津信义超白XDTN0080,001,白玻,5,3300,2600,0
00104919,冠盛白玻优B,001,白玻,6,3660,2280,0
00600147,磨砂（内蒙古原片）,006,磨砂,8,3660,2003,0.2
00104918,鑫利优等,001,白玻,2.1,2440,1830,0.1
00301781,台玻超白一等,003,超白,3.6,3660,2440,0
00104917,鑫利协议品,001,白玻,4,2000,1500,0.2
00301780,成都南玻超白汽车级,003,超白,10,2420,4000,0
00104916,天津信义一等品,001,白玻,6,3660,2738,0
00104915,天津信义一等品,001,白玻,6,3300,2250,0
00104914,天津信义一等品,001,白玻,3,3300,2250,0
00700473,超白水晶油砂,007,油砂,7,2440,2100,0.2
00401999,曲靖海生福特蓝镀膜普通级,004,色玻,4.3,3660,2440,0
00104913,金宏阳优等品,001,白玻,3,2200,1830,0.2
01000045,仓储费,010,其他,1,1,1,0
00401998,成都南玻欧灰优等品,004,色玻,10,3660,2600,0.2
00201440,湖北金晶lowe80,002,Low-E,5,3660,2280,0
00201439,湖北金晶lowe80,002,Low-E,5,3660,2140,0
00201438,湖北金晶lowe80,002,Low-E,6,3300,2140,0
00201437,金华晶lowe170,002,Low-E,6,3300,2600,0.2
00401997,河源旗滨欧洲灰玻优等,004,色玻,3.2,3660,2140,0
00600146,磨砂（金宏阳原片）,006,磨砂,6,3660,2440,0.2
00401996,福特蓝,004,色玻,4.3,3660,2440,0
00401995,三峡欧洲灰玻一等品,004,色玻,4.5,3660,2440,0
00104912,巨润一等品,001,白玻,8,3900,2134,0
00401994,凯盛晶华金茶玻优等,004,色玻,4.5,3660,2440,0.2
00401993,安强宝石蓝镀膜优等品,004,色玻,5,3300,2140,0.2
00301779,东台中玻超白优质加工级,003,超白,4.2,3660,2440,0.2
00301778,东台中玻超白优质加工级,003,超白,7,3660,2440,0.2
00104911,本溪玉晶合格品过渡,001,白玻,3,2440,1830,0
00104910,本溪玉晶合格品过渡,001,白玻,4.5,2440,1830,0
00104909,本溪玉晶合格品过渡,001,白玻,4.5,2440,2000,0
00104908,本溪玉晶合格品过渡,001,白玻,2.8,2440,1830,0
00401992,成都南玻欧灰优等,004,色玻,10,3660,2440,0
00201436,单向透视,002,Low-E,6,3660,2440,0
00104907,河北南玻白玻汽车级,001,白玻,12,3660,2800,0.2
00500604,河南贵山超白长虹,005,压花,5,2440,2250,0.7
00600145,磨砂（金宏阳）,006,磨砂,5,3660,2440,0.2
00104906,石家庄玉晶一等品,001,白玻,5,3050,2440,0.2
00104905,石家庄玉晶一等品,001,白玻,5,3050,2250,0.2
00104904,石家庄玉晶一等品,001,白玻,4,3660,2550,0.2
00201435,石家庄玉晶lowes70,002,Low-E,8,4580,2140,0.3
00201434,石家庄玉晶lowes70,002,Low-E,8,3050,2140,0.3
00104903,石家庄玉晶一等品,001,白玻,5,3300,2250,0.2
00104902,石家庄玉晶一等品,001,白玻,8,2440,2100,0.3
00104901,东台中玻一等品,001,白玻,6,3660,2440,0
00104900,东台中玻一等,001,白玻,4.3,3660,2440,0
00104899,石家庄玉晶一等品,001,白玻,6,4580,2030,0.2
00500603,山西超白小灯芯,005,压花,4.5,2800,2100,0.2
00500602,山西超白银波纹,005,压花,4.5,2800,2100,0.2
00500601,山西超白水波纹,005,压花,4.5,2800,2100,0.2
00401991,圣戈班黑玻20系,004,色玻,3.8,3660,2440,0.2
00401990,成都南玻欧灰优等品,004,色玻,8,3900,1580,0
00104898,秦皇岛耀华白玻一等品,001,白玻,4,3660,2440,0
00104897,秦皇岛耀华白玻一等品,001,白玻,4,3660,2740,0
00104896,秦皇岛耀华白玻一等品,001,白玻,4,3660,2140,0
00500600,繁花,005,压花,7,2440,2100,0.5
00500599,一缕青丝,005,压花,7,2440,2100,0.5
00500598,山清水秀,005,压花,7,2440,1560,0.5
00500597,富贵竹,005,压花,7,2440,2100,0.5
00201433,安强lowe170,002,Low-E,6,3300,2134,0.2
00401989,成都南玻欧洲灰玻优等,004,色玻,4.3,3660,2440,0
00104895,营口信义PT级,001,白玻,6,3300,2740,0
00104894,东台中玻白玻客户定制级,001,白玻,4,3350,2550,0
00104893,东台中玻一等品,001,白玻,5,3590,2520,0
00104892,东台中玻一等品,001,白玻,5,3660,2600,0
00201432,中玻lowe160,002,Low-E,10,3300,2740,0.2
00201431,中玻lowe160,002,Low-E,10,4880,3050,0.2
00201430,中玻lowe160,002,Low-E,10,4880,3300,0.2
00104891,荣信超薄玻璃,001,白玻,2,2440,1720,0
00104890,金宏阳优等品,001,白玻,6,4280,2600,0.2
00301777,淄博金晶超白五线汽车级,003,超白,19,5000,3300,0
00301776,淄博金晶超白五线汽车级,003,超白,19,6000,3300,0
00301775,淄博金晶超白五线汽车级,003,超白,15,6000,3300,0
00301774,淄博金晶超白五线汽车级,003,超白,15,5000,3300,0
00301773,淄博金晶超白五线汽车级,003,超白,12,6000,3300,0
00301772,淄博金晶超白五线汽车级,003,超白,10,6000,3300,0
00500596,贵山超白长虹,005,压花,7,2250,2200,0.2
00201429,金华晶lowe170,002,Low-E,6,3300,2440,0.2
00301771,河北南玻超白汽车级,003,超白,10,3660,2200,0.2
00500595,单面灰麒麟,005,压花,7,2440,2100,0.2
00600144,巨润磨砂合格品,006,磨砂,4.2,3600,2440,0
00401988,威海中玻欧洲灰镀膜,004,色玻,5,3300,2140,0.2
00301770,成都南玻超白汽车级,003,超白,6,3660,2140,0
00401987,安强欧洲灰镀膜,004,色玻,5,3300,2140,0.2
00104889,巨润一等品,001,白玻,5,3050,2800,0
00600143,巨润磨砂合格品,006,磨砂,4.2,3660,2440,0
00104888,巨润合格品,001,白玻,8,3660,2280,0
00104887,巨润一等品,001,白玻,6,3050,1900,0
00104886,东台中玻一等品,001,白玻,5,3660,2800,0
00104885,东台中玻一等品,001,白玻,5,3660,2440,0
00104884,巨润一等品,001,白玻,8,3300,2280,0
00104883,淄博金晶白玻建筑级,001,白玻,3,3300,2550,0
00500594,贵山超白大灯芯,005,压花,7,2440,2100,0.2
00104882,石家庄玉晶合格品,001,白玻,3.2,3645,2490,0.15
00104881,石家庄玉晶合格品,001,白玻,3.2,3380,2390,0.15
00104880,石家庄玉晶合格品,001,白玻,3.2,3450,2300,0.15
00104879,利虎一等品,001,白玻,6.5,3660,2440,0.2
00301769,中联超白汽车级,003,超白,10,3660,2250,0.2
00600142,磨砂,006,磨砂,4.5,3660,2600,0.3
00401986,海生福特蓝原片普通级,004,色玻,4.3,2440,1950,0
00401985,曲靖海生绿原片普通级,004,色玻,4.3,2440,1370,0
00500593,贵州黔玻超白长虹,005,压花,4.5,2000,2100,0.5
00500592,贵州黔玻超白长虹,005,压花,4.5,2440,2100,0.5
00104878,营口信义一等品,001,白玻,10,3000,2100,0
00104877,营口信义一等品,001,白玻,10,2850,2053,0
00104876,滕州金晶白玻汽车级,001,白玻,3.2,3660,2440,0
00401984,威海中玻黑玻合格,004,色玻,5,3300,2140,0
00401983,威海中玻黑玻合格,004,色玻,5,3300,2250,0
00401982,威海中玻福特蓝镀膜合格品,004,色玻,4.5,3660,2740,0
00104875,利虎一等品,001,白玻,6,3300,2600,0.2
00104874,利虎混装品,001,白玻,3.5,2440,1370,0.2
00201428,本溪玉晶lowe180,002,Low-E,6,3300,2740,0
00201427,本溪玉晶lowe180,002,Low-E,5,3300,2140,0
00104873,德金优等品,001,白玻,3.8,2440,1900,0.4
00401981,唐山蓝欣欧茶膜,004,色玻,6,3300,2140,0.2
00401980,中联黑玻20系,004,色玻,4,2440,1830,0.2
00104871,石家庄玉晶一等,001,白玻,8,3300,1525,0.4
00104870,石家庄玉晶一等,001,白玻,8,3300,3050,0.4
00104869,石家庄玉晶一等品,001,白玻,10,4880,2250,0.3
00104868,河北南玻普白汽车级,001,白玻,15,3300,2740,0.2
00201426,内蒙古玉晶lowe160,002,Low-E,5,3660,2600,0
00201425,内蒙古玉晶lowe160,002,Low-E,5,3660,2140,0
00201424,中玻双银lowe160,002,Low-E,6,3300,2740,0.2
00201423,中玻双银lowe160,002,Low-E,6,3660,2440,0.2
00201422,中玻双银lowe180,002,Low-E,6,3300,2740,0.2
00401979,湖北三峡福特蓝镀膜一等,004,色玻,5,3660,2440,0.2
00104867,安全优等品,001,白玻,6,5200,2600,0
00301768,淄博金晶超白建筑级,003,超白,8,3300,2440,0
00301767,淄博金晶超白建筑级,003,超白,6,3660,2800,0
00301766,淄博金晶超白建筑级,003,超白,6,3660,2600,0
00301765,淄博金晶超白建筑级,003,超白,8,3300,2140,0
00104866,安全制镜级,001,白玻,4.6,2440,1830,0.2
00301764,成都南玻超白汽车级,003,超白,10,4880,2600,0
00301763,成都南玻超白汽车级,003,超白,8,4880,2600,0
00301762,成都南玻超白汽车级,003,超白,8,4580,2600,0
00104865,荣信超薄玻璃,001,白玻,1.8,2280,1960,0
00104864,荣信超薄玻璃,001,白玻,2,2440,1830,0
00500591,如意花,005,压花,4.3,2440,1830,0
00401978,贵州凯荣欧洲灰玻优等,004,色玻,5,3660,2440,0
00104863,石家庄玉晶合格品,001,白玻,5,3050,2250,0.2
00104862,石家庄玉晶合格品,001,白玻,5,3050,2600,0.2
00800150,欧灰银镜,008,镜子,6,3660,2440,0.2
00401977,廊坊金彪欧洲灰原片优等品,004,色玻,5,3660,2140,0.2
00104861,石家庄玉晶一等品,001,白玻,6.4,3660,2440,0.2
00201421,天津南玻Super-1,002,Low-E,5,3300,2740,0.2
00201420,天津南玻Super-1,002,Low-E,6,3660,2440,0.2
00401976,安强欧茶镀膜,004,色玻,5,3300,2140,0.2
00401975,安强欧茶镀膜,004,色玻,4,3300,2134,0.2
00401974,安强宝石蓝镀膜优等品,004,色玻,4,3300,2134,0.2
00700472,双面普白油砂,007,油砂,10,3660,2440,0.2
00301761,成都南玻超白汽车级,003,超白,10,3660,2660,0
00301760,成都南玻超白汽车级,003,超白,12,3800,2800,0
00301759,成都南玻超白汽车级,003,超白,10,3660,2600,0
00301758,成都南玻超白汽车级,003,超白,6,3300,2700,0
00201419,石家庄玉晶lowe180,002,Low-E,10,3660,2440,0.2
00800149,银镜,008,镜子,5,3300,2280,0.2
00201418,石家庄玉晶lowe180,002,Low-E,10,4580,2440,0.2
00104860,成都南玻超白汽车级,001,白玻,12,4580,2800,0
00104859,成都南玻超白汽车级,001,白玻,12,4580,2600,0
00104858,成都南玻超白汽车级,001,白玻,12,4000,2440,0
00401973,凯盛欧茶原片优等品,004,色玻,4.2,3660,2440,0.2
00401972,凯盛金茶原片优等品,004,色玻,4.5,3660,2440,0.2
00104857,石家庄玉晶一等品,001,白玻,12,4880,2600,0.3
00104856,河北南玻普白汽车级,001,白玻,15,3300,2600,0.2
00104855,石家庄玉晶一等品,001,白玻,10,4200,2140,0.3
00800148,单向透视,008,镜子,8,2440,1830,0.2
00700471,超白金元双面油砂,007,油砂,7,2440,2100,0.2
00104854,宿迁中玻合格品,001,白玻,3.2,3540,2495,0
00104853,宿迁中玻合格品,001,白玻,3.2,3540,2385,0
00104852,宿迁中玻合格品,001,白玻,3.2,3660,2495,0
00104851,宿迁中玻合格品,001,白玻,3.2,3660,2440,0
00600141,磨砂,006,磨砂,3.2,2200,2000,0.1
00104850,金仓白玻一等品,001,白玻,3.4,2440,2000,0.1
00104849,金仓白玻一等品,001,白玻,3.4,2200,2000,0.1
00201417,单向透视,002,Low-E,8,1330,2362,0
00600140,磨砂,006,磨砂,4.2,3300,2440,0.2
00301757,商丘中联超白汽车级,003,超白,6.5,3660,2250,0
00104848,东台中玻白玻普通级,001,白玻,5,3660,2600,0
00104847,东台中玻白玻普通级,001,白玻,5,3660,2440,0
00500590,黔玻超白长虹,005,压花,4.5,2250,2440,0
00104846,黔玻白玻,001,白玻,10,3660,2440,0
00401971,凯荣欧洲灰玻,004,色玻,4,3660,2440,0
00700470,单面欧洲灰油砂,007,油砂,7.2,3660,2440,0
00700469,单面欧洲灰油砂,007,油砂,4,3660,2440,0
00700468,单面欧洲灰油砂,007,油砂,4,3660,2140,0
00104845,鸿升一等,001,白玻,2.4,2440,1600,0.1
00201416,石家庄玉晶lowe180,002,Low-E,10,4280,2440,0.2
00104844,寿光光耀普通级-x,001,白玻,4.8,2440,1830,0.3
00104843,东台中玻白玻普通级,001,白玻,5,3590,2520,0
00401970,成都南玻欧灰优等品,004,色玻,8,3660,2250,0
00401969,云南海生福特蓝镀膜优等,004,色玻,4.5,2440,1950,0
00401968,云南海生福特蓝镀膜优等,004,色玻,4.5,2440,1830,0
00401967,云南海生福特蓝原片优等,004,色玻,4.5,2440,1950,0
00401966,云南海生福特蓝原片优等,004,色玻,4.3,2440,1950,0
00500589,耀威布纹,005,压花,3,2000,1900,0.2
00700467,双面超白油砂,007,油砂,8,3660,2250,0.2
00401965,漳州旗滨欧茶玻,004,色玻,6.7,3660,2440,0.2
00800147,双漆铝镜,008,镜子,4,2440,1830,0.2
00104842,石家庄玉晶合格品,001,白玻,3.2,3300,2645,0.2
00104841,金宏阳优等品,001,白玻,3.2,2440,1830,0.2
00104840,巨润一等品,001,白玻,7.2,3660,2032,0
00401964,威海中玻福特蓝镀膜合格品,004,色玻,4.5,2440,1830,0
00201415,营口信义XETG0150,002,Low-E,6,3300,2740,0
00201414,营口信义XETG0150,002,Low-E,6,3300,2440,0
00201413,营口信义XETNO170,002,Low-E,6,3300,2740,0
00104839,东台中玻一等品,001,白玻,4,3660,2440,0
00401963,漳州旗滨欧茶玻,004,色玻,4,2440,1830,0.2
00401962,唐山蓝欣福特蓝镀膜优等品,004,色玻,4.3,2440,1760,0.2
00401961,唐山蓝欣福特蓝镀膜优等品,004,色玻,4.3,2440,1900,0.2
00201412,营口信义XETNO180,002,Low-E,8,4880,3300,0
00104838,营口信义PT级,001,白玻,6,3660,2740,0
00104837,滕州金晶白玻汽车级,001,白玻,6.8,3660,2440,0
00104836,滕州金晶白玻汽车级,001,白玻,6.8,3660,2250,0
00104835,金宏阳优等品,001,白玻,3,1900,2440,0.2
00104834,金宏阳优等品,001,白玻,3,880,2380,0.2
00104833,金宏阳优等品,001,白玻,3,900,2300,0.2
00104832,德金优等,001,白玻,3.8,2440,1900,0.4
00104831,鸿升一等,001,白玻,2.7,2440,1830,0.1
00104830,石家庄玉晶一等品,001,白玻,3,3670,2350,0.15
00201411,安强lowe160,002,Low-E,5,3660,2250,0.2
01000044,12号槽钢L架子,010,其他,1,1,1,0
00104829,寿光光耀普通级-X,001,白玻,3.5,2200,1830,0
00201410,中玻lowe140,002,Low-E,5,3300,2280,0.2
00201409,中玻lowe140,002,Low-E,5,3300,2740,0.2
00401960,漳州旗滨福特蓝镀膜KN,004,色玻,5,3660,2600,0
00301756,成都南玻超白汽车级,003,超白,12,3660,2210,0
00800146,铝镜,008,镜子,6,3660,2140,0
00800145,铝镜,008,镜子,6,3660,2440,0
00401959,成都南玻欧灰优等品,004,色玻,8,3660,2440,0
00301755,成都南玻超白汽车级,003,超白,7,3660,2440,0
00401958,成都南玻欧洲灰玻原片优等,004,色玻,4.2,3660,2140,0
00401957,威海中玻福特蓝镀膜合格品,004,色玻,4.5,3660,2800,0
00600139,磨砂（长城原片）,006,磨砂,6,3300,2600,0.2
00401956,威海中玻黑玻,004,色玻,5,3660,2440,0
00401955,威海中玻黑玻,004,色玻,3.8,3660,2440,0
00104828,台玻超白汽车级,001,白玻,3.6,3660,2440,0
00104827,本溪玉晶合格过渡品,001,白玻,6,3660,2740,0
00500588,超白压花光伏玻璃,005,压花,3.2,2350,1350,0
00301754,台玻超白汽车级,003,超白,6.4,3660,2140,0
00301753,台玻超白汽车级,003,超白,3.6,3660,2140,0
00104826,安全等外品,001,白玻,6,2200,1650,0.2
00104825,利虎一等,001,白玻,3.5,2200,1650,0.25
00104824,安全一等,001,白玻,12,4880,3050,0.2
00700466,超白长虹油砂,007,油砂,7,2440,2100,0.2
00401954,秦皇岛耀华耀华灰玻,004,色玻,3.2,3660,2440,0
00104823,天津信义PT级,001,白玻,3.8,3660,2440,0
00104822,安全合格,001,白玻,6,3300,2280,0.2
00104821,安全合格品,001,白玻,5,3300,2740,0.2
00301752,中联超白汽车级,003,超白,15,4000,3660,0
00301751,中联超白汽车级,003,超白,12,4880,3300,0
00301750,中联超白建筑级,003,超白,15,4000,3660,0
00301749,中联超白建筑级,003,超白,12,4880,3300,0
00301748,中联超白建筑级,003,超白,8,4880,3300,0
00600138,磨砂（长城原片）,006,磨砂,5,3300,2140,0.2
00104820,利虎一等品,001,白玻,3.9,3300,2250,0.2
00401953,贵州凯荣欧洲灰玻优等,004,色玻,6.4,3660,2140,0
00401952,贵州凯荣欧洲灰玻优等,004,色玻,3.7,3660,2140,0
00104819,安全优等品,001,白玻,8,4880,2030,0.2
00700465,超白长虹双面油砂,007,油砂,7,2440,2100,0.8
00201408,安强lowe170,002,Low-E,5,3300,2140,0.2
00500587,东兴超白长虹,005,压花,7,3300,2440,0.5
00600137,磨砂（安全原片）,006,磨砂,10,3660,2140,0.2
00500586,东兴超白长虹,005,压花,8,3300,2440,0.5
00700464,超白长虹双面油砂,007,油砂,7,2400,2100,0.8
00201407,石家庄玉晶lowe170,002,Low-E,10,3660,2440,0.2
00104818,本溪玉晶混装品,001,白玻,6.3,3660,2440,0
00104817,寿光光耀普通级-x,001,白玻,4.8,2700,1900,0.3
00401951,天津耀皮黑玻,004,色玻,10,3660,2600,0.2
00401950,天津耀皮黑玻,004,色玻,10,3660,2250,0.2
00401949,天津耀皮黑玻,004,色玻,8,3660,2600,0.2
00401948,天津耀皮黑玻,004,色玻,8,3660,2250,0.2
00104816,寿光光耀普通级-x,001,白玻,4.8,2700,2100,0.3
00201406,安强lowe170仿台玻,002,Low-E,5,3660,2440,0.2
00201405,营口信义XDTB0170,002,Low-E,12,3660,2740,0
00201404,营口信义XDTB0170,002,Low-E,12,4880,3050,0
00201403,营口信义XDTB0170,002,Low-E,5,3660,2440,0
00104815,寿光光耀普通级-X,001,白玻,4.5,2440,1900,0.3
00301747,醴陵旗滨高性能超白玻璃,003,超白,5,3660,2740,0
00301746,河北南玻超白汽车级,003,超白,8,3300,1600,0.2
00401947,贵州凯荣欧洲灰玻优等,004,色玻,12,3660,2630,0
00401946,贵州凯荣欧洲灰玻优等,004,色玻,12,3660,2440,0
00401945,贵州凯荣欧洲灰玻合格,004,色玻,4.5,3660,2440,0
00401944,贵州凯荣欧洲灰玻合格,004,色玻,5,3660,2440,0
00401943,贵州凯荣欧洲灰玻优等,004,色玻,4.3,3660,2140,0
00201402,单向透视,002,Low-E,8,3660,2440,0.2
00301745,醴陵旗滨高性能超白玻璃,003,超白,6,3660,2740,0
00401942,贵州凯荣欧洲灰玻合格,004,色玻,7.2,3660,2440,0
00401941,贵州凯荣欧洲灰玻合格,004,色玻,6,3660,2440,0
00401940,贵州凯荣欧洲灰玻合格,004,色玻,4.2,3660,2440,0
00401939,圣戈班黑玻20系,004,色玻,5,3660,2440,0
00104814,本溪玉晶合格品过渡,001,白玻,6,3660,2140,0
00104813,本溪玉晶合格品过渡,001,白玻,2.6,2440,1830,0
00104812,本溪玉晶合格品过渡,001,白玻,2.9,2440,2000,0
00104811,本溪玉晶合格品过渡,001,白玻,2.9,2440,1830,0
00104810,本溪玉晶合格品过渡,001,白玻,10,3660,2740,0
00104809,本溪玉晶合格品过渡,001,白玻,6,3660,2740,0
00104808,寿光光耀普通级-X,001,白玻,4.4,2200,1830,0
00104807,东兴普白双方格,001,白玻,8,2440,2100,0.5
00104806,寿光光耀普通级-X,001,白玻,3.5,2200,1900,0
00104805,金宏阳优等,001,白玻,3.7,2440,1830,0.2
00104804,金宏阳优等,001,白玻,3.6,2440,2000,0.2
00401938,贵州凯荣欧洲灰玻优等,004,色玻,7.5,3660,2440,0
00401937,贵州凯荣欧洲灰玻优等,004,色玻,8,3660,2440,0
00301744,天津信义超白一等品,003,超白,12,4340,3050,0
00301743,天津信义超白一等品,003,超白,8,4280,3050,0
00301742,天津信义超白一等品,003,超白,5,3660,2440,0
00500585,飞耀超白布纹,005,压花,5,2440,2000,0.3
00500584,东兴超白银波,005,压花,7.2,2440,2100,0.5
00104803,宿迁中玻白玻合格品,001,白玻,4.8,3660,2630,0
00401936,威海中玻金茶玻优等品,004,色玻,4.8,2440,1830,0
00104802,宿迁中玻白玻一等,001,白玻,4,3660,2440,0
00104801,三峡白玻一等品,001,白玻,5,3660,2740,0
00301741,成都南玻超白汽车级,003,超白,3.6,3660,2440,0
00401935,曲靖海生绿玻原片优等,004,色玻,4.3,2440,1830,0
00401934,曲靖海生绿玻原片合格,004,色玻,4.3,2440,1500,0
00401933,湖北三峡欧洲灰原片普通级,004,色玻,3.8,3660,2440,0
00401932,漳州旗滨福特蓝玻KN,004,色玻,6,3660,2740,0
00401931,漳州旗滨福特蓝镀膜优等,004,色玻,6,3660,2440,0
00401930,漳州旗滨福特蓝镀膜优等,004,色玻,5,3660,2630,0
00201401,中玻lowe170,002,Low-E,6,3660,2250,0.2
00104800,巨润一等,001,白玻,3.3,3660,2440,0
00401929,漳州旗滨福特蓝镀膜优等,004,色玻,5,3660,2140,0.2
00700463,超白水纹油砂,007,油砂,7,2440,2100,0.2
00700462,江西超白香梨油砂,007,油砂,7,2440,2100,0.2
00700461,双面超白油砂,007,油砂,7.2,2440,2100,0.2
00700460,双面超白油砂,007,油砂,7.2,2440,1560,0.2
00104799,巨润合格品,001,白玻,10,4200,2440,0
00401928,威海中玻福特蓝镀膜合格品,004,色玻,4.3,2440,1830,0
00104798,宿迁中玻白玻合格品,001,白玻,4,3255,2440,0
00401927,贵州凯荣欧洲灰玻合格,004,色玻,4.3,2440,1830,0
00401926,贵州凯荣欧洲灰玻优等,004,色玻,4.5,3660,2440,0
00104797,巨润合格品,001,白玻,12,4200,2134,0
00104796,巨润合格品,001,白玻,10,4200,2400,0
00104795,巨润合格品,001,白玻,10,4200,2134,0
00104794,巨润合格品,001,白玻,8,4200,2440,0
00401925,贵州凯荣欧洲灰玻优等,004,色玻,4.3,3660,2440,0
00401924,曲靖海生绿原片优等,004,色玻,4.3,2440,2000,0
00401923,曲靖海生绿原片优等,004,色玻,4.3,2440,1950,0
00401922,曲靖海生绿原片优等,004,色玻,4.3,2440,1830,0
00104793,鸿昇优等品,001,白玻,2.9,2440,2000,0.1
00401921,湖北三峡欧洲灰原片,004,色玻,7,3660,2440,0.2
00700459,双面油砂,007,油砂,7,3660,2250,0.2
00301740,成都南玻超白汽车级,003,超白,10,3660,2290,0
00301739,安彩超白汽车级,003,超白,10,3050,2440,0
00301738,安彩超白汽车级,003,超白,10,3050,2800,0
00104792,宿迁中玻白玻合格品,001,白玻,4,3225,2440,0
00104791,宿迁中玻白玻合格品,001,白玻,4,3300,2440,0
00401920,河源旗滨欧洲灰玻KN,004,色玻,3.5,3660,2440,0
00104790,石家庄玉晶一等品,001,白玻,12,3050,3050,0.3
00401919,贵州凯荣欧洲灰玻优等,004,色玻,4.3,2440,1950,0
00401918,湖北三峡欧灰普通级,004,色玻,4.2,3660,2440,0.2
00401917,贵州凯荣欧洲灰玻优等,004,色玻,7.2,3660,2440,0
00401916,贵州凯荣欧洲灰玻优等,004,色玻,4.2,3660,2440,0
00401915,中联黑玻普通级,004,色玻,4.5,3660,2440,0.2
00104789,石家庄玉晶一等品,001,白玻,12,4580,3050,0.3
00201400,子创lowe160,002,Low-E,4.5,3660,2440,0.2
00104788,寿光光耀普通级-X,001,白玻,4.4,2440,1900,0
00401914,威海中玻福特蓝镀膜合格,004,色玻,4.5,3660,2600,0
00401913,威海中玻福特蓝镀膜合格,004,色玻,4.5,3660,2250,0
00104787,寿光光耀普通级-X,001,白玻,4.4,2440,2000,0
00104786,凯盛晶华一等品,001,白玻,3.6,2440,1524,0
00104785,利虎一等品,001,白玻,3.9,3300,2134,0.2
00104784,德金优等品,001,白玻,3.8,2440,2000,0.4
00500583,灰长虹,005,压花,5,2440,2100,0.8
00104783,寿光光耀普通级,001,白玻,5,2700,2000,0
00104782,安全一等品,001,白玻,8,4880,2600,0.2
00301737,醴陵旗滨高性能超白玻璃,003,超白,12,3660,2800,0
00301736,醴陵旗滨高性能超白玻璃,003,超白,10,3660,2740,0
00301735,醴陵旗滨高性能超白玻璃,003,超白,10,3660,2280,0
00301734,醴陵旗滨高性能超白玻璃,003,超白,6,3660,2440,0
00301733,中联超白建筑级,003,超白,4,3300,2440,0
00104781,利虎合格,001,白玻,10,3660,2250,0.4
00401912,安强蓝星灰镀膜优等,004,色玻,4.3,3660,2600,0.2
00104780,金宏阳优等,001,白玻,2,2440,1830,0.1
00104779,寿光光耀普通级-X,001,白玻,4.2,2440,1900,0
00401911,唐山蓝欣欧洲灰混装品,004,色玻,10,3660,2440,0.2
00104778,寿光光耀普通级,001,白玻,5,2440,2000,0
00104777,寿光光耀普通级,001,白玻,3.8,2200,1900,0
00104776,寿光光耀普通级,001,白玻,5,2440,2700,0
00104775,德金优等品,001,白玻,3.8,2200,2000,0.4
00301732,东台中玻超白一等品,003,超白,4.1,3660,2440,0.2
00401910,灰透麒麟,004,色玻,6.7,3660,2440,0.2
00401909,凯荣欧洲灰玻,004,色玻,7.2,3660,2440,0.2
00104774,寿光光耀普通级-X,001,白玻,3.5,2440,1900,0
00301731,商丘中联超白汽车级,003,超白,6,4600,3600,0
00401908,威海中玻黑玻10系,004,色玻,4.2,3660,2440,0
00301730,中联超白一等,003,超白,6,4600,3660,0
00201399,本溪玉晶lowe170,002,Low-E,6,4280,2440,0
00104773,德金优等品,001,白玻,3.8,2440,1830,0.4
00104772,本溪玉晶混装品,001,白玻,6.3,3300,2740,0
00104771,本溪玉晶一等品,001,白玻,3.2,2340,1830,0
00301729,中联超白建筑级,003,超白,10,3300,2440,0
00104770,巨润一等品,001,白玻,7.5,2440,2000,0
00104769,巨润一等品,001,白玻,7.2,2440,2000,0
00401907,唐山蓝欣欧茶膜优等,004,色玻,6,3660,2440,0.2
00401906,威海中玻欧洲灰玻普通级,004,色玻,6,3660,2440,0
00401905,威海中玻欧洲灰玻客户定制级,004,色玻,7,3660,2440,0
00401904,威海中玻欧洲灰玻客户定制级,004,色玻,6,3660,2440,0
00401903,威海中玻黑玻,004,色玻,5,2140,1650,0
00104768,宿迁中玻白玻合格品,001,白玻,4,3640,2375,0
00104767,宿迁中玻白玻合格品,001,白玻,4,3300,2250,0
00301728,山西飞耀超白银玻,003,超白,5,2440,2100,0.5
00401902,贵州凯荣欧洲灰玻优等,004,色玻,4.3,2440,1830,0
00700458,漳州旗滨单面超白油砂,007,油砂,8,3660,2440,0
00700457,漳州旗滨单面超白油砂,007,油砂,4,3660,2440,0
00900009,双面玉砂,009,玉砂,8,3300,2440,0.2
00104766,金宏阳一等品,001,白玻,6,4200,2600,0.2
00104765,金宏阳优等,001,白玻,2.5,2440,1830,0.2
00104764,金宏阳优等,001,白玻,2.5,2200,1830,0.2
00104763,金宏阳优等,001,白玻,2.1,1580,990,0.1
00104762,金宏阳优等,001,白玻,2.1,955,1500,0.1
00104761,金宏阳优等,001,白玻,2.1,1036,1496,0.1
00104760,金宏阳优等,001,白玻,2.1,1020,1420,0.1
00500582,江苏辉奥长虹,005,压花,5,2800,2250,0.2
00104759,营口信义一等品,001,白玻,12,3300,2440,0
00104758,双辽迎新合格品,001,白玻,5,3300,2440,0
00104757,东台中玻一等品,001,白玻,6.8,3660,2140,0
00201398,安强Lowe160,002,Low-E,6,3660,2280,0.2
00201397,子创Lowe160,002,Low-E,5,3300,2280,0.2
00201396,子创Lowe160,002,Low-E,6,3300,2280,0.2
00104756,营口信义一等品,001,白玻,8,3050,2290,0
00104755,营口信义一等品,001,白玻,8,3050,2440,0
00104754,营口信义一等品,001,白玻,10,3050,2290,0
00104753,营口信义一等品,001,白玻,10,4880,2200,0
00201395,安强lowe170仿台玻,002,Low-E,5,3660,2600,0.2
00700456,普白油砂,007,油砂,6.8,3660,2440,0.2
00700455,超白油砂中联原片,007,油砂,6.5,3660,2250,0.2
00700454,中玻灰油砂,007,油砂,6.5,3660,2250,0.2
00500581,贵山超白长虹,005,压花,4.5,2200,2100,0.5
00104752,滕州金晶白玻建筑级,001,白玻,4,3660,2140,0
00500580,江苏超白长虹,005,压花,4.5,2200,2250,0.5
00700453,超白长虹油砂,007,油砂,7,2200,2250,0.5
00401901,威海中玻过度色,004,色玻,4.1,2440,1830,0
00104751,金宏阳优等,001,白玻,2.1,1660,1105,0.1
00104750,金宏阳优等,001,白玻,2.1,1480,920,0.1
00301727,超白光伏玻璃KB,003,超白,7,3660,2440,0
00301726,超白光伏玻璃KB,003,超白,8,3660,2440,0
00301725,超白光伏玻璃KB,003,超白,4,3660,2440,0
00401900,贵州凯荣欧洲灰玻优等,004,色玻,7.5,3660,2140,0
00401899,贵州凯荣欧洲灰玻优等,004,色玻,5,3660,2140,0
00401898,贵州凯荣欧洲灰玻优等,004,色玻,4.5,3660,2140,0
00401897,贵州凯荣欧洲灰玻优等,004,色玻,3.8,3660,2440,0
00301724,秦皇岛奥华超白汽车级,003,超白,6,3300,2440,0.2
00401896,漳州旗滨欧洲灰玻优等品,004,色玻,6.7,3660,2440,0.2
00104749,利虎一等,001,白玻,6.7,3660,2140,0.2
00104748,淄博金晶白玻建筑级,001,白玻,5,3660,2800,0
00201394,石家庄玉晶双银lowe70,002,Low-E,6,3660,2600,0.2
00600136,单面磨砂,006,磨砂,7,3660,2440,0.2
00104747,东台中玻一等品,001,白玻,6.8,3660,2440,0
00104746,寿光光耀优质加工级,001,白玻,3.8,2440,1900,0
00401895,威海中玻福特蓝镀膜合格品,004,色玻,4.5,3660,2440,0
00401894,威海中玻福特蓝镀膜合格品,004,色玻,4.3,3660,2600,0
00401893,威海中玻福特蓝镀膜合格品,004,色玻,4.3,3660,2140,0
00104745,双辽迎新合格,001,白玻,3.5,2200,1370,0
00104744,双辽迎新合格,001,白玻,3.5,2440,1830,0
00401892,贵州凯荣欧洲灰玻优等,004,色玻,6.4,3660,2440,0
00401891,贵州凯荣欧洲灰玻优等,004,色玻,3.7,3660,2440,0
00201393,安强仿信义lowe70,002,Low-E,6,3300,2600,0.2
00301723,1003783.21,003,超白,12,3300,2520,0.2
00104743,金宏阳优等品,001,白玻,2.1,1505,875,0.1
00104742,巨润一等品,001,白玻,8,4280,2440,0
00301722,河北南玻超白汽车级,003,超白,12,3300,2520,0.2
00700452,单面油砂,007,油砂,5,2440,1830,0.2
00401890,威海中玻福特蓝镀膜合格品,004,色玻,4.3,3660,2800,0
00401889,威海中玻福特蓝镀膜合格品,004,色玻,4.3,3660,2250,0
00201392,中玻lowe170,002,Low-E,12,4880,2800,0.2
00201391,中玻lowe170,002,Low-E,8,4000,2600,0.2
00201390,单向透视,002,Low-E,6,2876,1076,0.2
00401888,株洲醴陵旗滨翡翠绿玻KN,004,色玻,5,3660,2134,0
00104741,双辽迎新一等品,001,白玻,8,3660,1952,0
00104740,淄博金晶白玻建筑级,001,白玻,3.2,3300,2440,0
00104739,淄博金晶白玻建筑级,001,白玻,3.2,3660,2440,0
00800144,黑镜,008,镜子,6,3660,2440,0.2
00800143,黑镜,008,镜子,5,3660,2440,0.2
00104738,安全优等,001,白玻,8,3660,2003,0.2
00104737,石家庄玉晶一等品,001,白玻,12,3660,3050,0.4
00500579,双面灰麒麟油砂,005,压花,6.5,3660,2440,0.2
00600135,磨砂,006,磨砂,4.3,3660,2600,0.2
00104736,德金优等品,001,白玻,4,2440,2000,0.25
00401887,漳州旗滨福特蓝镀膜优等,004,色玻,4.5,3660,2440,0
00401886,漳州旗滨福特蓝镀膜优等,004,色玻,4.3,2440,1830,0
00500578,超白双绒,005,压花,4,3300,2440,0.2
00201389,天津信义单银XETN0180ws级,002,Low-E,5,3300,2440,0
00301721,安彩超白汽车级,003,超白,8,3300,3000,0
00301720,安彩超白汽车级,003,超白,8,3300,2900,0
00104735,本溪玉晶合格品,001,白玻,3.2,3660,2040,0
00201388,安强lowe170,002,Low-E,4.6,3660,2600,0.2
00104734,金宏阳优等,001,白玻,2.1,1500,950,0.2
00104733,金宏阳优等,001,白玻,2.1,1410,950,0.2
00104732,金宏阳优等,001,白玻,2.1,1525,960,0.2
00104731,金宏阳优等,001,白玻,2.1,1500,920,0.2
00800142,双漆铝镜,008,镜子,4.5,2440,1830,0.2
00401885,凯盛晶华金茶玻优等,004,色玻,3.8,3660,2440,0.2
00104730,安全合格品,001,白玻,8.3,3660,2472,0.2
00104729,安全一等品,001,白玻,8.3,3660,2472,0.2
00401884,湖北三峡福特蓝镀膜一等,004,色玻,5,3660,2140,0
00104728,寿光光耀普通级-X,001,白玻,3.5,2440,2000,0
00104727,巨润一等品,001,白玻,3.4,2440,1800,0
00500577,超白金元,005,压花,8,2800,2100,0.8
00500576,超白水纹油砂,005,压花,8,2800,2100,0.8
00500575,超白香梨油砂,005,压花,8,2440,2100,0.8
00104726,寿光光耀普通级-X,001,白玻,4.5,2200,1900,0.3
00104725,利虎一等品,001,白玻,4.2,3300,2600,0.2
00104724,寿光光耀普通级-X,001,白玻,4.5,2200,1830,0.3
00104723,寿光光耀普通级-X,001,白玻,3.5,2440,1830,0
00401883,三峡欧洲灰玻一等品,004,色玻,6.7,3660,2250,0.2
00104722,长城合格品,001,白玻,5,3300,2140,0.2
00104721,寿光光耀普通级-X,001,白玻,4.4,2200,2000,0
00600134,磨砂,006,磨砂,3.4,2200,2000,0
00600133,磨砂,006,磨砂,3.4,2440,2000,0
00201387,旗滨LOWE-S3,002,Low-E,6,3660,2440,0
00201386,安强lowe170仿信义,002,Low-E,5,3660,2440,0.2
00401882,廊坊金彪欧茶玻优等,004,色玻,6.8,3660,2440,0.2
00301719,超白防滑30%,003,超白,12,2440,1830,0.2
00401881,廊坊金彪欧洲灰玻一等品,004,色玻,6,3660,2140,0.2
00301718,河北南玻超白汽车级,003,超白,15,3300,2704,0.2
00104720,湖北明弘一等品,001,白玻,5,3660,2440,0
00104719,巨润合格品,001,白玻,3.4,3660,2250,0
00500574,沙河贵山超白水波纹,005,压花,7,3300,2100,0.6
00800141,银镜,008,镜子,5,3660,2250,0.2
00800140,环氧树脂无铜银镜,008,镜子,6,3660,2440,0.2
00800139,环氧树脂无铜银镜,008,镜子,5,3660,2140,0.2
00800138,环氧树脂无铜银镜,008,镜子,5,3660,2250,0.2
00800137,环氧树脂无铜银镜,008,镜子,5,3660,2440,0.2
00104718,营口信义一等品,001,白玻,4,3660,2740,0
00104717,河北南玻普白汽车级,001,白玻,15,3300,2704,0.2
00401880,中联黑玻10系,004,色玻,10,3660,2440,0.2
00401879,威海中玻福特蓝玻合格品,004,色玻,5,3660,2440,0
00500573,正鑫布纹,005,压花,5,2440,2000,0.2
00401878,河源旗滨欧洲灰玻,004,色玻,8,3660,2440,0
00401877,漳州旗滨福特蓝镀膜优等,004,色玻,4.3,3660,2746,0
00401876,威海中玻福特蓝镀膜合格品,004,色玻,5,3660,2250,0
00401875,河源旗滨欧灰玻优等,004,色玻,3.2,3660,2440,0
00104716,寿光光耀普通级,001,白玻,3.8,2440,2000,0
00104715,鸿升优等品,001,白玻,3.5,2440,1900,0.3
00104714,安全优等,001,白玻,6,4580,2280,0.2
00104713,耀华白玻优等,001,白玻,6,3660,2140,0.2
00104712,凯盛晶华混装品,001,白玻,3.9,3660,2140,0.1
00104711,淄博金晶白玻建筑级,001,白玻,4.2,3660,2440,0
00104710,利虎一等,001,白玻,3.5,2440,2000,0.25
00104709,利虎一等,001,白玻,3.5,2440,1370,0.25
00201385,石家庄玉晶双银lowe70,002,Low-E,6,3300,1800,0
00201384,滕州金晶单银loweS70,002,Low-E,12,4880,3300,0
00201383,滕州金晶单银loweS70,002,Low-E,10,4880,2800,0
00201382,滕州金晶单银loweS70,002,Low-E,10,3660,2440,0
00104708,安全优等品,001,白玻,8.3,3660,2472,0.3
00104707,淄博金晶白玻汽车级,001,白玻,4.2,3660,2440,0
00104706,宿迁中玻白玻合格品,001,白玻,4.8,3660,2440,0
00104705,寿光光耀普通级-X,001,白玻,3.8,2200,2000,0
00301717,成都南玻超白汽车级,003,超白,8,3660,2140,0
00104704,本溪玉晶一等,001,白玻,3.2,3680,2530,0
00104703,本溪玉晶一等,001,白玻,3.2,3300,2440,0
00401874,漳州旗滨福特蓝镀膜优等,004,色玻,8,3660,2740,0
00401873,漳州旗滨福特蓝镀膜优等,004,色玻,4.3,3660,2440,0
00700451,贵山超白长虹油砂,007,油砂,4.5,2440,2250,0.5
00700450,双面灰油砂,007,油砂,7.2,2440,2100,0.2
00700449,双面灰油砂,007,油砂,7.2,2440,1560,0.2
00500572,贵州黔玻超白银玻优等,005,压花,7.5,2800,2100,0.5
00401872,龙泰福特蓝玻合格品,004,色玻,5,3660,2440,0
00301716,中联超白一等品,003,超白,4,3660,2500,0
00201381,安强lowe170,002,Low-E,6,3300,2250,0.2
00401871,廊坊金彪欧洲灰原片优等品,004,色玻,4,3660,2440,0.2
00401870,福建龙泰福特蓝镀膜合格品,004,色玻,8,3660,2440,0
00401869,曲靖海生福特蓝镀膜优等,004,色玻,4.3,2440,1830,0
00401868,曲靖海生福特蓝镀膜优等,004,色玻,4.3,2440,1950,0
00201380,湖北亿钧lowe170优等品,002,Low-E,5,3660,2140,0
00201379,安强lowe170,002,Low-E,5,3300,2250,0.2
00104702,寿光光耀优质加工级,001,白玻,3.5,2200,1830,0
00104701,寿光光耀优质加工级,001,白玻,3.5,2200,2000,0
00301715,东兴超白长虹,003,超白,8,3660,2440,0.8
00301714,超白长虹油砂,003,超白,8,3660,2440,0.8
00301713,超白长虹油砂,003,超白,8,3300,2440,0.8
00104700,利虎青春合格品,001,白玻,4.2,3300,2250,0.2
00104699,利虎青春合格品,001,白玻,4.2,3300,2600,0.2
00401867,龙泰福特蓝玻优等,004,色玻,5,3660,2630,0
00201378,滕州金晶单银lowe170,002,Low-E,5,3300,2800,0
00401866,凯盛晶华欧茶一等,004,色玻,3.8,3660,2440,0
00301712,天津信义超白一等品,003,超白,5,3300,2600,0
00301711,滕州金晶超白汽车级,003,超白,10,4580,2140,0
00301710,天津信义单银超白XETN0080,003,超白,12,4880,3300,0
00301709,天津信义单银超白XETN0080,003,超白,12,4880,3050,0
00301708,天津信义单银超白XETN0080,003,超白,8,4580,3050,0
00301707,天津信义单银超白XETN0080,003,超白,5,3300,2740,0
00104698,淄博金晶白玻建筑级,001,白玻,3.5,2440,1830,0
00104697,淄博金晶白玻建筑级,001,白玻,3,2440,1830,0
00401865,威海中玻黑玻,004,色玻,6,3660,2440,0
00104696,寿光光耀普通级-X,001,白玻,4.3,3660,2440,0
00104695,营口信义一等品,001,白玻,8,3050,2280,0
00104694,营口信义一等品,001,白玻,8,3300,2300,0
00301706,成都南玻超白汽车级,003,超白,6.7,3660,2140,0
00401864,河北子创福特蓝镀膜优等,004,色玻,5,3660,2440,0.2
00301705,成都南玻超白汽车级,003,超白,6.7,3660,2440,0
00104693,东台中玻一等品,001,白玻,4.1,3660,2250,0
00104692,东台中玻一等品,001,白玻,4.1,3660,2440,0
00800136,黑烤漆,008,镜子,6,2440,1830,0.2
00800135,黑烤漆,008,镜子,4.8,2440,1830,0.2
00301704,奥华超白汽车级,003,超白,6.7,3660,2440,0.2
00401863,威海中玻福特蓝镀膜合格品,004,色玻,5,3660,2440,0
00401862,株洲旗滨翡翠绿玻,004,色玻,3.2,2200,1830,0
00401861,株洲旗滨翡翠绿玻,004,色玻,3.2,2200,1500,0
00401860,株洲旗滨翡翠绿玻,004,色玻,3.2,2200,1950,0
00201377,本溪玉晶lowe180,002,Low-E,8,4050,2440,0
00201376,中玻Lowe181,002,Low-E,8,3300,2740,0.2
00401859,漳州旗滨蓝星灰镀膜,004,色玻,6,3660,2140,0
00104691,安强福特蓝镀膜一等,001,白玻,4.3,3300,2600,0.2
00104690,安强福特蓝镀膜一等,001,白玻,4.3,3300,2440,0.2
00401858,福建龙泰福特蓝镀膜合格品,004,色玻,6,3660,2440,0
00104689,巨润一等品,001,白玻,4,2440,2000,0
00104688,本溪玉晶一等品,001,白玻,2.9,3050,2440,0
00104687,本溪玉晶合格过渡,001,白玻,8,3660,2000,0
00301703,株洲醴琳旗滨高性能超白玻璃,003,超白,5,3660,2440,0
00301702,株洲醴琳旗滨高性能超白玻璃,003,超白,8,3660,2280,0
00104686,本溪玉晶合格过渡品,001,白玻,4.5,2000,1500,0
00104685,巨润一等品,001,白玻,4,2440,1830,0
00104684,安全一等品,001,白玻,6,4280,2440,0.2
00401857,天津耀皮黑玻,004,色玻,3.2,3660,2440,0.2
00201375,滕州金晶单银lowe170,002,Low-E,10,4880,2440,0
00104683,耀华白玻优等品,001,白玻,6,3660,2600,0.2
00104682,耀华白玻优等品,001,白玻,6,3300,2440,0.2
00700448,双面灰油砂,007,油砂,10,3660,2440,0.2
00201374,滕州金晶loweS70,002,Low-E,6,4580,3300,0
00201373,滕州金晶loweS70,002,Low-E,12,4880,3300,0
00104681,滕州金晶白玻制镜级,001,白玻,8,4880,3300,0
00401856,湖北三峡欧洲灰普通级,004,色玻,4.2,3660,2440,0.2
00104680,巨润一等品,001,白玻,10,4880,3050,0
00104679,鑫利优等品,001,白玻,3.8,2440,2000,0.45
00301701,贵山超白银波纹,003,超白,5,2800,2100,0.2
00104678,寿光光耀普通级,001,白玻,4.3,3660,2440,0
00500571,超白香梨,005,压花,5,2440,2250,0.2
00401855,三峡福特蓝镀膜优等,004,色玻,6,3660,2440,0.2
00104677,安全一等品,001,白玻,4.6,3660,2800,0.2
00104676,3300,001,白玻,6,3660,2600,0.2
00104675,3300,001,白玻,6,3300,2440,0.2
00201372,子创lowe170,002,Low-E,6,3660,2280,0.2
00104674,鑫利优等品,001,白玻,4,2440,2000,0.25
00104673,安全高端家装级,001,白玻,8,3660,2600,0.2
00104672,安全高端家装级,001,白玻,6,3660,2740,0.2
00104671,安全高端家装级,001,白玻,6,4880,3300,0.2
00104670,安全高端家装级,001,白玻,6,4880,3050,0.2
00201371,巨润lowe7031,002,Low-E,6,3300,2600,0
00401854,中联黑玻10系,004,色玻,5,3660,2440,0
00104669,本溪玉晶汽车级,001,白玻,5,3660,2440,0
00401853,漳州旗滨蓝星灰原片优等品,004,色玻,5,3300,2440,0
00401852,漳州旗滨蓝星灰原片优等品,004,色玻,5,3660,2250,0
00104668,本溪玉晶一等品,001,白玻,3,3300,2140,0
00401851,成都南玻欧洲灰玻优等品,004,色玻,6.7,3660,2140,0
00201370,石家庄玉晶lowe80,002,Low-E,6,4280,2600,0.2
00104667,耀华白玻优等品,001,白玻,5,3300,2440,0.2
00201369,安强lowe180,002,Low-E,6,3300,2600,0.2
00104666,利虎一等品,001,白玻,4.2,3300,2134,0.2
00401850,威海中玻金茶玻优等品,004,色玻,4.9,2440,1830,0
00301700,成都南玻超白汽车级,003,超白,6,4880,3000,0
00401849,漳州旗滨水晶灰原片,004,色玻,6,3300,2140,0
00401848,成都南玻欧洲灰玻优等品,004,色玻,6.7,3660,2440,0
00201368,湖北亿钧lowe160优等品,002,Low-E,5,3300,2140,0
00301699,商丘中联超白汽车级,003,超白,12,3660,2740,0
00201367,营口信义XDTB0161双银,002,Low-E,10,3660,2740,0
00201366,营口信义XDTB0161双银,002,Low-E,8,3660,2440,0
00201365,营口信义XDTB0161双银,002,Low-E,8,3300,2440,0
00201364,营口信义XDTB0161双银,002,Low-E,8,3660,2140,0
00104665,中联黑玻20系,001,白玻,3.2,3660,2440,0
00104664,滕州金晶白玻制镜级,001,白玻,12,4580,2600,0
00104663,滕州金晶白玻制镜级,001,白玻,10,4880,2440,0
00104662,长城一等品,001,白玻,6,2440,1830,0.2
00104661,凯盛晶华合格品,001,白玻,10,3660,2250,0
00104660,凯盛晶华合格品,001,白玻,10,3660,2740,0
00401847,漳州旗滨水晶灰原片,004,色玻,6,3300,2740,0
00401846,中联黑玻20系,004,色玻,4.4,3660,2440,0.2
00401845,中联黑玻20系,004,色玻,4,3660,2440,0.2
00900008,玉砂,009,玉砂,5,2200,2000,0.2
00201363,湖北亿钧lowe160优等品,002,Low-E,5,3660,2280,0
00301698,成都南玻超白汽车级,003,超白,8,4880,3300,0
00104659,寿光光耀普通级-X,001,白玻,4.5,2700,2000,0
00201362,石家庄玉晶双银lowe170,002,Low-E,5,3660,2600,0.2
00401844,威海中玻自然绿镀膜,004,色玻,4.5,2440,1830,0.2
00401843,中联黑玻20系,004,色玻,3.2,3300,2440,0
00700447,普白油砂,007,油砂,4,2440,1830,0.2
00301697,成都南玻超白汽车级,003,超白,12,3660,2180,0
00301696,成都南玻超白汽车级,003,超白,10,3660,2140,0
00301695,成都南玻超白汽车级,003,超白,10,4880,2800,0
00301694,成都南玻超白汽车级,003,超白,6,4880,2800,0
00301693,成都南玻超白汽车级,003,超白,8,4580,3100,0
00301692,成都南玻超白汽车级,003,超白,8,3398,2900,0
00201361,石家庄玉晶lowe60,002,Low-E,8,4880,2030,0.3
00104658,滕州金晶白玻汽车级,001,白玻,6,4880,3300,0
00104657,滕州金晶白玻汽车级,001,白玻,6,3300,2800,0
00301691,中联超白一等品,003,超白,12,3660,2250,0.2
00104656,石家庄玉晶一等品,001,白玻,12,4000,2250,0.3
00301690,滕州金晶超白建筑级,003,超白,12,3660,2550,0
00104655,安徽冠盛普通级A,001,白玻,3.5,3660,2440,0
00104654,凯盛晶华一等品,001,白玻,10,3300,2250,0
00104653,安全合格品,001,白玻,12,3660,2740,0.2
00301689,滕州金晶超白汽车级,003,超白,6,3300,2140,0
00104652,石家庄玉晶一等品,001,白玻,10,4200,3050,0.3
00104651,安全合格,001,白玻,12,3660,2140,0.2
00104650,天津信义一等品,001,白玻,3.8,3660,2440,0
00104649,天津信义一等品,001,白玻,3.8,3660,2250,0
00104648,凯盛晶华一等品,001,白玻,10,3050,2440,0
00104647,德金一等品,001,白玻,1.9,2440,1830,0
00104646,营口信义一等品,001,白玻,12,4880,2380,0
00104645,东海台玻合格品,001,白玻,5,3660,2630,0
00104644,金仓优等,001,白玻,3.4,2200,2000,0.2
00104643,鑫利优等,001,白玻,3.5,2440,2000,0.4
00401842,凯盛晶华欧茶一等,004,色玻,4,3660,2440,0
00104642,本溪玉晶合格品,001,白玻,4.5,2440,1950,0
00401841,成都南玻欧洲灰玻优等,004,色玻,6.7,3660,2440,0
00104641,巨润一等品,001,白玻,10,3300,2600,0
00104640,长利普通级,001,白玻,6,3660,2440,0
00104639,长利普通级,001,白玻,6,3300,2140,0
00104638,长利普通级,001,白玻,5,3660,2600,0
00104637,长利普通级,001,白玻,5,3660,2280,0
00104636,营口信义协议品,001,白玻,5,3300,2440,0
00201360,营口信义XESS0170,002,Low-E,8,3300,2440,0
00201359,营口信义XETNO180,002,Low-E,8,3660,2140,0
00104635,巨润合格品,001,白玻,7,3660,2280,0
00401840,曲靖海生绿玻原片优等,004,色玻,4.3,2440,2000,0
00104634,河北南玻普白汽车级,001,白玻,15,3300,2140,0.2
00104633,金宏阳一等品,001,白玻,6,4000,2600,0.2
00104632,滕州金晶一等品,001,白玻,5,3300,2080,0
00104631,巨润合格品,001,白玻,7.2,3660,2280,0
00104630,石家庄玉晶一等品,001,白玻,4,2200,1370,0.2
00301688,成都台玻超白汽车级,003,超白,7,3660,2440,0
00104629,宿迁中玻合格,001,白玻,3.5,3050,2000,0
00104628,宿迁中玻合格,001,白玻,3.5,3050,2700,0
00301687,成都南玻超白汽车级,003,超白,6.8,3660,2290,0
00104627,石家庄玉晶一等品,001,白玻,6,4580,1950,0.2
00104626,石家庄玉晶一等品,001,白玻,6,4880,2030,0.2
00500570,超白大雨花,005,压花,5,3300,2100,0.2
00104625,安全合格品,001,白玻,4,3688,2121,0.2
00104624,安全一等品,001,白玻,4,3688,2121,0.2
00104623,安全优等品,001,白玻,4,3688,2121,0.2
00201358,安强lowe170,002,Low-E,8,3300,2140,0.2
00201357,安强lowe170,002,Low-E,8,3300,2440,0.2
00401839,淄博金晶F绿玻汽车级,004,色玻,5,3300,1600,0
00201356,石家庄玉晶lowe双银70,002,Low-E,6,3660,2600,0.2
00201355,滕州金晶单银lowe170,002,Low-E,5,3300,2600,0
00600132,双面磨砂,006,磨砂,8,3660,2440,0.2
00700446,超白长虹油砂,007,油砂,8,2440,2250,0.8
00401838,漳州旗滨福特蓝镀膜优等,004,色玻,4.5,2440,1830,0
00401837,中联黑玻20系,004,色玻,10,3660,2440,0.2
00104622,湖北明弘白玻普通级,001,白玻,8,3660,2440,0
00800134,单漆铝镜,008,镜子,3.6,2440,2000,0.2
00500569,河南贵山超白长虹,005,压花,8,2800,2250,0.8
00104621,淄博金晶白玻建筑级,001,白玻,3,3300,2440,0
00104620,淄博金晶白玻建筑级,001,白玻,3,3660,2440,0
00301686,商丘中联超白汽车级,003,超白,8,6500,3660,0
00104619,本溪玉晶合格品,001,白玻,4.5,2400,1800,0
00104618,宿迁中玻白玻合格品,001,白玻,3.2,3660,2440,0
00401836,凯盛晶华金茶原片,004,色玻,5,3660,2440,0
00104617,德金优等品,001,白玻,4.8,2200,1830,0.4
00104616,德金优等品,001,白玻,4.8,2200,1900,0.4
00301685,河北南玻超白汽车级,003,超白,19,3300,2140,0
00201354,常熟耀皮在线lowe,002,Low-E,6,3210,2440,0
00201353,湖北亿钧lowe170优等品,002,Low-E,5,3300,2280,0
00401835,旗滨蓝灰镀膜优等品,004,色玻,5,3660,2440,0.2
00104615,凯盛晶华一等品,001,白玻,8,3300,2740,0
00104614,凯盛晶华一等品,001,白玻,8,3210,2140,0
00401834,中联黑玻20系,004,色玻,3.2,3300,2140,0
00401833,醴陵旗滨福特蓝镀膜优等,004,色玻,8,3660,2600,0.2
00401832,东台中玻中玻灰普通级,004,色玻,4,3660,2440,0.2
00301684,天津信义超白XDTN0080,003,超白,5,3300,2440,0
00104613,安全一等品,001,白玻,15,3660,2440,0.2
00401831,旗滨蓝灰镀膜优等,004,色玻,5,3600,2440,0.2
00401830,龙岩中玻银白膜,004,色玻,6,3660,2440,0.2
00104612,金宏阳一等品,001,白玻,4,3660,2250,0.2
00104611,安全合格品,001,白玻,4,3688,2400,0.2
00104610,安全一等品,001,白玻,4,3688,2400,0.2
00104609,安全优等品,001,白玻,4,3688,2400,0.2
00104608,长城合格品,001,白玻,4,3660,2250,0.2
00500568,超白大雨花,005,压花,5,2440,2100,0.2
00201352,湖北金晶lowe60,002,Low-E,8,3660,2440,0
00301683,成都南玻超白汽车级,003,超白,12,3660,2140,0
00401829,漳州旗滨蓝星灰镀膜,004,色玻,8,3660,2250,0
00104607,双辽迎新一等品,001,白玻,3.5,3660,2440,0
00401828,贵州凯荣翡翠绿玻普通级,004,色玻,5,3660,2440,0
00401827,贵州凯荣翡翠绿玻优等,004,色玻,4,2440,1830,0
00401826,贵州凯荣翡翠绿玻优等,004,色玻,4.5,3660,2440,0
00401825,贵州凯荣翡翠绿玻优等,004,色玻,4.5,2440,1950,0
00301682,成都南玻超白汽车级,003,超白,8,3660,2280,0
00301681,成都南玻超白汽车级,003,超白,12,3660,2200,0
00104606,宿迁中玻白玻,001,白玻,4,3660,2760,0
00401824,曲靖海生绿玻原片优等,004,色玻,3.2,2200,1370,0
00401823,曲靖海生绿玻原片优等,004,色玻,3.2,2200,1650,0
00401822,曲靖海生福特蓝玻优质加工级,004,色玻,4.3,2440,1830,0
00700445,灰油砂,007,油砂,4.2,3660,2140,0.2
00500567,贵山超白长虹油砂,005,压花,7,2440,2250,0.2
00201351,双辽迎新一等品,002,Low-E,6,3660,2800,0
00201350,营口信义XETNO180,002,Low-E,8,3300,2440,0
00201349,本溪玉晶lowe180,002,Low-E,5,3300,2800,0
00401821,龙泰福特蓝玻优等品,004,色玻,6,3660,2440,0
00401820,龙泰福特蓝玻优等,004,色玻,5,3660,2440,0
00104605,滕州金晶白玻制镜级,001,白玻,10,4580,2600,0
00201348,本溪玉晶lowe180,002,Low-E,5,3660,2800,0
00201347,滕州金晶loweS70,002,Low-E,12,4880,2440,0
00201346,湖北亿钧lowe160优等品,002,Low-E,8,3660,2740,0
00301680,滕州金晶超白汽车级,003,超白,10,4580,2440,0
00301679,滕州金晶超白汽车级,003,超白,12,4580,2140,0
00104604,滕州金晶白玻汽车级,001,白玻,8,4880,2440,0
00104603,滕州金晶白玻汽车级,001,白玻,8,4580,2250,0
00104602,寿光光耀普通级-X,001,白玻,4.5,2200,2000,0
00201345,滕州金晶loweS83,002,Low-E,8,4880,2800,0
00301678,中联超白汽车级,003,超白,8,3660,2800,0.2
00401819,龙泰福特蓝玻优等,004,色玻,6,3660,2440,0
00301677,中联超白汽车级,003,超白,5,3660,2440,0.2
00104601,寿光光耀普通级-X,001,白玻,4.5,2100,2700,0
00104600,寿光光耀优等品,001,白玻,3.8,2200,1900,0
00104599,寿光光耀优等品,001,白玻,3.8,2200,2000,0
00104598,寿光光耀优等品,001,白玻,3.8,2440,1900,0
00401818,廊坊金彪欧洲灰玻一等品,004,色玻,10,3660,2600,0.2
00104597,石家庄玉晶一等品,001,白玻,8,4280,3050,0.3
00201344,金华晶lowe170,002,Low-E,6,3660,2600,0.2
00500566,超白压延玻璃,005,压花,3.2,2076,1142,0
00500565,超白压延玻璃,005,压花,3.2,1535,1520,0
00500564,超白压延玻璃,005,压花,3.2,1717,1520,0
00500563,超白压延玻璃,005,压花,3,2400,1710,0
00500562,超白压延玻璃,005,压花,3,2400,1620,0
00500561,超白压花光伏玻璃,005,压花,2,2450,1298,0
00104596,巨润一等品,001,白玻,4.9,3660,2600,0
00201343,子创lowe160,002,Low-E,5,3300,2440,0.2
00700444,单面超白油砂,007,油砂,4,3660,2250,0.2
00500560,普白香梨,005,压花,5,2440,2000,0.2
00104595,安全高端家装级,001,白玻,10,3660,2740,0.2
00301676,漳州旗滨超白汽车级,003,超白,10,3660,2440,0
00401817,漳州信耀黑玻KN,004,色玻,5,3660,2440,0
00104594,凯盛晶华混装品,001,白玻,4,3210,2550,0
00401816,贵州凯荣翡翠绿玻优等,004,色玻,4.3,2200,1830,0
00401815,漳州旗滨福特蓝镀膜优等,004,色玻,4.5,2440,1950,0
00401814,漳州旗滨福特蓝镀膜优等,004,色玻,4.5,2440,1710,0
00104593,凯盛晶华一等品,001,白玻,4,3210,2550,0
00201342,内蒙古玉晶lowe160,002,Low-E,4.5,3660,2440,0
00301675,滕州金晶超白汽车级,003,超白,3.5,3660,2440,0.2
00401813,湖北三峡欧洲灰原片普通级,004,色玻,7.2,3660,2250,0
00401812,湖北三峡欧洲灰原片普通级,004,色玻,3.8,3660,2250,0
00401811,漳州旗滨蓝星灰玻,004,色玻,6,3660,2250,0
00401810,漳州旗滨蓝星灰玻,004,色玻,6,3660,2740,0
00301674,中联超白建筑级,003,超白,4,3660,2440,0
00401809,龙泰定制蓝镀膜优等,004,色玻,4.3,3660,2440,0
00301673,安彩超白汽车级,003,超白,8,3660,2900,0
00401808,漳州信耀金茶镀膜优等,004,色玻,6,3660,2440,0
00104591,巨润一等品,001,白玻,7.2,3660,2280,0
00500559,超白压延玻璃,005,压花,3.2,2280,2030,0
00500558,超白压延玻璃,005,压花,3.2,2316,2000,0
00500557,超白压延玻璃,005,压花,3.2,2350,1988,0
00500556,超白压延玻璃,005,压花,3.2,2335,1987,0
00500555,超白压延玻璃,005,压花,3.2,2268,1980,0
00500554,超白压延玻璃,005,压花,3.2,2300,1970,0
00500553,超白压延玻璃,005,压花,3.2,2360,1751,0
00500552,超白压延玻璃,005,压花,3.2,2300,1660,0
00500551,超白压延玻璃,005,压花,3.2,2382,1647,0
00500550,超白压延玻璃,005,压花,3.2,2252,1336,0
00500549,超白压延玻璃,005,压花,3.2,2382,1477,0
00104590,湖北明宏白玻一等品,001,白玻,6,3660,2440,0
00104589,湖北明宏白玻一等品,001,白玻,5,3660,2440,0
00401807,湖北三峡福特蓝玻,004,色玻,5,3660,2740,0
00401806,湖北三峡福特蓝玻,004,色玻,5,3660,2600,0
00401805,湖北三峡福特蓝玻,004,色玻,5,3660,2440,0
00201341,淄博金晶loweD80,002,Low-E,6,3300,2600,0
00201340,淄博金晶loweD80,002,Low-E,6,3300,2800,0
00104588,山西青春合格,001,白玻,4.2,3300,2134,0.2
00500548,东兴超白长虹,005,压花,8,2600,2100,0.8
00301672,成都南玻超白汽车级,003,超白,10,3660,2080,0
00104587,寿光光耀优质加工级,001,白玻,4.3,3660,2440,0
00401804,绿镀膜,004,色玻,4.5,2440,1830,0.2
00401803,绿镀膜,004,色玻,4,2440,1830,0.2
00104586,石家庄玉晶合格品,001,白玻,3.2,3300,2440,0.15
00401802,福建龙泰欧洲灰镀膜优质加工级,004,色玻,5,3660,2440,0
00201339,滕州金晶单银lowe170,002,Low-E,5,3300,2440,0
00104585,龙泰白玻优等品,001,白玻,4.5,3660,2440,0
00401801,漳州旗滨欧洲灰玻KN,004,色玻,6,3660,2270,0
00401800,漳州旗滨蓝星灰镀膜优等,004,色玻,5,3660,2440,0
00301671,秦皇岛奥华超白汽车级,003,超白,8,3660,2740,0.2
00201338,中玻lowe170,002,Low-E,8,3660,2280,0.2
00104584,凤阳台玻优等品,001,白玻,8,4880,2290,0
00104583,凤阳台玻优等品,001,白玻,10,4880,2600,0
00104582,凤阳台玻优等品,001,白玻,12,4880,2600,0
00301670,淄博金晶超白五线汽车级,003,超白,12,3300,2600,0.2
00201337,滕州金晶单银lowe170,002,Low-E,12,3660,2440,0
00201336,滕州金晶单银lowe170,002,Low-E,12,4580,3300,0
00104581,滕州金晶白玻制镜级,001,白玻,12,4580,3300,0
00201335,内蒙古玉晶lowe170,002,Low-E,6,3660,2600,0
00201334,内蒙古玉晶lowe170,002,Low-E,6,3660,2440,0
00301669,中联超白汽车级,003,超白,5,3660,2160,0
00301668,安彩超白汽车级,003,超白,8,3660,2800,0
00301667,安彩超白汽车级,003,超白,15,3300,2600,0
00301666,安彩超白汽车级,003,超白,8,3660,2650,0
00301665,安彩超白汽车级,003,超白,8,3660,2540,0
00301664,安彩超白建筑级,003,超白,8,3660,2440,0
00301663,安彩超白汽车级,003,超白,8,3660,1950,0
00301662,安彩超白汽车级,003,超白,8,3660,2200,0
00301661,中联超白汽车级,003,超白,8,3660,2800,0
00104580,巨润一等品,001,白玻,4.3,3660,2600,0
00401799,淄博金晶金茶原片优等品,004,色玻,5,3300,1560,0.2
00104579,石家庄玉晶一等,001,白玻,3,2570,3381,0.15
00104578,石家庄玉晶一等,001,白玻,6,2030,4880,0.2
00104577,滕州金晶普白汽车级,001,白玻,3.2,3300,2440,0
00104576,安全优等品,001,白玻,6,4200,2740,0.2
00104575,安全优等品,001,白玻,10,5200,2600,0.2
00201333,中玻lowe160,002,Low-E,12,4580,2800,0.2
00301660,成都南玻超白汽车级,003,超白,3.8,3660,2440,0
00401798,漳州旗滨欧洲灰玻优等品,004,色玻,6.7,3660,2250,0.2
00500547,重庆超白长虹,005,压花,8,2800,2100,2
00201332,金华晶lowe160,002,Low-E,5,3660,2440,0.2
00700443,超白金元油砂,007,油砂,4.5,2440,2100,0.2
00700442,双面欧茶油砂,007,油砂,6.7,3660,2440,0.2
00401797,海生欧洲灰玻优等品,004,色玻,6.5,3660,2250,0.2
00401796,龙泰福特蓝原片优等品,004,色玻,8,3660,2630,0
00500546,山西鸿耀超白银波纹,005,压花,8,2800,2100,2
00500545,山西鸿耀超白银波纹,005,压花,8,2440,2100,0.2
00104574,利虎合格品,001,白玻,7,3660,2250,0.2
00104573,石家庄玉晶一等品,001,白玻,3,2350,1830,0.15
00401795,河北金彪欧洲灰原片优等,004,色玻,7.2,3660,2440,0.2
00700441,单面普白油砂,007,油砂,4.8,2440,2000,0.45
00104572,迁安白玻一等品,001,白玻,4,3660,2440,0
00104571,巨润一等品,001,白玻,6,3050,2000,0
00104570,凯盛晶华合格品,001,白玻,8,3300,2550,0
00104569,凯盛晶华合格品,001,白玻,6,3300,2550,0
00104568,石家庄玉晶一等品,001,白玻,10,4880,3300,0.3
00104567,安全优等品,001,白玻,7,3660,2000,0.2
00104566,安全合格品,001,白玻,7,3660,2440,0.2
00104565,安全一等品,001,白玻,7,3660,2000,0.2
00104564,本溪合格品过渡,001,白玻,6.7,3660,2140,0
00104563,本溪合格品过渡,001,白玻,2.9,2440,2000,0
00104562,本溪合格品过渡,001,白玻,3.5,2440,1830,0
00104561,本溪合格品过渡,001,白玻,4.5,3660,2440,0
00104560,本溪合格品过渡,001,白玻,6,2440,1830,0
00201331,湖北亿钧lowe170优等品,002,Low-E,5,3660,2280,0
00104559,凯盛晶华合格品,001,白玻,10,3660,2600,0
00104558,石家庄玉晶一等品,001,白玻,5,3660,2740,0.2
00500544,灰透明线条,005,压花,6.5,2440,1830,0.2
00500543,金晶超白玉虹,005,压花,5,2440,2100,0.8
00401794,中联欧洲灰原片,004,色玻,4.2,3660,2440,0.2
00401793,威海中玻欧洲茶玻优质加工级,004,色玻,4,3300,2740,0
00401792,威海中玻欧茶玻客户定制级,004,色玻,4,3300,2740,0
00401791,威海中玻欧洲茶玻普通级,004,色玻,4,3300,2740,0
00104557,东海台玻合格品,001,白玻,6,3660,2800,0
00104556,东海台玻合格品,001,白玻,5,3660,2760,0
00301659,秦皇岛奥华超白汽车级,003,超白,10,3050,2440,0.2
00401790,漳州旗滨福特蓝镀膜优等品,004,色玻,6,3660,2740,0
00401789,漳州旗滨欧洲灰原片优等品,004,色玻,12,3660,2440,0
00401788,醴陵旗滨翡翠绿镀膜优等,004,色玻,4.5,3660,2440,0
00401787,醴陵旗滨翡翠绿玻KN,004,色玻,6,3660,2140,0
00401786,醴陵旗滨海洋蓝玻KN,004,色玻,8,3660,2440,0
00104555,鑫利协议品,001,白玻,4.8,2000,1500,0.45
00104554,鑫利协议品,001,白玻,5,2000,1500,0.2
00104553,凯盛晶华混装品,001,白玻,8,3050,2140,0
00104552,凯盛晶华一等品,001,白玻,4,3660,2550,0
00700440,超白长虹油砂（宁夏金晶）,007,油砂,8,2440,2100,0.8
00401785,三峡欧洲灰玻一等品,004,色玻,6.7,3660,2140,0.2
00401784,漳州旗滨福特蓝原片优等品,004,色玻,4.5,3660,2440,0
00600131,磨砂,006,磨砂,4.8,2440,1830,0.45
00600130,磨砂,006,磨砂,4.8,2440,2000,0.45
00301658,中联超白建筑级,003,超白,8,3300,2440,0
00401783,廊坊金彪欧洲灰玻一等品,004,色玻,5,3660,1550,0
00401782,漳州旗滨福特蓝镀膜优等,004,色玻,4.5,3660,2740,0
00401781,中联黑玻20系,004,色玻,3.2,3300,2200,0
00201330,石家庄玉晶lowe60,002,Low-E,8,4880,2440,0.3
00201329,湖北亿钧lowe160优等品,002,Low-E,6,3300,2740,0
00104551,湖北亿钧白玻一等品,001,白玻,6,3660,2280,0
00201328,石家庄玉晶lowe60,002,Low-E,8,4280,2440,0.3
00201327,石家庄玉晶lowe60,002,Low-E,8,4580,2440,0.3
00104550,湖北亿钧白玻一等品,001,白玻,6,3660,2740,0
00401780,曲靖海生绿玻原片优等,004,色玻,3.2,2200,1950,0
00700439,双面超白油砂石头记,007,油砂,7,2440,1650,0.2
00401779,曲靖海生绿玻原片优等,004,色玻,4.3,2440,1950,0
00401778,曲靖海生绿玻原片优等,004,色玻,3.2,2440,1950,0
00401777,曲靖海生绿玻原片合格,004,色玻,4.3,2440,2000,0
00401776,漳州旗滨金茶玻KN,004,色玻,5,3660,2440,0
00401775,湖北三峡福特蓝镀膜一等,004,色玻,4.5,3660,2440,0
00401774,湖北三峡福特蓝镀膜一等,004,色玻,4.5,3660,2600,0
00401773,湖北三峡白玻一等品,004,色玻,4.5,3660,2600,0
00104549,湖北三峡白玻一等品,001,白玻,4.5,3660,2440,0
00104548,凯盛晶华一等品,001,白玻,4,3300,2550,0
00104547,凤阳台玻优等品,001,白玻,5,3660,2440,0
00104546,凤阳台玻优等品,001,白玻,10,4880,2440,0
00104545,滕州金晶白玻制镜级,001,白玻,10,4580,2800,0
00201326,滕州金晶lowe70,002,Low-E,10,4880,2440,0
00201325,滕州金晶lowe70,002,Low-E,10,4880,2800,0
00201324,滕州金晶lowe70,002,Low-E,6,3300,2800,0
00201323,滕州金晶lowe70,002,Low-E,6,3300,2440,0
00500542,东兴普白长虹,005,压花,4.5,2200,2100,0.8
00700438,超白水波纹油砂,007,油砂,7,2440,2100,0.2
00700437,双面灰油砂,007,油砂,7,3660,2140,0.2
00401772,凯盛金茶原片优等品,004,色玻,4.2,3660,2440,0.2
00104544,河北南玻白玻汽车级,001,白玻,15,3660,2800,0.2
00301657,淄博金晶超白二线汽车级,003,超白,10,3660,2800,0.2
00301656,滕州金晶超白汽车级,003,超白,5,3660,2440,0.2
00401771,湖北三峡欧灰玻原片优等品,004,色玻,3.8,3660,2250,0
00104543,凯盛晶华混装品,001,白玻,8,3050,2740,0
00201322,石家庄玉晶lowe170,002,Low-E,8,4880,3300,0.3
00401770,龙泰定制蓝玻优等品,004,色玻,4.3,2440,1830,0
00401769,龙泰定制蓝玻普通级,004,色玻,4.3,2440,1830,0
00104542,巨润一等品,001,白玻,4.3,3660,2440,0.1
00104541,营口信义一等品,001,白玻,4,3660,2250,0
00104540,石家庄玉晶优质加工级定制,001,白玻,5,3660,2440,0.2
00201321,石家庄玉晶lowe180,002,Low-E,8,4200,2600,0.3
00401768,廊坊金彪欧茶玻,004,色玻,8,2440,1830,0.2
00104539,本溪玉晶合格品,001,白玻,3.2,3660,2340,0
00104538,石家庄玉晶一等品,001,白玻,6,3050,2250,0.2
00500541,正鑫普白水波纹,005,压花,5,2440,1830,0.3
00401767,三峡欧洲灰玻,004,色玻,7.5,3660,2140,0
00401766,漳州旗滨欧洲灰玻,004,色玻,4.5,3660,2440,0
00500540,金晶晶白水立方,005,压花,7,2440,2100,0.5
00201320,营口信义XDTB0161双银,002,Low-E,6,3300,2440,0
00201319,营口信义XDTB0161双银,002,Low-E,6,3050,2140,0
00201318,营口信义XDTB0161双银,002,Low-E,6,3300,2140,0
00201317,营口信义XDTB0161双银,002,Low-E,6,3300,2740,0
00104537,双辽迎新合格品,001,白玻,4.3,3660,2800,0
00104536,双辽迎新合格品,001,白玻,4.3,3660,2740,0
00401765,漳州旗滨蓝星灰镀膜优等品,004,色玻,4.5,3660,2440,0.2
00104535,金宏阳一等,001,白玻,4.5,3660,2250,0.2
00401764,三峡欧洲灰原片优等品,004,色玻,6.8,3660,2250,0.2
00600129,磨砂,006,磨砂,4.5,3660,2440,0.2
00500539,双面灰木纹,005,压花,7,2440,1650,0.2
00500538,锦雀超白银波纹,005,压花,8,2440,2100,0.8
00401763,三峡欧洲灰玻,004,色玻,3.5,3660,2440,0
00104534,安全优等品,001,白玻,6,4000,2440,0.2
00401762,三峡欧洲灰玻,004,色玻,7.5,3660,2250,0
00401761,三峡欧洲灰玻,004,色玻,6,3660,2740,0
00201316,湖北金晶lowe70,002,Low-E,5,3300,2280,0
00201315,湖北金晶lowe70,002,Low-E,5,3300,2140,0
00201314,湖北金晶lowe70,002,Low-E,5,3300,2740,0
00401760,三峡欧洲灰玻,004,色玻,10,3660,2440,0
00700436,单面超白油砂,007,油砂,12,3300,2440,0.2
00401759,廊坊金彪欧洲灰玻优等品,004,色玻,5,3300,2140,0.2
00401758,秦皇岛耀华耀华灰玻,004,色玻,3.2,3300,2440,0
00500537,金晶晶白长虹一等品,005,压花,10,2440,2250,0.2
00401757,威海中玻福特蓝镀膜合格品,004,色玻,4.3,3660,2440,0
00500536,东兴超白银波纹,005,压花,5,2440,2100,0.5
00104533,石家庄玉晶一等品,001,白玻,8,4200,3050,0.3
00104532,凯盛晶华一等品,001,白玻,4,3660,2000,0
00201313,营口信义XETN0180,002,Low-E,10,3660,2440,0
00500535,超白压花光伏玻璃,005,压花,3.2,2280,1717,0
00700435,单面普白油砂,007,油砂,6,3300,2140,0.2
00104531,正大一等品,001,白玻,4.8,2000,1500,0.45
00301655,中联超白汽车级,003,超白,6.3,3660,2440,0
00401756,龙泰福特蓝镀膜合格品,004,色玻,5,3660,2440,0
00104530,营口信义一等品,001,白玻,4,3660,2440,0
00201312,营口信义XDTN0180双银,002,Low-E,6,3300,2740,0
00201311,营口信义XDTB0170双银,002,Low-E,8,3660,2440,0
00201310,金华晶lowe170,002,Low-E,5,3660,2600,0.2
00201309,金华晶lowe170,002,Low-E,5,3660,2440,0.2
00104529,石家庄玉晶一等品,001,白玻,3,2410,2000,0.15
00104528,石家庄玉晶一等品,001,白玻,3,3660,2440,0.15
00104527,石家庄玉晶一等品,001,白玻,3,2440,2140,0.15
00104526,金宏阳合格品,001,白玻,4.5,3300,2440,0.2
00104525,金宏阳合格品,001,白玻,4.5,3660,2250,0.2
00104524,石家庄玉晶一等品,001,白玻,8,4880,2030,0.3
00104523,石家庄玉晶一等品,001,白玻,8,2440,1950,0.3
00104522,石家庄玉晶一等品,001,白玻,8,2440,2140,0.3
00104521,巨润一等品,001,白玻,3.4,2440,1830,0
00401755,临沂中玻欧洲灰客户定制级,004,色玻,7.7,3660,2140,0
00401754,临沂中玻欧洲灰客户定制级,004,色玻,7.5,3660,2140,0
00104520,凯盛晶华混装品,001,白玻,3.9,3300,2740,0
00401753,安强欧洲灰镀膜,004,色玻,5,3660,2440,0.2
00500534,思可达超白水波纹,005,压花,5,2440,2100,0.2
00500533,思可达超白银波纹,005,压花,5,2440,2100,0.2
00104519,中联超白汽车级,001,白玻,6,3660,2600,0.2
00104518,秦皇岛奥华超白汽车级,001,白玻,6.7,3660,2140,0.2
00104517,金宏阳优等品,001,白玻,8,3300,2800,0.2
00104516,金宏阳一等品,001,白玻,8,3300,2800,0.2
00401752,河源旗滨欧洲灰玻,004,色玻,7,3660,2000,0
00301654,滕州金晶超白建筑级,003,超白,4,3660,2440,0
00201308,内蒙古玉晶lowe180,002,Low-E,5,3660,2440,0
00201307,内蒙古玉晶lowe160,002,Low-E,5,3660,2800,0
00104515,凯盛晶华混装品,001,白玻,6,3300,2440,0
00401751,湖北三峡福特蓝镀膜一等,004,色玻,4.3,3660,2440,0.2
00201306,北玻lowe160,002,Low-E,6,3660,2280,0.2
00104514,安全高端家装级,001,白玻,5,3660,2440,0.2
00401750,株洲旗滨福特蓝镀膜优等品,004,色玻,4.5,3660,2140,0.2
00104513,巨润合格品,001,白玻,7.2,3660,2000,0
00301653,成都南玻超白汽车级,003,超白,8,3660,2290,0
00301652,成都南玻超白汽车级,003,超白,8,3660,2340,0
00401749,临沂中玻欧洲灰玻客户定制级,004,色玻,8,3660,2740,0
00401748,临沂中玻欧洲灰玻客户定制级,004,色玻,8,3660,2440,0
00401747,天津台玻双银PDE60B02,004,色玻,6,3300,2440,0
00401746,曲靖海生绿镀膜优等,004,色玻,4.3,2440,1950,0
00401745,曲靖海生绿镀膜优等,004,色玻,4.3,2440,1830,0
00401744,曲靖海生绿玻优等,004,色玻,4.3,2440,1830,0
00104512,石家庄玉晶合格品,001,白玻,7.2,3660,2600,0.2
00104511,内蒙古玉晶合格,001,白玻,7.2,3660,2440,0.2
00104510,长城合格品,001,白玻,6,2440,1830,0.2
00301651,河北南玻超白汽车级,003,超白,8,3810,2440,0.2
00700434,超白油砂,007,油砂,4.3,3660,2140,0.2
00104509,石家庄玉晶一等品,001,白玻,3,3300,2140,0.15
00104508,金宏阳优等品,001,白玻,8,3300,2140,0.2
00104507,营口信义一等品,001,白玻,6,3660,2260,0
00201305,营口信义XETNO170,002,Low-E,5,3300,2140,0
00401743,威海中玻福特蓝原片优等品,004,色玻,6,3660,2140,0
00104506,金宏阳一等品,001,白玻,8,3300,2140,0.2
00201304,湖北亿钧lowe160优等品,002,Low-E,5,3300,2600,0
00401742,安强金茶镀膜,004,色玻,5,3660,2440,0.2
00500532,超白压花光伏玻璃,005,压花,2,2435,1165,0
00104505,石家庄玉晶一等品,001,白玻,12,3660,1950,0.3
00104504,石家庄玉晶一等品,001,白玻,3,2685,3550,0.15
00104503,石家庄玉晶一等品,001,白玻,3,2570,3420,0.15
00301650,醴陵旗滨高性能超白玻璃,003,超白,8,3660,2740,0
00301649,醴陵旗滨高性能超白玻璃,003,超白,5,3660,2630,0
00301648,醴陵旗滨高性能超白玻璃,003,超白,6,3850,3300,0
00301647,株洲醴琳旗滨高性能超白玻璃,003,超白,8,3660,2140,0
00301646,株洲醴琳旗滨高性能超白玻璃,003,超白,8,3660,2440,0
00301645,株洲醴琳旗滨高性能超白玻璃,003,超白,12,3660,2440,0
00301644,株洲醴琳旗滨高性能超白玻璃,003,超白,10,3660,2440,0
00104499,鑫利普通定制（协议）,001,白玻,4.8,2000,1500,0.45
00401741,株洲旗滨福特蓝镀膜优等品,004,色玻,4.5,3660,2630,0.2
00401740,威海中玻黑玻,004,色玻,10,3300,2800,0.2
00401739,海生欧洲灰镀膜优等品,004,色玻,5,3300,2140,0.2
00700433,普白油砂,007,油砂,4.5,2440,1830,0.3
00401738,旗滨欧洲灰玻,004,色玻,7.2,340,2800,0.2
01000043,L架,010,其他,1,1,1,0
01000042,A字架,010,其他,1,1,1,0
01000041,装卸费,010,其他,1,1,1,0
01000040,暂存,010,其他,1,1,1,0
01000039,运费,010,其他,1,1,1,0
01000038,液压杆,010,其他,1,1,1,0
01000037,押金,010,其他,1,1,1,0
01000036,脱包费,010,其他,1,1,1,0
01000035,推刀,010,其他,1,1,1,0
01000034,铁架,010,其他,1,1,1,0
01000033,速压杆,010,其他,1,1,1,0
01000032,司机垫付翻架费,010,其他,1,1,1,0
01000031,手套,010,其他,1,1,1,0
01000030,沙子,010,其他,1,1,1,0
01000029,氢氟酸,010,其他,1,1,1,0
01000028,平账,010,其他,1,1,1,0
01000027,皮带,010,其他,1,1,1,0
01000026,泡沫条,010,其他,1,1,1,0
01000025,耐高温胶条,010,其他,1,1,1,0
01000024,木箱,010,其他,1,1,1,0
01000023,木板,010,其他,1,1,1,0
01000022,煤油,010,其他,1,1,1,0
01000021,卷纸,010,其他,1,1,1,0
01000020,护袖,010,其他,1,1,1,0
01000019,硅酮胶,010,其他,1,1,1,0
01000018,钢化标去除剂,010,其他,1,1,1,0
01000017,改裁费,010,其他,1,1,1,0
01000016,防割袖套,010,其他,1,1,1,0
01000015,防割层,010,其他,1,1,1,0
01000014,翻架费,010,其他,1,1,1,0
01000013,吊夹,010,其他,1,1,1,0
01000012,吊杠,010,其他,1,1,1,0
01000011,吊带,010,其他,1,1,1,0
01000010,垫皮,010,其他,1,1,1,0
01000009,垫板,010,其他,1,1,1,0
01000008,倒短费,010,其他,1,1,1,0
01000007,打包带,010,其他,1,1,1,0
01000006,除霉剂,010,其他,1,1,1,0
01000005,玻璃样板,010,其他,1,1,1,0
01000004,玻璃清洗剂,010,其他,1,1,1,0
01000003,玻璃杠,010,其他,1,1,1,0
01000002,45公分木板,010,其他,1,1,1,0
01000001,35公分木板,010,其他,1,1,1,0
00900007,双面普白玉砂,009,玉砂,10,3660,2440,0.2
00900006,双面普白玉砂,009,玉砂,8,3660,2440,0.2
00900006,双面普白玉砂,009,玉砂,7.5,3660,2440,0.2
00900006,双面普白玉砂,009,玉砂,7.4,2440,2000,0.1
00900006,双面普白玉砂,009,玉砂,6,3300,2134,0.2
00900006,双面普白玉砂,009,玉砂,6,2440,1830,0.2
00900006,双面普白玉砂,009,玉砂,5,2440,2000,0.2
00900006,双面普白玉砂,009,玉砂,5,2440,1830,0.2
00900006,普白玉砂,009,玉砂,8,3660,2134,0.2
00900006,普白玉砂,009,玉砂,6,3660,2140,0.2
00900006,单面普白玉砂,009,玉砂,12,3660,2440,0.2
00900005,单面普白玉砂,009,玉砂,12,3660,2134,0.2
00900005,单面普白玉砂,009,玉砂,10,3660,2440,0
00900005,单面普白玉砂,009,玉砂,10,3660,2440,0.2
00900005,单面普白玉砂,009,玉砂,10,3660,2250,0.2
00900005,单面普白玉砂,009,玉砂,10,3660,2140,0.2
00900005,单面普白玉砂,009,玉砂,10,3660,2134,0.2
00900005,单面普白玉砂,009,玉砂,10,3300,2440,0.2
00900005,单面普白玉砂,009,玉砂,10,2440,1830,0.2
00900005,单面普白玉砂,009,玉砂,8,3660,2440,0.2
00900005,单面普白玉砂,009,玉砂,8,3660,2250,0.2
00900004,单面普白玉砂,009,玉砂,8,3660,2140,0.2
00900004,单面普白玉砂,009,玉砂,8,3660,2134,0.2
00900004,单面普白玉砂,009,玉砂,8,3300,2134,0.2
00900004,单面普白玉砂,009,玉砂,8,2440,2000,0.2
00900004,单面普白玉砂,009,玉砂,7.5,3660,2440,0.2
00900004,单面普白玉砂,009,玉砂,7.5,3660,2250,0.3
00900004,单面普白玉砂,009,玉砂,7.2,3660,2440,0.2
00900004,单面普白玉砂,009,玉砂,7,3660,2440,0.2
00900004,单面普白玉砂,009,玉砂,6,3660,2440,0.2
00900004,单面普白玉砂,009,玉砂,6,3300,2600,0.2
00900003,单面普白玉砂,009,玉砂,6,3300,2134,0.2
00900003,单面普白玉砂,009,玉砂,6,2440,2000,0.2
00900003,单面普白玉砂,009,玉砂,6,2440,1830,0.2
00900003,单面普白玉砂,009,玉砂,5,3660,2740,0.2
00900003,单面普白玉砂,009,玉砂,5,3660,2600,0.2
00900003,单面普白玉砂,009,玉砂,5,3660,2440,0.2
00900003,单面普白玉砂,009,玉砂,5,3660,2250,0.2
00900003,单面普白玉砂,009,玉砂,5,3660,2140,0.2
00900003,单面普白玉砂,009,玉砂,5,2440,2000,0.2
00900003,单面普白玉砂,009,玉砂,5,2440,1900,0.2
00900002,单面普白玉砂,009,玉砂,5,2440,1830,0.2
00900002,单面普白玉砂,009,玉砂,4.8,3660,2440,0.3
00900002,单面普白玉砂,009,玉砂,4.8,2440,2200,0.4
00900002,单面普白玉砂,009,玉砂,4.8,2440,2000,0.4
00900002,单面普白玉砂,009,玉砂,4.6,3660,2440,0.2
00900002,单面普白玉砂,009,玉砂,4.5,3660,2440,0.2
00900002,单面普白玉砂,009,玉砂,4.5,2440,2000,0.3
00900002,单面普白玉砂,009,玉砂,4.3,3660,2440,0.2
00900002,单面普白玉砂,009,玉砂,4,3660,2440,0.2
00900002,单面普白玉砂,009,玉砂,4,3660,2140,0.2
00900001,单面普白玉砂,009,玉砂,4,2440,2000,0.2
00900001,单面普白玉砂,009,玉砂,4,2440,1830,0.2
00900001,单面普白玉砂,009,玉砂,4,2200,2000,0.2
00900001,单面普白玉砂,009,玉砂,3.95,2440,2000,0.2
00900001,单面普白玉砂,009,玉砂,3.8,2440,2000,0.4
00900001,单面普白玉砂,009,玉砂,3.8,2200,2000,0.4
00900001,单面普白玉砂,009,玉砂,3.8,2200,1900,0.45
00900001,单面普白玉砂,009,玉砂,3.6,2440,2000,0.2
00900001,单面普白玉砂,009,玉砂,3.6,2200,2000,0.2
00900001,单面普白玉砂,009,玉砂,3.5,3660,2200,0.2
00900000,单面欧灰玉砂,009,玉砂,4.5,3660,2440,0.2
00900000,单面超白玉砂,009,玉砂,10,3660,2440,0.2
00900000,单面超白玉砂,009,玉砂,10,3300,2800,0.2
00900000,单面超白玉砂,009,玉砂,10,3300,2440,0.2
00900000,单面超白玉砂,009,玉砂,8,3660,2440,0.2
00900000,单面超白玉砂,009,玉砂,7.3,3660,2440,0.2
00900000,单面超白玉砂,009,玉砂,6,3660,2440,0.2
00900000,单面超白玉砂,009,玉砂,5,3660,2440,0.2
00900000,单面超白玉砂,009,玉砂,4,3660,2440,0.2
00800133,有铜银镜,008,镜子,4.8,2440,1830,0
00800132,银镜,008,镜子,8,3660,2440,0.2
00800131,银镜,008,镜子,6,3660,2600,0
00800130,银镜,008,镜子,6,3660,2440,0.2
00800129,银镜,008,镜子,6,3660,2140,0.2
00800128,银镜,008,镜子,6,3300,2440,0
00800127,银镜,008,镜子,5,3660,2600,0.2
00800126,银镜,008,镜子,5,3660,2440,0.2
00800125,银镜,008,镜子,5,3660,2140,0.2
00800124,银镜,008,镜子,5,3300,2440,0.2
00800123,银镜,008,镜子,5,2440,2000,0.2
00800122,银镜,008,镜子,5,2440,1830,0.2
00800121,银镜,008,镜子,4.8,3660,2440,0.3
00800120,银镜,008,镜子,4.75,3660,2440,0.2
00800119,银镜,008,镜子,4.7,2440,2000,0.2
00800118,银镜,008,镜子,4.7,2440,1830,0.2
00800117,银镜,008,镜子,4.7,2000,1500,0.2
00800116,银镜,008,镜子,4.6,3660,2440,0.2
00800115,银镜,008,镜子,4.6,3300,2440,0.2
00800114,银镜,008,镜子,4.6,2440,2000,0.2
00800113,银镜,008,镜子,4.6,2440,1830,0.2
00800112,银镜,008,镜子,4.5,3660,2440,0.2
00800111,银镜,008,镜子,4.5,2440,2000,0.1
00800110,银镜,008,镜子,4,3660,2440,0.2
00800109,银镜,008,镜子,4,2440,2000,0.2
00800108,银镜,008,镜子,4,2440,1830,0.2
00800107,银镜,008,镜子,3,2440,2000,0.2
00800106,无铜银镜,008,镜子,6,3660,2440,0.2
00800105,无铜银镜,008,镜子,6,3300,2440,0.2
00800104,无铜银镜,008,镜子,5,3660,2440,0.2
00800103,无铜银镜,008,镜子,5,3660,2140,0.2
00800102,无铜银镜,008,镜子,5,2440,2000,0.2
00800101,无铜银镜,008,镜子,4.7,2440,1830,0.2
00800100,无铜银镜,008,镜子,4.4,2440,2000,0.2
00800099,无铜银镜,008,镜子,4,2440,2000,0.2
00800098,天津台玻镜显玻璃,008,镜子,10,3660,2440,0.2
00800097,天津台玻镜显玻璃,008,镜子,10,3300,2440,0.2
00800096,双漆银镜,008,镜子,5,3660,2440,0.2
00800095,双漆银镜,008,镜子,5,2440,2000,0.2
00800094,双漆铝镜,008,镜子,8,3660,2440,0.2
00800093,双漆铝镜,008,镜子,6,3660,2440,0.2
00800092,双漆铝镜,008,镜子,6,3300,2140,0.2
00800091,双漆铝镜,008,镜子,5,3660,2440,0.2
00800090,双漆铝镜,008,镜子,5,3300,2440,0.2
00800089,双漆铝镜,008,镜子,5,2440,2000,0.2
00800088,双漆铝镜,008,镜子,5,2440,1830,0.2
00800087,双漆铝镜,008,镜子,4.8,3660,2440,0.2
00800086,双漆铝镜,008,镜子,4.8,2440,2000,0.4
00800085,双漆铝镜,008,镜子,4.8,2440,1830,0.4
00800084,双漆铝镜,008,镜子,4.7,2440,2000,0.2
00800083,双漆铝镜,008,镜子,4.7,2440,1830,0.2
00800082,双漆铝镜,008,镜子,4.6,3660,2440,0.2
00800081,双漆铝镜,008,镜子,4.6,2440,2000,0.2
00800080,双漆铝镜,008,镜子,4.6,2440,1830,0.2
00800079,双漆铝镜,008,镜子,4.5,3660,2440,0.2
00800078,双漆铝镜,008,镜子,4.5,2440,2000,0.3
00800077,双漆铝镜,008,镜子,4.5,2440,1830,0.3
00800076,双漆铝镜,008,镜子,4,3660,2440,0.2
00800075,双漆铝镜,008,镜子,4,2440,2000,0.2
00800074,双漆铝镜,008,镜子,3.8,2440,2000,0.3
00800073,双漆铝镜,008,镜子,3.8,2440,1830,0.3
00800072,双漆铝镜,008,镜子,3.7,2440,2000,0.2
00800071,双漆铝镜,008,镜子,3.6,2440,1830,0.2
00800070,双漆铝镜,008,镜子,3.5,2440,1830,0.2
00800069,双面可钢镜,008,镜子,6,3660,2440,0.2
00800068,普白银镜,008,镜子,4.5,3660,2440,0.2
00800067,普白白烤漆,008,镜子,4.7,2440,2000,0.2
00800066,欧灰双铝镜,008,镜子,4.3,2440,1830,0.2
00800065,欧灰铝镜,008,镜子,4.6,3660,2440,0.2
00800064,欧灰镜,008,镜子,4.2,2440,1830,0
00800063,铝镜,008,镜子,4.8,3660,2440,0.3
00800062,铝镜,008,镜子,3.5,2200,1650,0.2
00800061,科正银镜,008,镜子,5,2440,1830,0.2
00800060,科正银镜,008,镜子,4.6,3660,2440,0.2
00800059,科正银镜,008,镜子,4.6,2440,2000,0.2
00800058,科正银镜,008,镜子,8,3660,2440,0.2
00800057,科正铝镜,008,镜子,4.6,3660,2440,0.2
00800056,科正铝镜,008,镜子,4.6,2440,2000,0.2
00800055,科正铝镜,008,镜子,4.6,2440,1830,0.2
00800054,科正铝镜,008,镜子,4,2440,2000,0.2
00800053,科正环保镜,008,镜子,5,2440,2800,0.2
00800052,科正过渡黑烤漆,008,镜子,4.6,3660,2440,0.2
00800051,科正超白银镜,008,镜子,8,3660,2440,0.2
00800050,科正超白银镜,008,镜子,6,3660,2440,0.2
00800049,抗氧化无铅无铜银镜,008,镜子,5,3660,2250,0.1
00800048,金茶双漆铝镜,008,镜子,4.6,2440,1830,0.2
00800047,金茶双漆铝镜,008,镜子,4.5,2440,1830,0.2
00800046,金茶双铝镜,008,镜子,5,454,210,0
00800045,金茶双铝镜,008,镜子,5,454,205,0
00800044,金茶铝镜,008,镜子,4.6,3660,2440,0.2
00800043,金茶铝镜,008,镜子,4.5,3660,2440,0.2
00800042,金茶铝镜,008,镜子,4.5,2440,1830,0.2
00800041,金茶镜,008,镜子,4.5,3660,2440,0.2
00800040,金茶镜,008,镜子,4.5,2440,1830,0.2
00800039,金茶仿古镜,008,镜子,5,2440,1830,0.2
00800038,环保灰镜,008,镜子,4.6,3660,2440,0.2
00800037,红烤漆,008,镜子,4.6,2440,1830,0.2
00800036,黑色烤漆镜子,008,镜子,4.5,2440,1830,0
00800035,黑烤漆,008,镜子,8,3660,2440,0.2
00800034,黑烤漆,008,镜子,5,3660,2440,0.2
00800033,黑烤漆,008,镜子,5,2440,1830,0.2
00800032,黑烤漆,008,镜子,4.7,2440,1830,0.2
00800031,黑烤漆,008,镜子,4.6,2440,2000,0.2
00800030,黑烤漆,008,镜子,4.6,2440,1830,0.2
00800029,黑烤漆,008,镜子,4.5,2440,1830,0.2
00800028,黑烤漆,008,镜子,4.3,3660,2440,0.2
00800027,黑镜,008,镜子,4.8,3660,2440,0.4
00800026,黑镜,008,镜子,4.6,3660,2440,0.2
00800025,仿古镜S1,008,镜子,5,2440,1830,0.2
00800024,仿古镜B6,008,镜子,5,2440,1830,0.2
00800023,单漆铝镜,008,镜子,5,3660,2440,0.2
00800022,单漆铝镜,008,镜子,4.7,2440,1830,0.2
00800021,单漆铝镜,008,镜子,4.6,3660,2440,0.2
00800020,单漆铝镜,008,镜子,4.6,2440,1830,0.2
00800019,单漆铝镜,008,镜子,3.8,2200,1650,0.45
00800018,单漆铝镜,008,镜子,3.7,2440,1830,0.2
00800017,单漆铝镜,008,镜子,3.7,2440,1730,0.2
00800016,单漆铝镜,008,镜子,3.7,2200,1650,0.2
00800015,单漆铝镜,008,镜子,3.6,2440,1830,0.2
00800014,单漆铝镜,008,镜子,3.5,2440,1830,0.2
00800013,单漆铝镜,008,镜子,3,2440,1830,0.2
00800012,单漆镜子,008,镜子,3.8,2440,1830,0.2
00800011,单漆镜子,008,镜子,1.2,1220,914,0
00800010,超白银镜,008,镜子,5,3660,2440,0.2
00800009,超白银镜,008,镜子,4.6,3660,2440,0.2
00800008,超白银镜,008,镜子,4.5,3660,2440,0.2
00800007,超白银镜,008,镜子,3.2,2440,1830,0.2
00800006,超白无铜银镜,008,镜子,6,3660,2440,0.2
00800005,超白烤漆,008,镜子,5,3660,2440,0.2
00800004,超白烤漆,008,镜子,5,3300,2440,0.2
00800003,超白烤漆,008,镜子,5,2440,1830,0.2
00800002,超白环保镜,008,镜子,4.8,2440,1830,0.2
00800001,超白白烤漆,008,镜子,4.6,3660,2440,0.2
00700432,中国风,007,油砂,4.5,2440,1830,0.3
00700431,油砂,007,油砂,4.5,2440,2000,0.3
00700430,水立方油砂,007,油砂,5,2440,2100,0.2
00700429,双面普白油砂,007,油砂,12,3660,2440,0.4
00700428,双面普白油砂,007,油砂,10,3300,2600,0.2
00700427,双面普白油砂,007,油砂,8,3660,2440,0.2
00700426,双面普白油砂,007,油砂,7.3,3660,2440,0.2
00700425,双面普白油砂,007,油砂,7.2,3660,2440,0.2
00700424,双面普白油砂,007,油砂,7.2,3660,2250,0.2
00700423,双面普白油砂,007,油砂,7,3660,2440,0.2
00700422,双面普白油砂,007,油砂,7,3660,2250,0.2
00700421,双面普白油砂,007,油砂,7,3660,2140,0.2
00700420,双面普白油砂,007,油砂,7,3660,2134,0.2
00700419,双面普白油砂,007,油砂,4,3660,2440,0.2
00700418,双面普白油砂,007,油砂,4,3660,2250,0.2
00700417,双面普白油砂,007,油砂,4,2440,2000,0.25
00700416,双面普白油砂,007,油砂,4,2440,1830,0.25
00700415,双面灰油砂麒麟,007,油砂,7,2440,2100,0.2
00700414,双面灰油砂麒麟,007,油砂,7,2440,1830,0.2
00700413,双面灰油砂,007,油砂,8,3660,2440,0.2
00700412,双面灰油砂,007,油砂,8,3660,2250,0.2
00700411,双面灰油砂,007,油砂,8,3660,2140,0.2
00700410,双面灰油砂,007,油砂,8,2440,2000,0.2
00700409,双面灰油砂,007,油砂,8,2440,1830,0.2
00700408,双面灰油砂,007,油砂,7.8,3660,2440,0.2
00700407,双面灰油砂,007,油砂,7.7,3660,2440,0.2
00700406,双面灰油砂,007,油砂,7.5,3660,2440,0.2
00700405,双面灰油砂,007,油砂,7.2,3660,2440,0.2
00700404,双面灰油砂,007,油砂,7.2,3660,2250,0.2
00700403,双面灰油砂,007,油砂,7.2,3660,2140,0.2
00700402,双面灰油砂,007,油砂,7,3660,2440,0.2
00700401,双面灰油砂,007,油砂,7,3660,2250,0
00700400,双面灰油砂,007,油砂,7,3660,2250,0.2
00700399,双面灰油砂,007,油砂,7,2440,2100,0.2
00700398,双面灰油砂,007,油砂,7,2440,1560,0.2
00700397,双面灰油砂,007,油砂,6.8,3660,2250,0.2
00700396,双面灰油砂,007,油砂,6.7,3660,2440,0.2
00700395,双面灰油砂,007,油砂,6.7,3660,2250,0.2
00700394,双面灰油砂,007,油砂,6.5,3660,2440,0
00700393,双面灰油砂,007,油砂,6.5,3660,2250,0
00700392,双面灰油砂,007,油砂,6.5,3660,2140,0.2
00700391,双面灰油砂,007,油砂,4.3,3660,2440,0.2
00700390,双面超白长虹油砂,007,油砂,8,2440,2100,0.8
00700389,双面超白油砂,007,油砂,8,3660,2600,0.2
00700388,双面超白油砂,007,油砂,8,3660,2440,0.2
00700387,双面超白油砂,007,油砂,8,3660,2280,0.2
00700386,双面超白油砂,007,油砂,8,3660,2140,0.2
00700385,双面超白油砂,007,油砂,8,2440,2000,0.2
00700384,双面超白油砂,007,油砂,8,2440,1830,0.2
00700383,双面超白油砂,007,油砂,7.8,3660,2440,0.2
00700382,双面超白油砂,007,油砂,7.8,2440,2100,0.2
00700381,双面超白油砂,007,油砂,7.8,2440,1830,0.2
00700380,双面超白油砂,007,油砂,7.8,2440,1560,0.2
00700379,双面超白油砂,007,油砂,7.7,3660,2440,0.4
00700378,双面超白油砂,007,油砂,7.7,3660,2140,0.4
00700377,双面超白油砂,007,油砂,7.5,3660,2250,0.2
00700376,双面超白油砂,007,油砂,7.3,3660,2440,0.2
00700375,双面超白油砂,007,油砂,7.2,3660,2440,0.2
00700374,双面超白油砂,007,油砂,7.2,3660,2250,0.2
00700373,双面超白油砂,007,油砂,7.1,3660,2250,0.2
00700372,双面超白油砂,007,油砂,7.1,3660,2440,0.2
00700371,双面超白油砂,007,油砂,7.1,2440,2100,0.2
00700370,双面超白油砂,007,油砂,7.1,2440,1560,0.2
00700369,双面超白油砂,007,油砂,7,3660,2440,0.2
00700368,双面超白油砂,007,油砂,7,3660,2250,0.2
00700367,双面超白油砂,007,油砂,7,3660,2140,0.2
00700366,双面超白油砂,007,油砂,7,2440,2100,0
00700365,双面超白油砂,007,油砂,7,2440,1560,0
00700364,双面超白油砂,007,油砂,6.9,3660,2440,0.2
00700363,双面超白油砂,007,油砂,6.8,3660,2440,0.2
00700362,双面超白油砂,007,油砂,6.8,3660,2250,0.2
00700361,双面超白油砂,007,油砂,6.8,3660,2140,0.2
00700360,双面超白油砂,007,油砂,6.8,2660,2440,0.2
00700359,双面超白油砂,007,油砂,6.8,2440,2100,0.2
00700358,双面超白油砂,007,油砂,6.8,2440,1560,0.2
00700357,双面超白油砂,007,油砂,6.7,3660,2440,0.2
00700356,双面超白油砂,007,油砂,6.7,3660,2250,0.2
00700355,双面超白油砂,007,油砂,6.7,3660,2140,0.2
00700354,双面超白油砂,007,油砂,6.7,2440,2100,0.2
00700353,双面超白油砂,007,油砂,6.7,2440,1560,0.2
00700352,双面超白油砂,007,油砂,6.5,3660,2440,0.2
00700351,双面超白油砂,007,油砂,6.5,3660,2140,0.2
00700350,双面超白油砂,007,油砂,4,3660,2440,0.2
00700349,双面超白油砂,007,油砂,4,3660,2250,0.2
00700348,双面超白油砂,007,油砂,4,2440,2100,0.3
00700347,双面超白油砂,007,油砂,4,2440,1560,0.3
00700346,双面超白油砂,007,油砂,3.8,3660,2440,0.2
00700345,双面超白油砂,007,油砂,3.8,3660,2140,0.2
00700344,砂千叶,007,油砂,7.2,2440,2100,0.1
00700343,青岛金晶晶白银波纹油砂,007,油砂,7.5,2440,2100,0
00700342,青岛金晶晶白海棠油砂,007,油砂,7.5,2800,2100,0.2
00700341,普白油砂,007,油砂,10,3660,2800,0.2
00700340,普白油砂,007,油砂,10,3660,2600,0.2
00700339,普白油砂,007,油砂,10,3660,2440,0.2
00700338,普白油砂,007,油砂,10,3660,2250,0.2
00700337,普白油砂,007,油砂,10,3660,2140,0.2
00700336,普白油砂,007,油砂,10,3300,2440,0.2
00700335,普白油砂,007,油砂,10,3300,2250,0.2
00700334,普白油砂,007,油砂,10,3050,2140,0.4
00700333,普白油砂,007,油砂,10,2440,2000,0.2
00700332,普白油砂,007,油砂,8,3660,2800,0.2
00700331,普白油砂,007,油砂,8,3660,2600,0.2
00700330,普白油砂,007,油砂,8,3660,2440,0.2
00700329,普白油砂,007,油砂,8,3660,2250,0.2
00700328,普白油砂,007,油砂,8,3660,2140,0.2
00700327,普白油砂,007,油砂,8,3660,2134,0.2
00700326,普白油砂,007,油砂,8,3660,2003,0.2
00700325,普白油砂,007,油砂,8,3660,2000,0.2
00700324,普白油砂,007,油砂,8,3300,2800,0.2
00700323,普白油砂,007,油砂,8,3300,2440,0.2
00700322,普白油砂,007,油砂,8,3300,2140,0.2
00700321,普白油砂,007,油砂,8,3300,2134,0.2
00700320,普白油砂,007,油砂,8,3050,2140,0.4
00700319,普白油砂,007,油砂,8,2440,1830,0.2
00700318,普白油砂,007,油砂,7.5,3660,2440,0.2
00700317,普白油砂,007,油砂,7.2,3660,2440,0.2
00700316,普白油砂,007,油砂,7.2,3660,2250,0.2
00700315,普白油砂,007,油砂,7.2,3660,2140,0.2
00700314,普白油砂,007,油砂,7.2,3660,2000,0.2
00700313,普白油砂,007,油砂,7,3660,2440,0.2
00700312,普白油砂,007,油砂,7,3660,2250,0.2
00700311,普白油砂,007,油砂,7,3660,2140,0.2
00700310,普白油砂,007,油砂,7,3660,2134,0.2
00700309,普白油砂,007,油砂,6,3660,2600,0.2
00700308,普白油砂,007,油砂,6,3660,2440,0.2
00700307,普白油砂,007,油砂,6,3300,2600,0.2
00700306,普白油砂,007,油砂,5,3660,2440,0.2
00700305,普白油砂,007,油砂,5,3660,2140,0.2
00700304,普白油砂,007,油砂,5,3660,2134,0.2
00700303,普白油砂,007,油砂,5,2440,1830,0.2
00700302,普白油砂,007,油砂,4.8,2440,2000,0.4
00700301,普白油砂,007,油砂,4.8,2440,1830,0.4
00700300,普白油砂,007,油砂,4.8,2200,2000,0.4
00700299,普白油砂,007,油砂,4.6,3660,2440,0.2
00700298,普白油砂,007,油砂,4.5,3660,2600,0.2
00700297,普白油砂,007,油砂,4.5,3660,2440,0.2
00700296,普白油砂,007,油砂,4.5,2440,2000,0.3
00700295,普白油砂,007,油砂,4.5,2440,1900,0.3
00700294,普白油砂,007,油砂,4.5,2200,2000,0.3
00700293,普白油砂,007,油砂,4.3,3660,2440,0.2
00700292,普白油砂,007,油砂,4,3660,2440,0.2
00700291,普白油砂,007,油砂,4,3660,2140,0.2
00700290,普白油砂,007,油砂,4,2440,2000,0.2
00700289,普白油砂,007,油砂,4,2200,2000,0.2
00700288,普白油砂,007,油砂,4,2200,1650,0.2
00700287,普白油砂,007,油砂,3.8,2440,2000,0.4
00700286,普白油砂,007,油砂,3.8,2200,2000,0.4
00700285,普白油砂,007,油砂,3.4,3660,2250,0.1
00700284,普白油砂,007,油砂,3.3,3660,2440,0.1
00700283,普白油砂,007,油砂,3.3,3660,2250,0.1
00700282,普白双面油砂,007,油砂,8,3660,2440,0.2
00700281,普白双面油砂,007,油砂,8,2600,2000,0.2
00700280,普白双面油砂,007,油砂,8,2600,1660,0.2
00700279,普白双面油砂,007,油砂,8,2440,1830,0.2
00700278,普白双面油砂,007,油砂,7.2,3660,2440,0.2
00700277,普白双面油砂,007,油砂,7.2,3660,2250,0.2
00700276,普白双面油砂,007,油砂,5,3660,2440,0.2
00700275,欧灰梦幻,007,油砂,8,2440,1650,0.1
00700274,欧茶双面油砂,007,油砂,8,3660,2440,0.2
00700273,欧茶双面油砂,007,油砂,7.3,3660,2440,0.2
00700272,欧茶双面油砂,007,油砂,7.1,3660,2440,0.2
00700271,欧茶双面油砂,007,油砂,7,3660,2440,0.2
00700270,欧茶麒麟单面系列,007,油砂,7,2440,1830,0.2
00700269,路路通,007,油砂,4.5,2440,1830,0.3
00700268,流星雨油砂,007,油砂,8,2440,1560,0.2
00700267,流星雨油砂,007,油砂,7.2,2440,1650,0.1
00700266,蓝油砂（漳州旗滨海洋蓝原片）,007,油砂,8,3660,2440,0.2
00700265,金晶晶白金元油砂,007,油砂,7,2440,2100,0.2
00700264,金晶晶白金元油砂,007,油砂,5,2440,2100,0.2
00700263,金茶油砂,007,油砂,4.5,3660,2440,0.2
00700262,灰油砂雪花,007,油砂,7.2,2440,2100,0.1
00700261,灰油砂斜木纹,007,油砂,7.5,2440,2100,0.2
00700260,灰油砂细雨,007,油砂,8,2440,2100,1.4
00700259,灰油砂细雨,007,油砂,7,2440,1830,0.2
00700258,灰油砂十全十美,007,油砂,7,2440,2100,0.2
00700257,灰油砂十全十美,007,油砂,7,2440,1830,0.2
00700256,灰油砂山清水秀,007,油砂,7,2440,1560,0.2
00700255,灰油砂千叶,007,油砂,7.5,2440,2100,0.2
00700254,灰油砂千叶,007,油砂,7,2440,2100,0.2
00700253,灰油砂麒麟,007,油砂,8,2440,1560,0.2
00700252,灰油砂麒麟,007,油砂,7,2440,1830,0.2
00700251,灰油砂木纹,007,油砂,8,2440,2100,0.3
00700250,灰油砂木纹,007,油砂,8,2440,1830,0.3
00700249,灰油砂木纹,007,油砂,7.8,2440,1560,0.2
00700248,灰油砂木纹,007,油砂,7,2440,2100,0.2
00700247,灰油砂木纹,007,油砂,5,2440,2100,0.2
00700246,灰油砂木纹,007,油砂,4.5,2440,2100,0.2
00700245,灰油砂木纹,007,油砂,4.5,2440,1560,0.2
00700244,灰油砂木纹,007,油砂,4.3,3660,2440,0.2
00700243,灰油砂木纹,007,油砂,4.3,2440,2100,0.2
00700242,灰油砂梦巴黎,007,油砂,8,2800,2100,0.8
00700241,灰油砂梦巴黎,007,油砂,8,2440,2100,0.2
00700240,灰油砂梦巴黎,007,油砂,8,2440,1560,0.2
00700239,灰油砂梦巴黎,007,油砂,7,2440,1830,0.2
00700238,灰油砂格律,007,油砂,8,2440,1830,0.2
00700237,灰木纹油砂,007,油砂,8,2800,2100,0.8
00700236,灰木纹油砂,007,油砂,5,2440,2100,0.3
00700235,黑油砂,007,油砂,8,3660,2440,0.2
00700234,黑油砂,007,油砂,4.7,3660,2440,0.2
00700233,单面普白长虹油砂,007,油砂,5,2440,2100,0.8
00700232,单面普白油砂,007,油砂,12,3660,2440,0.2
00700231,单面普白油砂,007,油砂,12,3660,2140,0.2
00700230,单面普白油砂,007,油砂,10,3660,2800,0.2
00700229,单面普白油砂,007,油砂,10,3660,2600,0.2
00700228,单面普白油砂,007,油砂,10,3660,2440,0.2
00700227,单面普白油砂,007,油砂,10,3660,2250,0.2
00700226,单面普白油砂,007,油砂,10,3660,2140,0.2
00700225,单面普白油砂,007,油砂,10,3660,2134,0.2
00700224,单面普白油砂,007,油砂,8,3660,2800,0.2
00700223,单面普白油砂,007,油砂,8,3660,2440,0.2
00700222,单面普白油砂,007,油砂,8,3660,2003,0.2
00700221,单面普白油砂,007,油砂,8,3300,2600,0.2
00700220,单面普白油砂,007,油砂,8,3300,2250,0.2
00700219,单面普白油砂,007,油砂,7.8,2440,2000,0.4
00700218,单面普白油砂,007,油砂,7.5,3660,2440,0.2
00700217,单面普白油砂,007,油砂,7.5,2440,2100,0.2
00700216,单面普白油砂,007,油砂,7.5,2440,1560,0.2
00700215,单面普白油砂,007,油砂,7.3,3660,2440,0.2
00700214,单面普白油砂,007,油砂,7.3,3660,2140,0.2
00700213,单面普白油砂,007,油砂,7.3,3660,2000,0.2
00700212,单面普白油砂,007,油砂,7.2,3660,2440,0.2
00700211,单面普白油砂,007,油砂,7.2,3660,2250,0.2
00700210,单面普白油砂,007,油砂,7,3660,2140,0.2
00700209,单面普白油砂,007,油砂,6.6,3660,2250,0
00700208,单面普白油砂,007,油砂,6,3660,2440,0.2
00700207,单面普白油砂,007,油砂,5,3660,2600,0.2
00700206,单面普白油砂,007,油砂,5,3660,2440,0.2
00700205,单面普白油砂,007,油砂,5,3660,2250,0.2
00700204,单面普白油砂,007,油砂,5,2440,2000,0.2
00700203,单面普白油砂,007,油砂,5,2440,1900,0.2
00700202,单面普白油砂,007,油砂,5,2200,2000,0.2
00700201,单面普白油砂,007,油砂,4.8,3660,2440,0.3
00700200,单面普白油砂,007,油砂,4.8,2440,2000,0.4
00700199,单面普白油砂,007,油砂,4.8,2200,2000,0.4
00700198,单面普白油砂,007,油砂,4.5,3660,2440,0.2
00700197,单面普白油砂,007,油砂,4.5,2440,2000,0.3
00700196,单面普白油砂,007,油砂,4.2,3660,2440,0.2
00700195,单面普白油砂,007,油砂,4,3660,2440,0.2
00700194,单面普白油砂,007,油砂,4,2440,2000,0.2
00700193,单面普白油砂,007,油砂,4,2440,1830,0.2
00700192,单面普白油砂,007,油砂,4,2200,2000,0.2
00700191,单面普白油砂,007,油砂,3.95,2440,2000,0.2
00700190,单面普白油砂,007,油砂,3.95,2200,2000,0.2
00700189,单面普白油砂,007,油砂,3.9,3660,2440,0.1
00700188,单面普白油砂,007,油砂,3.8,2440,2000,0.4
00700187,单面普白油砂,007,油砂,3.8,2200,2000,0.4
00700186,单面普白油砂,007,油砂,3.5,3660,2440,0.2
00700185,单面普白油砂,007,油砂,3.5,3660,2250,0.2
00700184,单面普白油砂,007,油砂,3.5,3660,2230,0
00700183,单面普白油砂,007,油砂,3.3,3660,2440,0.1
00700182,单面普白油砂,007,油砂,3.2,3660,2440,0.2
00700181,单面普白银玻纹油砂,007,油砂,7.2,2440,2100,0.5
00700180,单面欧茶油砂,007,油砂,8,3660,2440,0.2
00700179,单面欧茶油砂,007,油砂,7.5,3660,2440,0.2
00700178,单面欧茶油砂,007,油砂,7.2,3660,2440,0.2
00700177,单面欧茶油砂,007,油砂,4.3,3660,2440,0.2
00700176,单面晶白长虹油砂,007,油砂,7.5,2440,2100,0.8
00700175,单面金茶油砂,007,油砂,8,3660,2440,0.2
00700174,单面金茶油砂,007,油砂,7.3,3660,2440,0.2
00700173,单面灰油砂麒麟,007,油砂,7,2440,2100,0.2
00700172,单面灰油砂,007,油砂,10,3660,2440,0.2
00700171,单面灰油砂,007,油砂,8,3660,2440,0.2
00700170,单面灰油砂,007,油砂,8,3660,2140,0.2
00700169,单面灰油砂,007,油砂,8,2440,2100,0.8
00700168,单面灰油砂,007,油砂,8,2440,1830,0.2
00700167,单面灰油砂,007,油砂,8,2440,860,0.8
00700166,单面灰油砂,007,油砂,7.9,3660,2140,0.2
00700165,单面灰油砂,007,油砂,7.8,3660,2440,0.2
00700164,单面灰油砂,007,油砂,7.7,3660,2440,0.2
00700163,单面灰油砂,007,油砂,7.5,3660,2440,0.2
00700162,单面灰油砂,007,油砂,7.5,3660,2250,0.2
00700161,单面灰油砂,007,油砂,7.5,3660,2140,0.2
00700160,单面灰油砂,007,油砂,7.4,3660,2440,0.2
00700159,单面灰油砂,007,油砂,7.3,3660,2440,0.2
00700158,单面灰油砂,007,油砂,7.2,3660,2440,0.2
00700157,单面灰油砂,007,油砂,7.2,3660,2250,0.2
00700156,单面灰油砂,007,油砂,7.2,3660,2140,0.2
00700155,单面灰油砂,007,油砂,7.2,3300,2440,0.2
00700154,单面灰油砂,007,油砂,7.2,2440,860,0.2
00700153,单面灰油砂,007,油砂,7.2,340,2800,0.2
00700152,单面灰油砂,007,油砂,7,3660,2440,0.2
00700151,单面灰油砂,007,油砂,7,3660,2250,0.2
00700150,单面灰油砂,007,油砂,7,3660,2140,0.2
00700149,单面灰油砂,007,油砂,6.8,3660,2440,0.2
00700148,单面灰油砂,007,油砂,6.8,3660,2250,0.2
00700147,单面灰油砂,007,油砂,6.7,3660,2440,0.2
00700146,单面灰油砂,007,油砂,6.7,3660,2250,0.2
00700145,单面灰油砂,007,油砂,6.7,3660,2140,0.2
00700144,单面灰油砂,007,油砂,6.5,3660,2440,0.2
00700143,单面灰油砂,007,油砂,6.5,3660,2250,0.2
00700142,单面灰油砂,007,油砂,6.5,3660,2140,0.2
00700141,单面灰油砂,007,油砂,5,3660,2440,0.2
00700140,单面灰油砂,007,油砂,4.5,3660,2440,0.2
00700139,单面灰油砂,007,油砂,4.5,2440,2140,0.2
00700138,单面灰油砂,007,油砂,4.5,2440,2100,0
00700137,单面灰油砂,007,油砂,4.5,2440,1830,0.2
00700136,单面灰油砂,007,油砂,4.5,2440,1560,0
00700135,单面灰油砂,007,油砂,4.5,2440,1520,0.2
00700134,单面灰油砂,007,油砂,4.3,3660,2440,0.2
00700133,单面灰油砂,007,油砂,4.3,3660,2140,0
00700132,单面灰油砂,007,油砂,4.2,3660,2440,0.2
00700131,单面灰油砂,007,油砂,4.2,3660,2250,0.2
00700130,单面灰油砂,007,油砂,4.2,2440,2100,0.2
00700129,单面灰油砂,007,油砂,4.2,2440,1560,0.2
00700128,单面灰油砂,007,油砂,4,3660,2440,0.2
00700127,单面灰油砂,007,油砂,4,2440,2100,0.2
00700126,单面灰油砂,007,油砂,4,2440,2000,0.2
00700125,单面灰油砂,007,油砂,4,2440,1660,0.2
00700124,单面灰油砂,007,油砂,4,2440,1560,0.2
00700123,单面灰油砂,007,油砂,3.9,3660,2440,0.2
00700122,单面灰油砂,007,油砂,3.8,3660,2440,0
00700121,单面灰油砂,007,油砂,3.8,3660,2440,0.2
00700120,单面灰油砂,007,油砂,3.8,3660,2250,0
00700119,单面灰油砂,007,油砂,3.8,3660,2250,0.2
00700118,单面灰油砂,007,油砂,3.8,3660,2140,0
00700117,单面灰油砂,007,油砂,3.8,3660,2140,0.2
00700116,单面灰油砂,007,油砂,3.8,2440,2100,0.2
00700115,单面灰油砂,007,油砂,3.8,2440,1560,0.2
00700114,单面灰油砂,007,油砂,3.6,3660,2440,0.2
00700113,单面灰油砂,007,油砂,3.6,3660,2140,0.2
00700112,单面超白长虹油砂,007,油砂,8,2800,2100,0.8
00700111,单面超白长虹油砂,007,油砂,8,2440,2100,0.8
00700110,单面超白长虹油砂,007,油砂,8,2200,2100,0.8
00700109,单面超白长虹油砂,007,油砂,7.2,2440,2100,0
00700108,单面超白长虹油砂,007,油砂,7,2800,2100,0.2
00700107,单面超白长虹油砂,007,油砂,7,2440,2100,0.2
00700106,单面超白长虹油砂,007,油砂,5,2440,2100,0.8
00700105,单面超白油砂十全十美,007,油砂,7,2440,2100,0.2
00700104,单面超白油砂十全十美,007,油砂,7,2440,1830,0.2
00700103,单面超白油砂麒麟,007,油砂,7,2440,1830,0.2
00700102,单面超白金元油砂,007,油砂,7,2440,2100,0.2
00700101,单面超白油砂,007,油砂,12,3660,2440,0.2
00700100,单面超白油砂,007,油砂,10,3660,2800,0
00700099,单面超白油砂,007,油砂,10,3660,2660,0.2
00700098,单面超白油砂,007,油砂,10,3660,2600,0.2
00700097,单面超白油砂,007,油砂,10,3660,2440,0
00700096,单面超白油砂,007,油砂,10,3660,2440,0.2
00700095,单面超白油砂,007,油砂,10,3660,2250,0.2
00700094,单面超白油砂,007,油砂,10,3660,2250,0
00700093,单面超白油砂,007,油砂,10,3660,2140,0
00700092,单面超白油砂,007,油砂,10,3300,2700,0.2
00700091,单面超白油砂,007,油砂,10,3300,2440,0.2
00700090,单面超白油砂,007,油砂,9.8,3660,2440,0.2
00700089,单面超白油砂,007,油砂,8,3660,2600,0.2
00700088,单面超白油砂,007,油砂,8,3660,2440,0.2
00700087,单面超白油砂,007,油砂,8,3660,2280,0.2
00700086,单面超白油砂,007,油砂,8,3660,2250,0.2
00700085,单面超白油砂,007,油砂,8,3660,2140,0.2
00700084,单面超白油砂,007,油砂,8,2440,2100,0.2
00700083,单面超白油砂,007,油砂,8,2440,1830,0.2
00700082,单面超白油砂,007,油砂,8,2440,1560,0.2
00700081,单面超白油砂,007,油砂,8,2200,2100,0.8
00700080,单面超白油砂,007,油砂,7.8,3660,2440,0.2
00700079,单面超白油砂,007,油砂,7.7,3660,2440,0.4
00700078,单面超白油砂,007,油砂,7.5,3660,2440,0.2
00700077,单面超白油砂,007,油砂,7.3,3660,2440,0.2
00700076,单面超白油砂,007,油砂,7.3,3660,2140,0.2
00700075,单面超白油砂,007,油砂,7.2,3660,2440,0.2
00700074,单面超白油砂,007,油砂,7.2,3660,2250,0.2
00700073,单面超白油砂,007,油砂,7.1,3660,2440,0.2
00700072,单面超白油砂,007,油砂,7.1,3660,2250,0.2
00700071,单面超白油砂,007,油砂,7.1,3660,2140,0.2
00700070,单面超白油砂,007,油砂,7.1,3660,2134,0.2
00700069,单面超白油砂,007,油砂,7,3660,2440,0.2
00700068,单面超白油砂,007,油砂,7,3660,2250,0.2
00700067,单面超白油砂,007,油砂,7,3660,2140,0.2
00700066,单面超白油砂,007,油砂,6.9,3660,2440,0.2
00700065,单面超白油砂,007,油砂,6.8,3660,2440,0.2
00700064,单面超白油砂,007,油砂,6.8,3660,2250,0.2
00700063,单面超白油砂,007,油砂,6.8,3660,2140,0.2
00700062,单面超白油砂,007,油砂,6.7,3660,2440,0.2
00700061,单面超白油砂,007,油砂,6.7,3660,2250,0.2
00700060,单面超白油砂,007,油砂,6.7,3660,2140,0.2
00700059,单面超白油砂,007,油砂,6.5,3660,2440,0.2
00700058,单面超白油砂,007,油砂,6.5,3660,2140,0.2
00700057,单面超白油砂,007,油砂,6,3660,2800,0.2
00700056,单面超白油砂,007,油砂,6,3660,2600,0.2
00700055,单面超白油砂,007,油砂,6,3660,2440,0.2
00700054,单面超白油砂,007,油砂,6,3660,2140,0.2
00700053,单面超白油砂,007,油砂,5,3660,2800,0.2
00700052,单面超白油砂,007,油砂,5,3660,2600,0.2
00700051,单面超白油砂,007,油砂,5,3660,2440,0.2
00700050,单面超白油砂,007,油砂,5,3660,2140,0.2
00700049,单面超白油砂,007,油砂,5,2440,2100,0.8
00700048,单面超白油砂,007,油砂,4.5,3660,2440,0.2
00700047,单面超白油砂,007,油砂,4.5,3660,2140,0.2
00700046,单面超白油砂,007,油砂,4.5,2440,1830,0.2
00700045,单面超白油砂,007,油砂,4.3,3660,2440,0.2
00700044,单面超白油砂,007,油砂,4.2,3660,2440,0.2
00700043,单面超白油砂,007,油砂,4,3660,2440,0.2
00700042,单面超白油砂,007,油砂,4,3660,2140,0.2
00700041,单面超白油砂,007,油砂,4,2440,2100,0.2
00700040,单面超白油砂,007,油砂,4,2440,1560,0.2
00700039,单面超白油砂,007,油砂,3.9,3660,2440,0.2
00700038,单面超白油砂,007,油砂,3.9,3660,2140,0.2
00700037,单面超白油砂,007,油砂,3.8,3660,2440,0.2
00700036,单面超白油砂,007,油砂,3.8,3660,2140,0.2
00700035,单面超白油砂,007,油砂,3.6,3660,2440,0.2
00700034,单面超白油砂,007,油砂,3.6,3660,2250,0.2
00700033,单面超白油砂,007,油砂,3.6,2440,2100,0.2
00700032,单面超白油砂,007,油砂,3.6,2440,1560,0.2
00700031,单面超白油砂,007,油砂,3.5,3660,2440,0.2
00700030,单面超白油砂,007,油砂,3.5,2440,2100,0.2
00700029,单面超白油砂,007,油砂,3.5,2440,1560,0.2
00700028,单面超白油砂,007,油砂,3.2,2440,1830,0.2
00700027,单面超白银波纹油砂,007,油砂,8,2440,2100,0.8
00700026,单面超白银波纹油砂,007,油砂,7,2440,2100,0.5
00700025,单面超白银波纹油砂,007,油砂,5,2440,2100,0.2
00700024,单面超白雪花油砂,007,油砂,8,2440,2100,0.5
00700023,单面超白小灯芯油砂,007,油砂,8,2440,2100,0.8
00700022,单面超白小灯芯油砂,007,油砂,5,2440,2100,0.8
00700021,单面超白小灯芯油砂,007,油砂,8,2200,2100,0.5
00700020,单面超白水纹油砂,007,油砂,8,2440,2100,0.8
00700019,单面超白水晶油砂,007,油砂,8,2800,2100,0.8
00700018,单面超白水晶油砂,007,油砂,8,2440,2100,1
00700017,单面超白水晶油砂,007,油砂,7,2800,2100,0.2
00700016,单面超白水晶油砂,007,油砂,5,2800,2100,0.5
00700015,单面超白水晶油砂,007,油砂,4,2800,2100,0.5
00700014,单面超白海棠油砂,007,油砂,8,2800,2100,0.8
00700013,单面超白海棠油砂,007,油砂,8,2440,2100,0.5
00700012,超白长虹油砂,007,油砂,8,2440,2100,0.8
00700011,超白油砂麒麟,007,油砂,8,2440,2100,0.2
00700010,超白油砂麒麟,007,油砂,8,2440,1560,0.2
00700009,超白油砂麒麟,007,油砂,7.3,2440,2100,0
00700008,超白油砂梦巴黎,007,油砂,8,2440,2100,0.2
00700007,超白油砂发财树,007,油砂,8,2440,1650,0.2
00700006,超白油砂发财树,007,油砂,8,2440,1560,0.2
00700005,单面超白银波纹油砂,007,油砂,8,2800,2100,0.5
00700004,茶麒麟,007,油砂,8,2440,2100,0.2
00700003,茶木纹,007,油砂,7.8,2440,1560,0.2
00700002,茶梦巴黎,007,油砂,8,2440,2100,0.2
00700001,茶梦巴黎,007,油砂,8,2440,1830,0.2
00600128,磨砂,006,磨砂,12,3660,2800,0.4
00600127,磨砂,006,磨砂,12,3660,2600,0.2
00600126,磨砂,006,磨砂,12,3660,2440,0.2
00600125,磨砂,006,磨砂,12,3660,2250,0.2
00600124,磨砂,006,磨砂,12,3660,2134,0.2
00600123,磨砂,006,磨砂,10,3660,2800,0.2
00600122,磨砂,006,磨砂,10,3660,2600,0.2
00600121,磨砂,006,磨砂,10,3660,2440,0.2
00600120,磨砂,006,磨砂,10,3660,2250,0.2
00600119,磨砂,006,磨砂,10,3660,2140,0.2
00600118,磨砂,006,磨砂,10,3660,2134,0.2
00600117,磨砂,006,磨砂,10,3300,2800,0.2
00600116,磨砂,006,磨砂,10,3300,2600,0.2
00600115,磨砂,006,磨砂,10,3300,2440,0.2
00600114,磨砂,006,磨砂,10,3300,2250,0.2
00600113,磨砂,006,磨砂,10,3300,2134,0.2
00600112,磨砂,006,磨砂,10,3050,2140,0.2
00600111,磨砂,006,磨砂,8,3660,2800,0.2
00600110,磨砂,006,磨砂,8,3660,2600,0.2
00600109,磨砂,006,磨砂,8,3660,2440,0.2
00600108,磨砂,006,磨砂,8,3660,2250,0.2
00600107,磨砂,006,磨砂,8,3660,2140,0.2
00600106,磨砂,006,磨砂,8,3660,2134,0.2
00600105,磨砂,006,磨砂,8,3660,2003,0.2
00600104,磨砂,006,磨砂,8,3660,2000,0.2
00600103,磨砂,006,磨砂,8,3300,2600,0.2
00600102,磨砂,006,磨砂,8,3300,2440,0.2
00600101,磨砂,006,磨砂,8,3300,2134,0.2
00600100,磨砂,006,磨砂,8,2440,2100,0.2
00600099,磨砂,006,磨砂,8,2440,2000,0.2
00600098,磨砂,006,磨砂,8,2440,1560,0.2
00600097,磨砂,006,磨砂,7.8,3660,2440,0.2
00600096,磨砂,006,磨砂,7.8,2440,2000,0.4
00600095,磨砂,006,磨砂,7.5,3660,2440,0.2
00600094,磨砂,006,磨砂,7.3,3660,2000,0.2
00600093,磨砂,006,磨砂,7.2,3660,2440,0.2
00600092,磨砂,006,磨砂,7.2,3660,2250,0.2
00600091,磨砂,006,磨砂,7.2,3660,2000,0.2
00600090,磨砂,006,磨砂,7,3660,2250,0.2
00600089,磨砂,006,磨砂,6,4200,2400,0.2
00600088,磨砂,006,磨砂,6,3660,2800,0.2
00600087,磨砂,006,磨砂,6,3660,2600,0.2
00600086,磨砂,006,磨砂,6,3660,2440,0.2
00600085,磨砂,006,磨砂,6,3660,2250,0.2
00600084,磨砂,006,磨砂,6,3660,2140,0.2
00600083,磨砂,006,磨砂,6,3660,2134,0.2
00600082,磨砂,006,磨砂,6,3300,2440,0.2
00600081,磨砂,006,磨砂,6,3300,2134,0.2
00600080,磨砂,006,磨砂,6,2440,2000,0.2
00600079,磨砂,006,磨砂,6,2440,1900,0.2
00600078,磨砂,006,磨砂,6,2440,1830,0.2
00600077,磨砂,006,磨砂,5,3660,2800,0.2
00600076,磨砂,006,磨砂,5,3660,2600,0.2
00600075,磨砂,006,磨砂,5,3660,2440,0.2
00600074,磨砂,006,磨砂,5,3660,2250,0.2
00600073,磨砂,006,磨砂,5,3660,2140,0.2
00600072,磨砂,006,磨砂,5,3660,2134,0.2
00600071,磨砂,006,磨砂,5,3300,2800,0.2
00600070,磨砂,006,磨砂,5,3300,2600,0.2
00600069,磨砂,006,磨砂,5,3300,2440,0.2
00600068,磨砂,006,磨砂,5,3300,2140,0.2
00600067,磨砂,006,磨砂,5,3300,2134,0.2
00600066,磨砂,006,磨砂,5,2440,2000,0.2
00600065,磨砂,006,磨砂,5,2440,1900,0.2
00600064,磨砂,006,磨砂,5,2440,1830,0.2
00600063,磨砂,006,磨砂,5,2200,2000,0.2
00600062,磨砂,006,磨砂,5,2200,1830,0.2
00600061,磨砂,006,磨砂,4.95,2440,2000,0.2
00600060,磨砂,006,磨砂,4.8,3660,2800,0.3
00600059,磨砂,006,磨砂,4.8,3660,2440,0.3
00600058,磨砂,006,磨砂,4.8,3660,2250,0.3
00600057,磨砂,006,磨砂,4.8,3660,2140,0.3
00600056,磨砂,006,磨砂,4.8,3660,2134,0.3
00600055,磨砂,006,磨砂,4.8,3300,2440,0.3
00600054,磨砂,006,磨砂,4.8,2440,2000,0.4
00600053,磨砂,006,磨砂,4.8,2440,1900,0.4
00600052,磨砂,006,磨砂,4.8,2440,1830,0.4
00600051,磨砂,006,磨砂,4.8,2200,2000,0.4
00600050,磨砂,006,磨砂,4.8,2200,1900,0.4
00600049,磨砂,006,磨砂,4.6,3660,2440,0.2
00600048,磨砂,006,磨砂,4.6,2440,2000,0.3
00600047,磨砂,006,磨砂,4.5,3660,2440,0.3
00600046,磨砂,006,磨砂,4.5,2440,2000,0.3
00600045,磨砂,006,磨砂,4.5,2440,1900,0.3
00600044,磨砂,006,磨砂,4.5,2440,1830,0.3
00600043,磨砂,006,磨砂,4.5,2200,2000,0.3
00600042,磨砂,006,磨砂,4.5,2200,1900,0.3
00600041,磨砂,006,磨砂,4.5,2200,1830,0.3
00600040,磨砂,006,磨砂,4.5,2200,1400,0.3
00600039,磨砂,006,磨砂,4.5,2134,1500,0.3
00600038,磨砂,006,磨砂,4.4,3660,2440,0.2
00600037,磨砂,006,磨砂,4.3,3660,2440,0.2
00600036,磨砂,006,磨砂,4.3,2440,2000,0.2
00600035,磨砂,006,磨砂,4.3,2440,1830,0.2
00600034,磨砂,006,磨砂,4.2,3660,2440,0.2
00600033,磨砂,006,磨砂,4,3660,2440,0.2
00600032,磨砂,006,磨砂,4,3660,2140,0.2
00600031,磨砂,006,磨砂,4,3300,2440,0.2
00600030,磨砂,006,磨砂,4,3300,2250,0.2
00600029,磨砂,006,磨砂,4,3300,2200,0.2
00600028,磨砂,006,磨砂,4,2440,2000,0.2
00600027,磨砂,006,磨砂,4,2440,1900,0.2
00600026,磨砂,006,磨砂,4,2440,1830,0.2
00600025,磨砂,006,磨砂,4,2200,2000,0.2
00600024,磨砂,006,磨砂,4,2200,1900,0.2
00600023,磨砂,006,磨砂,4,2200,1650,0.2
00600022,磨砂,006,磨砂,3.95,2440,2000,0.2
00600021,磨砂,006,磨砂,3.95,2200,2000,0.2
00600020,磨砂,006,磨砂,3.9,2440,1830,0.2
00600019,磨砂,006,磨砂,3.8,2440,2000,0.4
00600018,磨砂,006,磨砂,3.8,2440,1900,0.4
00600017,磨砂,006,磨砂,3.8,2440,1830,0.4
00600016,磨砂,006,磨砂,3.8,2200,2000,0.4
00600015,磨砂,006,磨砂,3.8,2200,1900,0.4
00600014,磨砂,006,磨砂,3.8,2200,1830,0.4
00600013,磨砂,006,磨砂,3.8,2200,1650,0.4
00600012,磨砂,006,磨砂,3.8,2200,1500,0.4
00600011,磨砂,006,磨砂,3.7,2440,2000,0.2
00600010,磨砂,006,磨砂,3.7,2200,2000,0.2
00600009,磨砂,006,磨砂,3.6,2440,2000,0.2
00600008,磨砂,006,磨砂,3.5,3660,2440,0.2
00600007,磨砂,006,磨砂,3.5,3660,2250,0.2
00600006,磨砂,006,磨砂,3.5,2440,2000,0.2
00600005,磨砂,006,磨砂,3.5,2200,2000,0.2
00600004,磨砂,006,磨砂,3.5,2200,1500,0.2
00600003,磨砂,006,磨砂,3.4,3660,2440,0.2
00600002,磨砂,006,磨砂,3.4,3660,2250,0.2
00600001,磨砂,006,磨砂,3.4,3660,2140,0.2
00500531,金晶晶白银波纹,005,"压花
",4.5,2440,2100,0.2
00500530,最时尚,005,"压花
",4.5,2440,1830,0.2
00500529,竹叶,005,"压花
",3,2200,1900,0.2
00500528,重庆凤华超白水晶,005,"压花
",8,2800,2100,0.5
00500527,重庆超白长虹,005,"压花
",8,3660,2100,0.8
00500526,重庆超白长虹,005,"压花
",8,2440,2100,0.8
00500525,重庆超白长虹,005,"压花
",5,3660,2100,0.8
00500524,重庆超白长虹,005,"压花
",5,3300,2100,0.8
00500523,重庆超白银波,005,"压花
",8,2800,2100,0.8
00500522,重庆超白银波,005,"压花
",5,2800,2100,0.8
00500521,重庆超白银波,005,"压花
",5,2440,2100,0.3
00500520,重庆超白银波,005,"压花
",4.5,2440,2100,0.2
00500519,重庆超白小灯芯,005,"压花
",5,2440,2100,0.5
00500518,重庆超白水晶,005,"压花
",5,2440,2100,0.5
00500517,正鑫普白长虹,005,"压花
",5,2440,2100,1
00500516,正鑫普白长虹,005,"压花
",5,2200,2100,1
00500515,正鑫普白长虹,005,"压花
",4,2440,2100,0.8
00500514,正鑫超白长虹,005,"压花
",5,2440,2100,0.8
00500513,正鑫超白银波,005,"压花
",8,2800,2100,0.5
00500512,正鑫超白银波,005,"压花
",8,2440,2100,0.5
00500511,正鑫超白银波,005,"压花
",8,2440,2000,0.5
00500510,正鑫超白银波,005,"压花
",5,2440,2100,0.4
00500509,正鑫超白水晶,005,"压花
",5,2440,2100,0.5
00500508,正鑫布纹,005,"压花
",5,2440,1830,0.2
00500507,正鑫布纹,005,"压花
",4,2440,2000,0.2
00500506,正鑫布纹,005,"压花
",3.5,2000,1830,0.2
00500505,正鑫布纹,005,"压花
",3,2000,1860,0.2
00500504,正鑫布纹,005,"压花
",3,2000,1830,0.2
00500503,正鑫布纹,005,"压花
",3,2000,1700,0.2
00500502,耀威布纹,005,"压花
",3.5,2200,1900,0.2
00500501,耀威布纹,005,"压花
",3,2200,1900,0.1
00500500,耀威布纹,005,"压花
",3,2200,1830,0.1
00500499,耀威布纹,005,"压花
",3,2000,1700,0.1
00500498,耀皮黑玻,005,"压花
",4.5,2440,1830,0.2
00500497,耀皮超白长虹,005,"压花
",5,3300,2250,0.8
00500496,耀皮超白长虹,005,"压花
",5,2800,2440,0.8
00500495,耀皮超白长虹,005,"压花
",5,2800,2250,0.8
00500494,耀皮超白长虹,005,"压花
",5,2440,2250,0.8
00500493,耀皮超白长虹,005,"压花
",5,2440,2100,0.8
00500492,耀皮超白单绒,005,"压花
",4,2800,2250,0.2
00500491,雪花超白,005,"压花
",8,2440,1560,0.8
00500490,武汉小灯芯,005,"压花
",5,2440,2100,0.5
00500489,武汉思必得香梨,005,"压花
",5,2440,1830,0.2
00500488,武汉思必得香梨,005,"压花
",4,2440,2000,0.2
00500487,武汉普白长虹,005,压花,5,2440,2100,0.8
00500486,武汉普白长虹,005,压花,5,2200,2100,0.8
00500485,武汉普白香梨,005,"压花
",5,2440,2000,0.2
00500484,武汉超白长虹,005,压花,5,2800,2000,0.8
00500483,武汉超白长虹,005,压花,5,2440,2100,0.8
00500482,武汉超白长虹,005,压花,5,2200,2100,0.8
00500481,吴江南玻超白长虹,005,压花,8,3300,2100,0.8
00500480,吴江南玻超白长虹,005,压花,8,2800,2100,0.8
00500479,吴江南玻超白长虹,005,压花,8,2440,2100,0.8
00500478,吴江南玻超白长虹,005,压花,8,2440,2000,0.8
00500477,吴江南玻超白长虹,005,压花,8,2440,1980,0.8
00500476,吴江南玻超白长虹,005,"压花
",8,2200,2100,0.8
00500475,吴江南玻超白长虹,005,压花,5,3300,2100,0.8
00500474,吴江南玻超白长虹,005,压花,5,2800,2100,0.8
00500473,吴江南玻超白长虹,005,压花,5,2600,2100,0.8
00500472,吴江南玻超白长虹,005,压花,5,2440,2100,0.8
00500471,吴江南玻超白长虹,005,"压花
",5,2440,2000,0.8
00500470,吴江南玻超白长虹,005,压花,5,2200,2100,0.8
00500469,吴江南玻超白小灯芯,005,"压花
",5,2440,2100,0.8
00500468,酸洗超白传奇,005,"压花
",8,2440,1560,0.2
00500467,四川普白布纹,005,"压花
",5,2440,1830,0.2
00500466,河南思可达普白长虹,005,"压花
",5,2440,2100,0.8
00500465,河南思可达超白银波纹,005,"压花
",8,2800,2100,0.2
00500464,河南思可达超白银波纹,005,"压花
",5,2800,2250,0.2
00500463,河南思可达超白水晶,005,"压花
",8,2440,2100,1
00500462,河南思可达超白水晶,005,"压花
",5,2440,2100,1
00500461,河南思可达超白水波纹,005,"压花
",8,3660,2250,0.5
00500460,河南思可达超白水波纹,005,"压花
",8,2800,2100,0.8
00500459,河南思可达超白水波纹,005,"压花
",5,2800,2100,0.2
00500458,河南思可达超白聚光,005,"压花
",5,2200,2250,0.4
00500457,河南思可达超白聚光,005,"压花
",5,2100,2100,0.4
00500456,河南思可达超白大灯芯,005,"压花
",8,2440,2100,0.8
00500455,河南思可达超白大灯芯,005,"压花
",5,2440,2100,0.4
00500454,双方格,005,"压花
",8,2440,2100,0.2
00500453,双方格,005,"压花
",5,2440,2100,0.2
00500452,十全十美,005,"压花
",4.3,2440,1830,0.2
00500451,山西鸿耀小水纹,005,"压花
",5,2800,2100,0.8
00500450,山西鸿耀普白长虹,005,"压花
",8,2800,2100,0.8
00500449,山西鸿耀普白长虹,005,"压花
",8,2440,2100,0.8
00500448,山西鸿耀普白长虹,005,压花,5,2440,2100,0.8
00500447,山西鸿耀普白长虹,005,压花,5,2200,2100,0.8
00500446,山西鸿耀普白长虹,005,压花,4,2440,2100,0.8
00500445,山西鸿耀普白长虹,005,压花,4,2200,2100,0.8
00500444,山西鸿耀超白长虹,005,"压花
",10,2440,2100,0.8
00500443,山西鸿耀超白长虹,005,"压花
",8,3300,2250,0.8
00500442,山西鸿耀超白长虹,005,"压花
",8,3300,2100,0.8
00500441,山西鸿耀超白长虹,005,"压花
",8,2800,2100,0.8
00500440,山西鸿耀超白长虹,005,"压花
",8,2440,2100,0.8
00500439,山西鸿耀超白长虹,005,"压花
",8,2440,1830,0.8
00500438,山西鸿耀超白长虹,005,"压花
",8,2200,2100,0.8
00500437,山西鸿耀超白长虹,005,"压花
",5,3660,2100,0.8
00500436,山西鸿耀超白长虹,005,"压花
",5,3300,2100,0.8
00500435,山西鸿耀超白长虹,005,"压花
",5,2440,2250,0.8
00500434,山西鸿耀超白长虹,005,"压花
",5,2440,2100,0.8
00500433,山西鸿耀超白长虹,005,"压花
",5,2440,1830,0.8
00500432,山西鸿耀超白银波纹,005,"压花
",8,2800,2100,0.8
00500431,山西鸿耀超白银波纹,005,"压花
",8,2440,2100,0.8
00500430,山西鸿耀超白小灯芯,005,"压花
",8,2440,2100,0.8
00500429,山西鸿耀超白小灯芯,005,"压花
",7,2440,2100,0.8
00500428,山西鸿耀超白小灯芯,005,"压花
",7,2200,2100,0.8
00500427,山西鸿耀超白水纹,005,"压花
",8,2440,2100,0.8
00500426,山西飞耀超白长虹,005,"压花
",8,3300,2100,0.8
00500425,山西飞耀超白长虹,005,"压花
",5,2800,2100,0.8
00500424,山西飞耀超白银波纹,005,"压花
",5,2800,2100,0.8
00500423,山西超白长虹,005,"压花
",8,3660,2100,0.8
00500422,山西超白长虹,005,"压花
",8,3300,2250,0.8
00500421,山西超白长虹,005,"压花
",8,2800,2250,0.8
00500420,山西超白长虹,005,"压花
",8,2600,2100,0.8
00500419,山西超白长虹,005,"压花
",8,2440,2250,0.8
00500418,山西超白长虹,005,"压花
",5,3300,2100,0.8
00500417,山西超白长虹,005,"压花
",5,2440,2100,0.8
00500416,山西超白长虹,005,"压花
",5,2200,2100,0.8
00500415,山西超白长虹,005,"压花
",4.5,2800,2100,0.8
00500414,山西超白长虹,005,"压花
",4.5,2440,2100,0.8
00500413,山西超白银波纹砂,005,"压花
",7,2440,2100,0.2
00500412,山西超白银波纹,005,"压花
",5,2440,2100,0.2
00500411,山西超白小灯芯,005,"压花
",8,2800,2100,0.5
00500410,山西超白小灯芯,005,"压花
",8,2200,2100,0.5
00500409,山西超白小灯芯,005,"压花
",5,2800,2100,0.5
00500408,山西超白小灯芯,005,"压花
",5,2440,2100,0.5
00500407,山西超白小灯芯,005,"压花
",5,2200,2100,0.5
00500406,山西超白水波纹,005,"压花
",5,2800,2100,0.5
00500405,山西布纹,005,"压花
",4,2440,1830,0.2
00500404,山西布纹,005,"压花
",3,2200,1900,0.2
00500403,山东巨野普白水波纹,005,"压花
",5,2440,2000,0.5
00500402,山东巨野普白水波纹,005,"压花
",5,2440,1830,0.2
00500401,山东巨野灰长虹,005,"压花
",8,2440,2100,1
00500400,山东巨野灰长虹,005,"压花
",5,2440,2000,1
00500399,砂千叶,005,"压花
",7,2440,2100,0.1
00500398,贵山普白长虹,005,"压花
",8,2440,2100,0.8
00500397,贵山普白长虹,005,"压花
",8,2200,2100,0.8
00500396,贵山普白长虹,005,"压花
",5,2440,2100,0.8
00500395,贵山普白长虹,005,"压花
",5,2200,2100,0.8
00500394,贵山普白香梨,005,"压花
",4,2440,2000,0.2
00500393,贵山灰长虹,005,"压花
",8,2800,2100,0.8
00500392,贵山灰长虹,005,"压花
",8,2440,2100,0.8
00500391,贵山超白长虹,005,"压花
",6,2440,2100,0.8
00500390,贵山超白长虹,005,"压花
",5,2000,2100,0.8
00500389,贵山超白银波纹油砂,005,"压花
",8,2440,2100,0.8
00500388,贵山超白银波纹油砂,005,"压花
",7,2440,2100,0.8
00500387,贵山超白银波纹,005,"压花
",5,2800,2100,0.5
00500386,贵山超白银波纹,005,"压花
",5,2440,2100,0.5
00500385,贵山超白小灯芯,005,"压花
",7,2800,2100,0.8
00500384,贵山超白水晶,005,"压花
",8,2440,2100,0.5
00500383,贵山超白水晶,005,"压花
",7,2800,2100,0.8
00500382,贵山超白水晶,005,"压花
",7,2440,2100,0.8
00500381,贵山超白水晶,005,"压花
",5,2800,2100,0.2
00500380,贵山超白水晶,005,"压花
",5,2440,2100,0.2
00500379,贵山超白水波纹,005,"压花
",8,2800,2100,0.8
00500378,贵山超白水波纹,005,"压花
",8,2440,2100,0.8
00500377,贵山超白水波纹,005,"压花
",7,2440,2100,0.2
00500376,贵山超白金元,005,"压花
",5,2440,2100,0.2
00500375,青岛金晶香梨夹丝,005,"压花
",6,2500,2000,0.5
00500374,青岛金晶普白长虹,005,"压花
",10,2440,2000,0.8
00500373,青岛金晶普白长虹,005,"压花
",8,3660,2000,0.8
00500372,青岛金晶普白长虹,005,压花,8,3300,2100,0.8
00500371,青岛金晶普白长虹,005,压花,8,2800,2100,0.8
00500370,青岛金晶普白长虹,005,"压花
",8,2440,2100,0.8
00500369,青岛金晶普白长虹,005,压花,8,2440,1830,0.8
00500368,青岛金晶普白长虹,005,压花,8,2200,2100,0.8
00500367,青岛金晶晶白银波,005,"压花
",4.8,2440,2100,0.2
00500366,青岛金晶晶白金元,005,"压花
",7.5,3300,2100,0.2
00500365,青岛金晶晶白海棠,005,"压花
",7.5,2800,2100,-0.2
00500364,青岛金晶晶白大灯芯,005,"压花
",5,2440,2100,0.5
00500363,青岛金晶晶白大灯芯,005,"压花
",5,2440,2000,0.5
00500362,青岛金晶夹丝香梨,005,"压花
",6,2500,2000,0.2
00500361,青岛金晶夹丝香梨,005,"压花
",6,2440,2000,0.2
00500360,青岛金晶超白长虹多利2号,005,"压花
",7.5,3300,2100,0.5
00500359,青岛金晶超白长虹,005,"压花
",10,2440,2000,0.8
00500358,青岛金晶超白长虹,005,压花,8,4200,2000,0.8
00500357,青岛金晶超白长虹,005,压花,8,3660,2000,0.8
00500356,青岛金晶超白长虹,005,压花,8,2800,2000,0.8
00500355,青岛金晶超白长虹,005,"压花
",8,2440,2100,0.8
00500354,青岛金晶超白长虹,005,压花,8,2440,2000,0.8
00500353,青岛金晶超白长虹,005,"压花
",5,3300,2100,0.8
00500352,青岛金晶超白长虹,005,"压花
",5,2800,2100,0.8
00500351,青岛金晶超白长虹,005,压花,5,2440,2100,0.8
00500350,青岛金晶超白银波,005,"压花
",5,2440,2100,0.3
00500349,青岛金晶超白小灯芯,005,"压花
",8,2440,2100,0.2
00500348,青岛金晶超白水波纹,005,"压花
",5,2440,2100,0.2
00500347,青岛金晶超白聚光,005,"压花
",8,2800,2100,0.5
00500346,青岛金晶超白聚光,005,"压花
",8,2440,2100,0.5
00500345,青岛金晶超白聚光,005,"压花
",8,2440,2000,0.5
00500344,普罗旺斯,005,"压花
",7,2440,1650,0.1
00500343,普白钻石,005,"压花
",5,2440,2000,0.8
00500342,普白钻石,005,"压花
",5,2440,1900,0.8
00500341,普白钻石,005,"压花
",4,2000,1700,0
00500340,普白长虹,005,"压花
",4,562,286,0.8
00500339,普白长虹,005,"压花
",4,382,286,0.8
00500338,普白香梨,005,"压花
",6,2440,2000,0.2
00500337,普白香梨,005,"压花
",5,2440,1830,0.2
00500336,普白香梨,005,"压花
",4,2440,2000,0.2
00500335,普白七巧板,005,"压花
",4,2440,1830,0
00500334,宁夏金晶长虹普白长虹,005,压花,5,2440,2100,0.8
00500333,宁夏金晶超白长虹,005,压花,5,2440,2100,0.8
00500332,内蒙布纹,005,"压花
",4,2440,2000,0.2
00500331,内蒙布纹,005,"压花
",4,2000,1830,0.2
00500330,贵山超白长虹,005,"压花
",10,2440,2100,0.8
00500329,贵山超白长虹,005,"压花
",5,2440,2000,0.8
00500328,贵山超白长虹,005,"压花
",5,2440,1830,0.8
00500327,贵山超白长虹,005,"压花
",5,2000,2000,0.8
00500326,贵山超白长虹,005,"压花
",4.5,2440,2100,0.8
00500325,贵山超白小灯芯,005,"压花
",8,2440,2100,0.8
00500324,贵山超白小灯芯,005,"压花
",5,2800,2100,0.4
00500323,贵山超白小灯芯,005,"压花
",5,2440,2100,0.4
00500322,南阳贵山超白水纹,005,"压花
",7,2440,2100,0.2
00500321,梦幻灰油砂,005,"压花
",6.7,2440,2100,0.2
00500320,泸州布纹,005,"压花
",5,2440,1830,0.2
00500319,泸州布纹,005,"压花
",4,2440,1830,0.2
00500318,泸州布纹,005,"压花
",3.5,2200,1900,0.2
00500317,六线格,005,"压花
",3.8,2440,1830,0
00500316,恋曲,005,"压花
",3.8,2440,1830,0
00500315,凯盛超白长虹,005,"压花
",8,2800,2100,0.8
00500314,凯盛超白长虹,005,"压花
",8,2440,2100,0.8
00500313,凯盛超白长虹,005,"压花
",5,2800,2100,0.8
00500312,凯盛超白长虹,005,"压花
",5,2440,2100,0.8
00500311,凯盛超白长虹,005,"压花
",5,2200,2100,0.8
00500310,凯盛超白长虹,005,"压花
",4.5,2440,2100,0.8
00500309,巨野普白长虹,005,"压花
",5,2200,2100,0.8
00500308,巨野普白香梨,005,"压花
",5,2440,2000,0.2
00500307,巨野布纹,005,"压花
",5,2440,1830,0.2
00500306,巨润普白香梨,005,"压花
",4,2440,2000,0.2
00500305,晶白双方格,005,"压花
",8,2440,2100,0.2
00500304,锦雀竹叶,005,"压花
",3,2200,1860,0.2
00500303,锦雀竹叶,005,"压花
",3,2000,1860,0.2
00500302,锦雀普白长虹,005,"压花
",5,2800,2100,0.8
00500301,锦雀普白长虹,005,"压花
",5,2440,2100,0.8
00500300,锦雀普白长虹,005,"压花
",5,2440,2000,0.8
00500299,锦雀普白长虹,005,"压花
",5,2440,1830,0.8
00500298,锦雀普白长虹,005,"压花
",5,2200,2100,0.8
00500297,锦雀普白长虹,005,"压花
",5,2100,2000,0.8
00500296,锦雀普白长虹,005,"压花
",4.5,2440,2100,0.8
00500295,锦雀普白长虹,005,"压花
",4.5,2200,2100,0.2
00500294,锦雀普白长虹,005,"压花
",4,2440,2100,0.8
00500293,锦雀普白水波纹,005,"压花
",5,2440,2030,0.5
00500292,锦雀普白布纹,005,"压花
",4,2440,1830,0.2
00500291,锦雀超白银波,005,"压花
",8,2440,2100,0.8
00500290,锦雀超白银波,005,"压花
",5,2440,2100,0.2
00500289,锦雀超白水波纹,005,"压花
",8,2800,2100,0.2
00500288,锦雀超白水波纹,005,"压花
",8,2440,2100,0.2
00500287,锦雀超白水波纹,005,"压花
",5,2440,2100,0.2
00500286,锦雀布纹竹叶,005,"压花
",3,2000,1500,0.2
00500285,锦雀布纹,005,"压花
",5,2440,2000,0.2
00500284,锦雀布纹,005,"压花
",5,2440,1830,0.2
00500283,锦雀布纹,005,"压花
",4,2440,2000,0.2
00500282,锦雀布纹,005,"压花
",4,2440,1830,0.2
00500281,锦雀布纹,005,"压花
",3.5,2000,1830,0.2
00500280,锦雀布纹,005,"压花
",3,2200,1900,0.2
00500279,锦雀布纹,005,"压花
",3,2200,1860,0.2
00500278,锦雀布纹,005,"压花
",3,2000,1860,0.2
00500277,锦雀布纹,005,"压花
",3,2000,1830,0.2
00500276,锦雀布纹,005,"压花
",3,2000,1700,0.2
00500275,锦雀布纹,005,"压花
",3,2000,1500,0.2
00500274,金枝玉叶,005,"压花
",4.3,2440,1830,0.2
00500273,金晶晶白长虹,005,"压花
",7.5,2800,2250,0.8
00500272,金晶晶白长虹,005,"压花
",4.5,2440,1830,0.8
00500271,金晶晶白长虹,005,"压花
",4.5,2200,2100,0.8
00500270,金晶晶白银波纹,005,"压花
",4.8,2440,2100,0.3
00500269,金晶晶白银波纹,005,"压花
",4.5,2800,2100,0.2
00500268,金晶超白长虹,005,"压花
",10,2440,2000,0.8
00500267,江西玉晶超白长虹,005,"压花
",8,3300,2250,0.8
00500266,江西普白长虹,005,"压花
",5,2440,2100,0.8
00500265,江西普白长虹,005,"压花
",5,2440,1830,0.8
00500264,江西普白长虹,005,"压花
",5,2200,2100,0.8
00500263,江西普白香梨,005,"压花
",6,2440,1830,0.2
00500262,江西明珠普白长虹,005,压花,8,2440,2100,0.8
00500261,江西明珠普白长虹,005,压花,8,2200,2100,0.8
00500260,江西明珠普白长虹,005,压花,5,2440,2100,0.8
00500259,江西明珠普白长虹,005,压花,5,2200,2100,0.8
00500258,江西九江普白长虹,005,压花,5,2440,2000,0.8
00500257,江西九江普白长虹,005,压花,5,2200,2100,0.8
00500256,江西金茶长虹,005,"压花
",5,2800,2100,0.8
00500255,江西灰色长虹,005,"压花
",8,2440,2100,0.8
00500254,江西超白长虹,005,"压花
",8,2200,2100,0.8
00500253,江西超白长虹,005,压花,5,2440,2100,0.8
00500252,江西超白长虹,005,压花,5,2200,2100,0.8
00500251,江西超白银波,005,"压花
",5,2440,2100,0.5
00500250,江西超白小灯芯,005,"压花
",8,2800,2100,0.5
00500249,江西超白小灯芯,005,"压花
",5,2800,2100,0.4
00500248,江西超白香梨,005,"压花
",5,2440,2100,0.2
00500247,江西超白水晶格,005,"压花
",8,2440,2100,0.5
00500246,江西超白水晶格,005,"压花
",5,2440,2100,0.5
00500245,江西布纹,005,"压花
",5,2440,1830,0.2
00500244,江西布纹,005,"压花
",3,2200,1830,0.2
00500243,简笔石纹,005,"压花
",4,2200,1650,0.2
00500242,灰长虹油砂,005,"压花
",8,2800,2100,0.8
00500241,灰油砂木纹,005,"压花
",6.7,2440,2100,0.2
00500240,灰银玻纹贵山,005,"压花
",7,2440,2100,0.2
00500239,灰透梦巴黎,005,"压花
",7,2440,1830,0.2
00500238,灰素雅,005,"压花
",7.2,2440,1560,0.2
00500237,灰砂山水情,005,"压花
",6.7,2440,2100,0.2
00500236,灰砂梦巴黎,005,"压花
",7,2440,2100,0.2
00500235,灰木纹,005,"压花
",7,2440,2100,0.2
00500234,灰流星雨透,005,"压花
",7,2440,2100,0.2
00500233,灰流星雨透,005,"压花
",7,2440,1830,0.2
00500232,灰镀膜长虹,005,"压花
",5,2440,2100,0.8
00500231,湖南巨强超白长虹,005,压花,8,2440,2100,0.8
00500230,湖南巨强超白长虹,005,压花,5,2440,2100,0.8
00500229,湖南巨强超白长虹,005,压花,5,2200,2100,0.8
00500228,湖南巨强布纹,005,"压花
",3,2200,1830,0.2
00500227,湖南巨强布纹,005,"压花
",3,2000,1860,0.2
00500226,湖南布纹竹叶,005,"压花
",3,2200,1900,0.3
00500225,河南思可达普白香梨,005,"压花
",4,2440,2100,0.2
00500224,河南思可达普白香梨,005,"压花
",4,2440,2000,0.2
00500223,河南思可达超白长虹,005,压花,8,2440,2100,0.8
00500222,河南思可达超白长虹,005,"压花
",8,2200,2100,0.8
00500221,河南思可达超白长虹,005,压花,5,2800,2100,0.8
00500220,河南思可达超白长虹,005,压花,5,2440,2100,0.8
00500219,河南思可达超白长虹,005,"压花
",5,2200,2100,0.8
00500218,河南思可达超白银波纹,005,"压花
",8,2440,2100,0.2
00500217,河南思可达超白银波纹,005,"压花
",5,3300,2100,0.5
00500216,河南思可达超白小灯芯,005,"压花
",8,2440,2100,0.8
00500215,河南思可达超白小灯芯,005,"压花
",8,2440,2000,0.8
00500214,河南思可达超白小灯芯,005,"压花
",5,3300,2100,0.5
00500213,河南思可达超白小灯芯,005,"压花
",5,2440,2100,0.5
00500212,河南思可达超白香梨,005,"压花
",5,2440,2100,0.2
00500211,河南思可达超白香梨,005,"压花
",4,2440,1830,0.2
00500210,河南思可达超白聚光一号,005,"压花
",8,3300,2100,0.8
00500209,河南思可达超白光伏布纹,005,"压花
",4,2440,2100,0.2
00500208,河南思可达超白光伏布纹,005,"压花
",4,2440,2000,0.2
00500207,河南思可达超白大灯芯,005,"压花
",8,2440,2100,0.2
00500206,贵山超白水波纹,005,"压花
",5,2440,2000,0.2
00500205,贵山超白小灯芯,005,"压花
",8,2440,2100,0.5
00500204,贵山超白小灯芯,005,"压花
",5,2440,2100,0.5
00500203,贵山超白水波纹,005,"压花
",8,2440,2100,0.2
00500202,贵山超白水波纹,005,"压花
",5,2440,2100,0.2
00500201,河南超白银波,005,"压花
",8,2440,2100,0.5
00500200,河南超白银波,005,"压花
",5,2440,2100,0.3
00500199,海棠花,005,"压花
",5,2440,2100,0.2
00500198,贵州水波纹,005,"压花
",5,2440,2030,0.2
00500197,贵州水波纹,005,"压花
",5,2440,1830,0.2
00500196,贵州普白香梨,005,"压花
",5,2440,1830,0.2
00500195,贵州贵耀哑光玻璃,005,"压花
",4.5,2440,1850,0
00500194,贵州贵耀哑光玻璃,005,"压花
",4,2440,1850,0
00500193,贵州布纹,005,"压花
",5,2440,2134,0.2
00500192,贵州布纹,005,"压花
",5,2440,1900,0.2
00500191,贵州布纹,005,"压花
",5,2440,1850,0.2
00500190,贵州布纹,005,"压花
",5,2440,1830,0.2
00500189,贵州布纹,005,"压花
",4,2440,1830,0.2
00500188,贵州布纹,005,"压花
",3.5,2440,1830,0.2
00500187,贵山超白长虹,005,"压花
",10,2440,2000,0.8
00500186,贵山超白长虹,005,"压花
",8,3660,2100,0.8
00500185,贵山超白长虹,005,压花,8,3300,2100,0.8
00500184,贵山超白长虹,005,"压花
",8,2800,2100,0.8
00500183,贵山超白长虹,005,"压花
",8,2440,2250,0.8
00500182,贵山超白长虹,005,压花,8,2440,2100,0.8
00500181,贵山超白长虹,005,"压花
",8,2200,2100,0.8
00500180,贵山超白长虹,005,"压花
",7,3300,2100,0.2
00500179,贵山超白长虹,005,"压花
",7,2800,2100,0.2
00500178,贵山超白长虹,005,"压花
",7,2440,2100,0.2
00500177,贵山超白长虹,005,"压花
",7,2200,2100,0.2
00500176,贵山超白长虹,005,"压花
",5,3300,2100,0.8
00500175,贵山超白长虹,005,"压花
",5,2800,2100,0.8
00500174,贵山超白长虹,005,压花,5,2440,2100,0.8
00500173,贵山超白长虹,005,"压花
",5,2200,2100,0.8
00500172,贵山超白长虹,005,"压花
",4,2440,2100,0.8
00500171,贵山超白银波纹,005,"压花
",8,2800,2100,0.8
00500170,贵山超白银波纹,005,"压花
",8,2440,2100,0.8
00500169,贵山超白银波纹,005,"压花
",7,2800,2100,0.2
00500168,贵山超白银波纹,005,"压花
",7,2440,2100,0.2
00500167,贵山超白香梨,005,"压花
",5,2440,2100,0.5
00500166,贵山超白聚光,005,"压花
",5,2440,2100,0.8
00500165,贵山布纹,005,"压花
",5,2440,1830,0.8
00500164,飞耀超白银波纹油砂,005,"压花
",8,2440,2100,0.8
00500163,飞耀超白水纹,005,"压花
",4.5,2440,2100,0.8
00500162,防滑玻璃,005,"压花
",12,2440,1830,0.2
00500161,断方格,005,"压花
",7,2440,2100,0.2
00500160,东耀布纹,005,"压花
",5,2440,1830,0.4
00500159,东兴钻石,005,"压花
",5,2440,2000,0.2
00500158,东兴超白水波纹,005,"压花
",5,2440,1830,0.2
00500157,东兴超白水波纹,005,"压花
",4,2440,2100,0.2
00500156,东兴普白长虹,005,"压花
",8,3660,2000,0.8
00500155,东兴普白长虹,005,"压花
",8,3300,2100,0.8
00500154,东兴普白长虹,005,"压花
",8,2800,2100,0.8
00500153,东兴普白长虹,005,"压花
",8,2800,2000,0.8
00500152,东兴普白长虹,005,"压花
",8,2440,2100,0.8
00500151,东兴普白长虹,005,压花,8,2440,2000,0.8
00500150,东兴普白长虹,005,"压花
",8,2440,1830,0.8
00500149,东兴普白长虹,005,"压花
",8,2440,1650,0.8
00500148,东兴普白长虹,005,"压花
",8,2200,2100,0.8
00500147,东兴普白长虹,005,"压花
",7,2440,2100,0.5
00500146,东兴普白长虹,005,压花,5,3660,2440,0.8
00500145,东兴普白长虹,005,"压花
",5,3300,2100,0.8
00500144,东兴普白长虹,005,压花,5,2800,2100,0.8
00500143,东兴普白长虹,005,"压花
",5,2440,2250,0.8
00500142,东兴普白长虹,005,"压花
",5,2440,2200,0.8
00500141,东兴普白长虹,005,压花,5,2440,2100,0.8
00500140,东兴普白长虹,005,压花,5,2440,2000,0.8
00500139,东兴普白长虹,005,压花,5,2440,1650,0.8
00500138,东兴普白长虹,005,压花,5,2200,2100,0.8
00500137,东兴普白长虹,005,"压花
",5,2200,1830,0.8
00500136,东兴普白长虹,005,"压花
",5,2200,1650,0.8
00500135,东兴普白长虹,005,"压花
",5,2100,2000,0.8
00500134,东兴普白长虹,005,"压花
",4.5,2440,2100,0.8
00500133,东兴普白长虹,005,"压花
",4,2440,2100,0.8
00500132,东兴普白长虹,005,压花,4,2440,2000,0.8
00500131,东兴普白长虹,005,"压花
",4,2200,2100,0.8
00500130,东兴普白香梨,005,"压花
",6,2440,1953,0.2
00500129,东兴普白香梨,005,"压花
",6,2440,1830,0.2
00500128,东兴普白香梨,005,"压花
",5,2440,2100,0.5
00500127,东兴普白香梨,005,"压花
",5,2440,2000,0.5
00500126,东兴普白香梨,005,"压花
",4,2440,2100,0.2
00500125,东兴普白香梨,005,"压花
",4,2440,2000,0.2
00500124,东兴普白水纹,005,"压花
",8,2440,2000,0.4
00500123,东兴普白布纹,005,"压花
",4,2440,2100,0.4
00500122,东兴金长虹,005,"压花
",5,2440,2100,0.8
00500121,东兴超白长虹,005,"压花
",10,2800,2000,0.8
00500120,东兴超白长虹,005,"压花
",10,2440,2000,0.8
00500119,东兴超白长虹,005,"压花
",8,3660,2250,0.8
00500118,东兴超白长虹,005,"压花
",8,2800,2100,0.8
00500117,东兴超白长虹,005,"压花
",8,2440,2100,0.8
00500116,东兴超白长虹,005,"压花
",5,3300,2100,0.8
00500115,东兴超白长虹,005,"压花
",5,2800,2100,0.8
00500114,东兴超白长虹,005,"压花
",5,2440,2100,0.8
00500113,东兴超白长虹,005,"压花
",5,2440,2000,0.8
00500112,东兴超白长虹,005,"压花
",5,2200,2100,0.8
00500111,东兴超白长虹,005,"压花
",5,2100,2000,0.8
00500110,东兴超白长虹,005,"压花
",4.5,2440,2100,0.3
00500109,东兴超白长虹,005,"压花
",4,2440,2100,0.8
00500108,东兴超白长虹,005,"压花
",4,2200,2100,0.8
00500107,东兴超白银波,005,"压花
",8,3300,2000,0.5
00500106,东兴超白银波,005,"压花
",8,2800,2100,0.5
00500105,东兴超白银波,005,"压花
",8,2440,2100,0.5
00500104,东兴超白银波,005,"压花
",8,2440,2000,0.5
00500103,东兴超白银波,005,"压花
",7,2440,2100,0.5
00500102,东兴超白银波,005,"压花
",5,2800,2100,0.2
00500101,东兴超白银波,005,"压花
",5,2440,2100,0.2
00500100,东兴超白银波,005,"压花
",5,2440,2000,0.2
00500099,东兴超白小灯芯,005,"压花
",8,2440,2100,0.2
00500098,东兴超白小灯芯,005,"压花
",5,2800,2100,0.2
00500097,东兴超白小灯芯,005,"压花
",5,2440,2100,0.2
00500096,东兴超白水晶,005,"压花
",5,2440,2100,0.1
00500095,东兴超白水波纹,005,"压花
",8,2800,2100,0.2
00500094,东兴超白水波纹,005,"压花
",8,2440,2100,0.2
00500093,东兴超白水波纹,005,"压花
",5,2440,2100,0.2
00500092,东兴超白单绒,005,"压花
",5,2440,2250,0.2
00500091,东兴超白大灯芯,005,"压花
",8,2440,2100,0.5
00500090,东兴布纹,005,"压花
",6,2440,1830,0.2
00500089,东兴布纹,005,"压花
",5,2440,2134,0.2
00500088,东兴布纹,005,"压花
",5,2440,2000,0.2
00500087,东兴布纹,005,"压花
",4,2440,2000,0.2
00500086,东兴布纹,005,"压花
",4,2440,1900,0.2
00500085,东兴布纹,005,"压花
",4,2200,1650,0.2
00500084,德金超白光伏压花玻璃协议品,005,"压花
",3.2,2280,1352,0
00500083,德金超白光伏压花玻璃协议品,005,"压花
",3.2,1988,988,0
00500082,德金超白光伏压花玻璃,005,"压花
",3.2,2280,1129,0
00500081,单面灰麒麟,005,"压花
",8,2440,1560,0.8
00500080,单面灰麒麟,005,"压花
",7,2440,1560,0.2
00500079,车刻（超白）,005,"压花
",8,2440,1650,0.2
00500078,重庆超白长虹,005,"压花
",5,2440,2100,0.8
00500077,超白钻石,005,"压花
",5,2440,2100,0.8
00500076,超白长虹,005,"压花
",8,2440,2100,0.8
00500075,超白银玻纹,005,"压花
",5,3300,2100,0.2
00500074,超白银玻纹,005,"压花
",5,451,207,0.2
00500073,超白银玻纹,005,"压花
",5,451,202,0.2
00500072,超白压延玻璃,005,"压花
",3.2,2400,1750,0
00500071,超白压延玻璃,005,"压花
",3.2,2322,1650,0
00500070,超白压延玻璃,005,"压花
",3.2,2310,1645,0
00500069,超白压延玻璃,005,"压花
",3,2400,1750,0
00500068,超白压延玻璃,005,"压花
",3,2350,1750,0
00500067,超白压延玻璃,005,"压花
",3,2300,1750,0
00500066,超白压花光伏玻璃协议品,005,"压花
",3.2,2400,1750,0
00500065,超白压花光伏玻璃协议品,005,"压花
",3.2,2280,1129,0
00500064,超白压花光伏玻璃协议品,005,"压花
",3.2,2273,1129,0
00500063,超白压花光伏玻璃协议品,005,"压花
",3.2,1988,1234,0
00500062,超白压花光伏玻璃协议品,005,"压花
",3,2400,1750,0
00500061,超白压花光伏玻璃协议品,005,"压花
",3,2312,1750,0
00500059,超白压花光伏玻璃,005,"压花
",3.2,2440,1750,0
00500058,超白压花光伏玻璃,005,"压花
",3.2,2400,1750,0
00500057,超白压花光伏玻璃,005,"压花
",3.2,2280,1352,0
00500056,超白压花光伏玻璃,005,"压花
",3.2,2046,1361,0
00500055,超白压花光伏玻璃,005,"压花
",3,2400,1750,0
00500054,超白压花光伏玻璃,005,"压花
",3,2312,1750,0
00500053,超白压花光伏玻璃,005,"压花
",2.8,2350,1400,0
00500052,超白压花光伏玻璃,005,"压花
",2.8,2350,1352,0
00500051,超白压花光伏玻璃,005,"压花
",2.8,2100,1350,0
00500050,超白压花光伏玻璃,005,"压花
",2,2380,1352,0
00500049,超白压花光伏玻璃,005,"压花
",2,2379,1298,0
00500048,超白压花光伏玻璃,005,"压花
",2,2377,1129,0
00500047,超白压花光伏玻璃,005,"压花
",2,2273,1129,0
00500046,超白小雨帘,005,"压花
",8,2440,1830,0.2
00500045,超白小雨帘,005,"压花
",7,2440,1830,0.2
00500044,超白香梨,005,"压花
",8,2440,2200,0.2
00500043,超白香梨,005,"压花
",7,2440,2100,0.2
00500042,超白香梨,005,"压花
",5,2440,2100,0.2
00500041,超白细雨透,005,"压花
",7.3,2440,1830,0.2
00500040,超白细雨透,005,"压花
",7,2440,1830,0.1
00500039,超白细雨砂,005,"压花
",7.2,2440,2100,0
00500038,超白水纹,005,"压花
",8,2440,2100,0.8
00500037,超白水晶格,005,"压花
",8,2800,2100,0.2
00500036,超白水晶格,005,"压花
",8,2800,2000,0.2
00500035,超白水晶格,005,"压花
",4,2440,2100,0.2
00500034,超白双绒,005,"压花
",5,2440,2100,0.2
00500033,超白十全十美砂,005,"压花
",7,2440,1560,0.2
00500032,超白麒麟系列单面,005,"压花
",8,3660,2440,0.9
00500031,超白麒麟系列单面,005,"压花
",8,2440,1560,0.2
00500030,超白金元,005,"压花
",8,2440,2100,0.2
00500029,超白金元,005,"压花
",7,2440,2100,0.2
00500028,超白金元,005,"压花
",5,2440,2100,0.8
00500027,超白金碧沙,005,"压花
",5,2440,2100,0.1
00500026,超白海棠砂,005,"压花
",5,2440,2100,0.2
00500025,超白海棠,005,"压花
",8,2800,2100,0.8
00500024,超白海棠,005,"压花
",8,2440,2100,0.5
00500023,超白海棠,005,"压花
",7,2440,2100,0.2
00500022,超白海棠,005,"压花
",5,2440,2100,0.2
00500021,超白富贵竹油砂,005,"压花
",7,2440,2100,0.2
00500020,超白富贵竹油砂,005,"压花
",7,2440,1650,0.2
00500019,超白冰雪奇缘单面,005,"压花
",8,2440,2100,0.2
00500018,超白编织幸福,005,"压花
",7,2440,1830,0.5
00500017,超白编织幸福,005,"压花
",7,2440,1650,0.5
00500016,常熟耀皮超白单绒,005,"压花
",5,2440,2800,0
00500015,常熟耀皮超白单绒,005,"压花
",5,2440,2100,0
00500014,常熟耀皮超白单绒,005,"压花
",5,2440,2000,0
00500013,常熟耀皮超白单绒,005,"压花
",5,2250,2440,0
00500012,布纹竹叶,005,"压花
",3.8,2440,1830,0.5
00500011,缤纷圆,005,"压花
",3.8,2440,1830,0
00500010,白竹叶,005,"压花
",3.8,2440,1830,0.5
00500009,白竹叶,005,"压花
",3.8,2200,1830,0.5
00500008,白竹叶,005,"压花
",3.5,2200,1900,0.5
00500007,白竹叶,005,"压花
",3.5,2000,1830,0.5
00500006,白竹叶,005,"压花
",3,2200,1900,0.2
00500005,白竹叶,005,"压花
",3,2200,1860,0.2
00500004,白竹叶,005,"压花
",3,2200,1830,0.2
00500003,白竹叶,005,"压花
",3,2000,1860,0.2
00500002,白竹叶,005,"压花
",3,2000,1830,0.2
00500001,八角（压花）,005,"压花
",3.2,2200,1700,0
00401737,淄博金晶金晶灰优等品,004,色玻,4,2440,1830,0
00401736,淄博金晶金晶灰玻,004,色玻,12,3660,2440,0.2
00401735,淄博金晶金晶灰玻,004,色玻,10,3660,2440,0.2
00401734,淄博金晶金晶灰玻,004,色玻,8,3660,2440,0.2
00401733,淄博金晶金晶灰玻,004,色玻,5,3660,2440,0
00401732,淄博金晶金茶玻优等品,004,色玻,12,3660,2440,0.2
00401731,淄博金晶金茶玻优等品,004,色玻,10,3660,2440,0.2
00401730,淄博金晶金茶玻优等品,004,色玻,6,3660,2440,0
00401729,淄博金晶金茶玻优等品,004,色玻,4.5,2440,1830,0.2
00401728,淄博金晶金茶玻优等品,004,色玻,4.3,3660,2440,0
00401727,淄博金晶金茶玻优等品,004,色玻,3.9,3660,2440,0.2
00401726,淄博金晶金茶玻,004,色玻,12,3660,2440,0.2
00401725,淄博金晶金茶玻,004,色玻,10,3660,2800,0.2
00401724,淄博金晶金茶玻,004,色玻,8,3660,2440,0.2
00401723,淄博金晶金茶玻,004,色玻,5,3660,2440,0.2
00401722,淄博金晶金茶玻,004,色玻,4.5,3660,2440,0
00401721,淄博金晶金茶玻,004,色玻,4.5,2440,1830,0.2
00401720,淄博金晶金茶玻,004,色玻,4.3,3660,2440,0.2
00401719,淄博金晶金茶玻,004,色玻,4.3,2440,1830,0.2
00401718,淄博金晶金茶玻,004,色玻,3.5,2440,1830,0.2
00401717,淄博金晶灰原片优等品,004,色玻,5,3660,2440,0.2
00401716,淄博金晶灰原片优等品,004,色玻,4.5,3660,2440,0.2
00401715,淄博金晶灰镀膜优等品,004,色玻,5,3660,2440,0.2
00401714,淄博金晶福特蓝镀膜优等品,004,色玻,8,3660,2440,0.2
00401713,淄博金晶福特蓝镀膜优等品,004,色玻,5,3660,2440,0.2
00401712,淄博金晶福特蓝镀膜优等品,004,色玻,5,3660,2140,0
00401711,淄博金晶福特蓝镀膜优等品,004,色玻,4.5,3660,2440,0.2
00401710,淄博金晶福特蓝镀膜优等品,004,色玻,4.3,3660,2440,0
00401709,淄博金晶福特蓝玻优等品,004,色玻,4.5,3660,2440,0
00401708,淄博金晶F绿原片优等品,004,色玻,5,3660,2440,0
00401707,淄博金晶F绿原片优等品,004,色玻,5,3300,2440,0
00401706,淄博金晶F绿玻汽车级,004,色玻,5,3660,2440,0
00401705,淄博金晶F绿玻汽车级,004,色玻,4,3300,2140,0
00401704,淄博金晶F绿玻汽车级,004,色玻,3.5,3066,1888,0
00401703,淄博金晶F绿玻汽车级,004,色玻,3.5,3040,2000,0
00401702,淄博金晶F绿玻汽车级,004,色玻,2.3,3400,2200,0
00401701,淄博金晶F绿玻建筑级,004,色玻,5,3660,2440,0
00401700,淄博金晶F绿玻建筑级,004,色玻,5,3660,2140,0
00401699,株洲旗滨自然绿原片,004,色玻,5,3660,2440,0.2
00401698,株洲旗滨自然绿原片,004,色玻,4.5,3660,2440,0.2
00401697,株洲旗滨自然绿原片,004,色玻,4.5,2440,1830,0.2
00401696,株洲旗滨自然绿镀膜,004,色玻,5,3660,2440,0.2
00401695,株洲旗滨自然绿镀膜,004,色玻,4.5,3660,2440,0.2
00401694,株洲旗滨自然绿镀膜,004,色玻,4.5,2440,1830,0.2
00401693,株洲旗滨自然绿镀膜,004,色玻,3.2,2440,1900,0.2
00401692,株洲旗滨自然绿镀膜,004,色玻,3.2,2440,1830,0.2
00401691,株洲旗滨欧洲灰原片优等品,004,色玻,12,3660,2440,0.2
00401690,株洲旗滨欧洲灰原片优等品,004,色玻,10,3660,2800,0.2
00401689,株洲旗滨欧洲灰原片优等品,004,色玻,10,3660,2440,0.2
00401688,株洲旗滨欧洲灰原片优等品,004,色玻,4.4,2440,1830,0.2
00401687,株洲旗滨欧洲灰原片优等品,004,色玻,4,3660,2440,0.2
00401686,株洲旗滨欧洲灰原片优等品,004,色玻,4.5,3660,2440,0.2
00401685,株洲旗滨欧洲灰原片优等品,004,色玻,8,3660,2740,0.2
00401684,株洲旗滨欧洲灰原片优等品,004,色玻,8,3660,2440,0.2
00401683,株洲旗滨海洋蓝原片优等品,004,色玻,5,3660,2440,0.2
00401682,株洲旗滨海洋蓝原片优等品,004,色玻,4.5,3660,2440,0.2
00401681,株洲旗滨海洋蓝镀膜优等,004,色玻,8,3660,2440,0.2
00401680,株洲旗滨海洋蓝镀膜优等,004,色玻,6,3660,2740,0
00401679,株洲旗滨海洋蓝镀膜优等,004,色玻,6,3660,2600,0.2
00401678,株洲旗滨海洋蓝镀膜优等,004,色玻,6,3660,2440,0.2
00401677,株洲旗滨海洋蓝镀膜优等,004,色玻,6,3300,2440,0.2
00401676,株洲旗滨海洋蓝镀膜优等,004,色玻,5,3660,2440,0.2
00401675,株洲旗滨海洋蓝镀膜优等,004,色玻,5,3660,2250,0.2
00401674,株洲旗滨海洋蓝镀膜优等,004,色玻,5,3300,2440,0.2
00401673,株洲旗滨海洋蓝玻,004,色玻,6,3660,2440,0
00401672,株洲旗滨福特蓝原片优等品,004,色玻,6,3660,2630,0.2
00401671,株洲旗滨福特蓝原片优等品,004,色玻,6,3660,2440,0.2
00401670,株洲旗滨福特蓝原片优等品,004,色玻,6,3660,2140,0.2
00401669,株洲旗滨福特蓝原片优等品,004,色玻,5,3660,2740,0.2
00401668,株洲旗滨福特蓝原片优等品,004,色玻,5,3660,2440,0.2
00401667,株洲旗滨福特蓝原片优等品,004,色玻,5,3660,2250,0.2
00401666,株洲旗滨福特蓝原片优等品,004,色玻,5,3300,2440,0.2
00401665,株洲旗滨福特蓝原片优等品,004,色玻,6,3660,2740,0.2
00401664,株洲旗滨福特蓝镀膜优等品,004,色玻,8,3660,2800,0.2
00401663,株洲旗滨福特蓝镀膜优等品,004,色玻,8,3660,2740,0.2
00401662,株洲旗滨福特蓝镀膜优等品,004,色玻,8,3660,2600,0.2
00401661,株洲旗滨福特蓝镀膜优等品,004,色玻,8,3660,2440,0
00401660,株洲旗滨福特蓝镀膜优等品,004,色玻,8,3660,2140,0
00401659,株洲旗滨福特蓝镀膜优等品,004,色玻,6,3660,2800,0.2
00401658,株洲旗滨福特蓝镀膜优等品,004,色玻,6,3660,2740,0
00401657,株洲旗滨福特蓝镀膜优等品,004,色玻,6,3660,2630,0.2
00401656,株洲旗滨福特蓝镀膜优等品,004,色玻,6,3660,2600,0.2
00401655,株洲旗滨福特蓝镀膜优等品,004,色玻,6,3660,2440,0
00401654,株洲旗滨福特蓝镀膜优等品,004,色玻,6,3660,2250,0.2
00401653,株洲旗滨福特蓝镀膜优等品,004,色玻,6,3660,2140,0.2
00401652,株洲旗滨福特蓝镀膜优等品,004,色玻,5,3660,2800,0.2
00401651,株洲旗滨福特蓝镀膜优等品,004,色玻,5,3660,2740,0
00401650,株洲旗滨福特蓝镀膜优等品,004,色玻,5,3660,2630,0
00401649,株洲旗滨福特蓝镀膜优等品,004,色玻,5,3660,2600,0.2
00401648,株洲旗滨福特蓝镀膜优等品,004,色玻,5,3660,2440,0
00401647,株洲旗滨福特蓝镀膜优等品,004,色玻,5,3660,2140,0
00401646,株洲旗滨福特蓝镀膜优等品,004,色玻,4.5,3660,2740,0
00401645,株洲旗滨福特蓝镀膜优等品,004,色玻,4.5,3660,2440,0
00401644,株洲旗滨福特蓝玻优等品,004,色玻,8,3660,2440,0.2
00401643,株洲旗滨福特蓝玻优等品,004,色玻,6,3660,2600,0.2
00401642,株洲旗滨福特蓝玻,004,色玻,4.3,2440,1830,0
00401641,株洲旗滨翡翠绿原片优等品,004,色玻,5,3660,2440,0.2
00401640,株洲旗滨翡翠绿镀膜,004,色玻,5,3660,2440,0
00401639,株洲旗滨翡翠绿玻,004,色玻,6,3660,2440,0.2
00401638,株洲旗滨翡翠绿玻,004,色玻,4,3660,2440,0
00401637,株洲旗滨翡翠绿玻,004,色玻,4,2440,1830,0.2
00401636,株洲旗滨翡翠绿玻,004,色玻,3.2,2200,1650,0
00401635,株洲旗滨翡翠绿玻,004,色玻,3.2,2200,1370,0
00401634,株洲醴陵海洋蓝膜优等品,004,色玻,8,3660,2440,0.2
00401633,株洲醴琳旗滨翡翠绿镀膜,004,色玻,6,3660,2440,0.2
00401632,株洲醴琳旗滨翡翠绿玻,004,色玻,6,3660,2440,0
00401631,株州旗滨福特蓝镀膜优等品,004,色玻,6,3660,2800,0.2
00401630,株州旗滨福特蓝镀膜优等品,004,色玻,6,3600,2800,0.2
00401629,重庆渝荣福特蓝原片混装品,004,色玻,4.5,2440,1830,0
00401628,重庆渝荣福特蓝原片协议品,004,色玻,4.5,2440,1830,0
00401627,重庆福耀F绿汽车A级,004,色玻,5,3300,2440,0.2
00401626,重庆福耀F绿汽车A级,004,色玻,3.5,2900,1830,0
00401625,重庆福耀F绿汽车A级,004,色玻,3.5,2700,1830,0
00401624,重庆福耀F绿汽车A级,004,色玻,3.5,2600,1600,0
00401623,中建材F绿原片优等品,004,色玻,4.9,3050,2440,0
00401622,中建材F绿原片优等品,004,色玻,5,3660,2440,0.2
00401621,漳州信耀福特蓝镀膜优等品,004,色玻,4.5,3660,2440,0
00401620,漳州旗滨自然绿原片,004,色玻,6,3660,2440,0.2
00401619,漳州旗滨水晶灰原片KN,004,色玻,12,3660,2440,0.2
00401618,漳州旗滨水晶灰原片KN,004,色玻,8,3660,2740,0
00401617,漳州旗滨水晶灰原片KN,004,色玻,8,3660,2440,0.2
00401616,漳州旗滨水晶灰原片KN,004,色玻,8,3660,2250,0
00401615,漳州旗滨水晶灰原片KN,004,色玻,8,3660,2140,0.2
00401614,漳州旗滨水晶灰原片KN,004,色玻,8,3300,2740,0.2
00401613,漳州旗滨水晶灰原片KN,004,色玻,8,3300,2440,0
00401612,漳州旗滨水晶灰原片KN,004,色玻,8,3300,2250,0
00401611,漳州旗滨水晶灰原片KN,004,色玻,8,3300,2140,0.2
00401610,漳州旗滨水晶灰原片KN,004,色玻,8,2440,860,0.8
00401609,漳州旗滨水晶灰原片KN,004,色玻,7.2,2440,860,0.2
00401608,漳州旗滨水晶灰原片KN,004,色玻,6,3660,2746,0
00401607,漳州旗滨水晶灰原片KN,004,色玻,6,3660,2630,0.2
00401606,漳州旗滨水晶灰原片KN,004,色玻,6,3660,2440,0
00401605,漳州旗滨水晶灰原片KN,004,色玻,6,3660,2440,0.2
00401604,漳州旗滨水晶灰原片KN,004,色玻,6,3660,2250,0.2
00401603,漳州旗滨水晶灰原片KN,004,色玻,6,3660,2140,0
00401602,漳州旗滨水晶灰原片KN,004,色玻,6,3660,2080,0
00401601,漳州旗滨水晶灰原片KN,004,色玻,6,3660,2050,0
00401600,漳州旗滨水晶灰原片KN,004,色玻,6,3300,2250,0.2
00401599,漳州旗滨水晶灰原片KN,004,色玻,6,3300,1950,0
00401598,漳州旗滨水晶灰原片KN,004,色玻,5,3660,2746,0
00401597,漳州旗滨水晶灰原片KN,004,色玻,5,3660,2740,0
00401596,漳州旗滨水晶灰原片KN,004,色玻,5,3660,2630,0
00401595,漳州旗滨水晶灰原片KN,004,色玻,5,3660,2440,0
00401594,漳州旗滨水晶灰原片KN,004,色玻,5,3660,2440,0.2
00401593,漳州旗滨水晶灰原片KN,004,色玻,5,3660,2250,0.2
00401592,漳州旗滨水晶灰原片KN,004,色玻,5,3660,2134,0
00401591,漳州旗滨水晶灰原片KN,004,色玻,3.8,3660,2440,0
00401590,漳州旗滨水晶灰原片KN,004,色玻,3.5,3660,2440,0
00401589,漳州旗滨欧洲灰镀膜,004,色玻,5,3660,2440,0
00401588,漳州旗滨欧洲灰玻混装品,004,色玻,3.5,3660,2440,0
00401587,漳州旗滨欧洲灰玻混装品,004,色玻,3.8,3660,2440,0
00401586,漳州旗滨欧洲灰玻KN,004,色玻,12,3660,2440,0.2
00401585,漳州旗滨欧洲灰玻KN,004,色玻,10,3660,2740,0.2
00401584,漳州旗滨欧洲灰玻KN,004,色玻,10,3660,2630,0.2
00401583,漳州旗滨欧洲灰玻KN,004,色玻,10,3660,2440,0.2
00401582,漳州旗滨欧洲灰玻KN,004,色玻,8,3660,2571,0.2
00401581,漳州旗滨欧洲灰玻KN,004,色玻,8,3660,2440,0
00401580,漳州旗滨欧洲灰玻KN,004,色玻,8,3660,2250,0
00401579,漳州旗滨欧洲灰玻KN,004,色玻,8,3660,2140,0
00401578,漳州旗滨欧洲灰玻KN,004,色玻,8,3660,2134,0.2
00401577,漳州旗滨欧洲灰玻KN,004,色玻,7.7,3660,2440,0.2
00401576,漳州旗滨欧洲灰玻KN,004,色玻,7.5,3660,2440,0.2
00401575,漳州旗滨欧洲灰玻KN,004,色玻,7.2,3660,2440,0.2
00401574,漳州旗滨欧洲灰玻KN,004,色玻,7.2,3660,2250,0
00401573,漳州旗滨欧洲灰玻KN,004,色玻,7,3660,2440,0.2
00401572,漳州旗滨欧洲灰玻KN,004,色玻,7,3660,2250,0
00401571,漳州旗滨欧洲灰玻KN,004,色玻,6.7,3660,2440,0.2
00401570,漳州旗滨欧洲灰玻KN,004,色玻,6.7,3660,2250,0
00401569,漳州旗滨欧洲灰玻KN,004,色玻,6,3660,2740,0
00401568,漳州旗滨欧洲灰玻KN,004,色玻,6,3660,2630,0
00401567,漳州旗滨欧洲灰玻KN,004,色玻,6,3660,2440,0
00401566,漳州旗滨欧洲灰玻KN,004,色玻,6,3660,2250,0
00401565,漳州旗滨欧洲灰玻KN,004,色玻,6,3660,2140,0
00401564,漳州旗滨欧洲灰玻KN,004,色玻,5,3660,2925,0
00401563,漳州旗滨欧洲灰玻KN,004,色玻,5,3660,2746,0
00401562,漳州旗滨欧洲灰玻KN,004,色玻,5,3660,2630,0
00401561,漳州旗滨欧洲灰玻KN,004,色玻,5,3660,2440,0
00401560,漳州旗滨欧洲灰玻KN,004,色玻,5,3660,2440,0.2
00401559,漳州旗滨欧洲灰玻KN,004,色玻,5,3660,2250,0
00401558,漳州旗滨欧洲灰玻KN,004,色玻,4.5,3660,2440,0.2
00401557,漳州旗滨欧洲灰玻KN,004,色玻,4.5,2440,1950,0
00401556,漳州旗滨欧洲灰玻KN,004,色玻,4.5,2440,1830,0
00401555,漳州旗滨欧洲灰玻KN,004,色玻,4.3,3660,2440,0
00401554,漳州旗滨欧洲灰玻KN,004,色玻,4.3,2440,1830,0
00401553,漳州旗滨欧洲灰玻KN,004,色玻,4.2,3660,2440,0
00401552,漳州旗滨欧洲灰玻KN,004,色玻,4,3660,2440,0
00401551,漳州旗滨欧洲灰玻KN,004,色玻,3.8,3660,2440,0
00401550,漳州旗滨欧洲灰玻KN,004,色玻,3.8,3660,2440,0.2
00401549,漳州旗滨欧洲灰玻KN,004,色玻,3.8,3660,2250,0
00401548,漳州旗滨欧茶玻,004,色玻,8,3660,2440,0.2
00401547,漳州旗滨欧茶玻,004,色玻,7.1,3660,2440,0.2
00401546,漳州旗滨欧茶玻,004,色玻,7,3660,2440,0.2
00401545,漳州旗滨欧茶玻,004,色玻,4.5,3660,2440,0
00401544,漳州旗滨欧茶玻,004,色玻,4,3660,2440,0.2
00401543,漳州旗滨蓝星灰镀膜KN,004,色玻,8,3660,2440,0.2
00401542,漳州旗滨蓝星灰镀膜KN,004,色玻,6,3660,2740,0
00401541,漳州旗滨蓝星灰镀膜KN,004,色玻,6,3660,2630,0.2
00401540,漳州旗滨蓝星灰镀膜KN,004,色玻,6,3660,2440,0.2
00401539,漳州旗滨蓝星灰镀膜KN,004,色玻,6,3660,2140,0.2
00401538,漳州旗滨蓝星灰镀膜KN,004,色玻,6,3660,2134,0.2
00401537,漳州旗滨蓝星灰镀膜KN,004,色玻,5,3660,2746,0
00401536,漳州旗滨蓝星灰镀膜KN,004,色玻,5,3660,2630,0
00401535,漳州旗滨蓝星灰镀膜KN,004,色玻,5,3660,2440,0.2
00401534,漳州旗滨蓝星灰镀膜KN,004,色玻,4.5,3660,2746,0
00401533,漳州旗滨蓝星灰镀膜KN,004,色玻,4.5,3660,2440,0.2
00401532,漳州旗滨蓝星灰镀膜KN,004,色玻,4.5,3660,2250,0.2
00401531,漳州旗滨蓝星灰玻KN,004,色玻,6,3660,2746,0
00401530,漳州旗滨蓝星灰玻KN,004,色玻,6,3660,2630,0
00401529,漳州旗滨蓝星灰玻KN,004,色玻,6,3660,2440,0
00401528,漳州旗滨蓝星灰玻KN,004,色玻,6,3660,2440,0.2
00401527,漳州旗滨蓝星灰玻KN,004,色玻,6,3660,2250,0
00401526,漳州旗滨蓝星灰玻KN,004,色玻,6,3660,2140,0
00401525,漳州旗滨蓝星灰玻KN,004,色玻,6,3660,2003,0
00401524,漳州旗滨蓝星灰玻KN,004,色玻,5,3660,2740,0
00401523,漳州旗滨蓝星灰玻KN,004,色玻,5,3660,2630,0
00401522,漳州旗滨蓝星灰玻KN,004,色玻,5,3660,2440,0
00401521,漳州旗滨蓝星灰玻KN,004,色玻,5,3660,2140,0
00401520,漳州旗滨蓝星灰玻KN,004,色玻,5,3660,2134,0
00401519,漳州旗滨蓝星灰玻KN,004,色玻,4.5,3660,2440,0
00401518,漳州旗滨蓝星灰玻KN,004,色玻,4.5,3660,2440,0.2
00401517,漳州旗滨蓝星灰玻KN,004,色玻,4.5,3660,2200,0
00401516,漳州旗滨蓝星灰玻KN,004,色玻,4.2,3660,2440,0
00401515,漳州旗滨蓝星灰玻KN,004,色玻,3.8,3660,2440,0
00401514,漳州旗滨金茶玻KN,004,色玻,8,3660,2440,0
00401513,漳州旗滨金茶玻KN,004,色玻,6,3660,2440,0.2
00401512,漳州旗滨金茶玻KN,004,色玻,5,3660,2440,0.2
00401511,漳州旗滨金茶玻KN,004,色玻,4.5,3660,2440,0.2
00401510,漳州旗滨金茶玻KN,004,色玻,4.3,3660,2440,0.2
00401509,漳州旗滨金茶玻KN,004,色玻,3.5,3660,2440,0
00401508,漳州旗滨灰茶原片优等品,004,色玻,3.8,3660,2440,0.2
00401507,漳州旗滨灰茶原片优等品,004,色玻,3.8,2440,1920,0.2
00401506,漳州旗滨灰茶原片优等品,004,色玻,3.8,2440,1740,0.2
00401505,漳州旗滨福特蓝镀膜KN,004,色玻,8,3660,2440,0
00401504,漳州旗滨福特蓝镀膜KN,004,色玻,8,3660,2134,0.2
00401503,漳州旗滨福特蓝镀膜KN,004,色玻,6,3660,2800,0.2
00401502,漳州旗滨福特蓝镀膜KN,004,色玻,6,3660,2746,0
00401501,漳州旗滨福特蓝镀膜KN,004,色玻,6,3660,2740,0
00401500,漳州旗滨福特蓝镀膜KN,004,色玻,6,3660,2630,0
00401499,漳州旗滨福特蓝镀膜KN,004,色玻,6,3660,2440,0
00401498,漳州旗滨福特蓝镀膜KN,004,色玻,6,3660,2250,0
00401497,漳州旗滨福特蓝镀膜KN,004,色玻,6,3660,2140,0
00401496,漳州旗滨福特蓝镀膜KN,004,色玻,6,3660,1700,0.2
00401495,漳州旗滨福特蓝镀膜KN,004,色玻,5,3660,2800,0.2
00401494,漳州旗滨福特蓝镀膜KN,004,色玻,5,3660,2746,0
00401493,漳州旗滨福特蓝镀膜KN,004,色玻,5,3660,2740,0
00401492,漳州旗滨福特蓝镀膜KN,004,色玻,5,3660,2630,0
00401491,漳州旗滨福特蓝镀膜KN,004,色玻,5,3660,2440,0.2
00401490,漳州旗滨福特蓝镀膜KN,004,色玻,5,3660,2440,0
00401489,漳州旗滨福特蓝镀膜KN,004,色玻,5,3660,2250,0
00401488,漳州旗滨福特蓝镀膜KN,004,色玻,5,3660,2140,0.2
00401487,漳州旗滨福特蓝镀膜KN,004,色玻,5,3300,2440,0
00401486,漳州旗滨福特蓝镀膜KN,004,色玻,4.5,3660,2746,0
00401485,漳州旗滨福特蓝镀膜KN,004,色玻,4.5,3660,2630,0
00401484,漳州旗滨福特蓝镀膜KN,004,色玻,4.5,3660,2440,0
00401483,漳州旗滨福特蓝镀膜KN,004,色玻,4.5,2440,2000,0
00401482,漳州旗滨福特蓝镀膜KN,004,色玻,4.5,2440,1830,0
00401481,漳州旗滨福特蓝镀膜KN,004,色玻,4.5,2440,1650,0
00401480,漳州旗滨福特蓝镀膜KN,004,色玻,4.3,3660,2440,0.2
00401479,漳州旗滨福特蓝镀膜KN,004,色玻,4.3,3660,2440,0
00401478,漳州旗滨福特蓝镀膜KN,004,色玻,4.3,2440,1950,0.2
00401477,漳州旗滨福特蓝镀膜KN,004,色玻,4.3,2440,1830,0.2
00401476,漳州旗滨福特蓝镀膜KN,004,色玻,4.3,2440,1830,0
00401475,漳州旗滨福特蓝玻混装品,004,色玻,4.5,3660,2440,0
00401474,漳州旗滨福特蓝玻过渡色,004,色玻,3.8,3660,2440,0
00401473,漳州旗滨福特蓝玻KN,004,色玻,8,3660,2440,0
00401472,漳州旗滨福特蓝玻KN,004,色玻,6,3660,2746,0
00401471,漳州旗滨福特蓝玻KN,004,色玻,6,3660,2630,0
00401470,漳州旗滨福特蓝玻KN,004,色玻,6,3660,2440,0
00401469,漳州旗滨福特蓝玻KN,004,色玻,5,3660,2746,0
00401468,漳州旗滨福特蓝玻KN,004,色玻,5,3660,2740,0
00401467,漳州旗滨福特蓝玻KN,004,色玻,5,3660,2630,0
00401466,漳州旗滨福特蓝玻KN,004,色玻,5,3660,2603,0
00401465,漳州旗滨福特蓝玻KN,004,色玻,5,3660,2440,0
00401464,漳州旗滨福特蓝玻KN,004,色玻,5,3660,2250,0
00401463,漳州旗滨福特蓝玻KN,004,色玻,5,3660,2140,0
00401462,漳州旗滨福特蓝玻KN,004,色玻,5,3660,2134,0
00401461,漳州旗滨福特蓝玻KN,004,色玻,4.5,3660,2746,0
00401460,漳州旗滨福特蓝玻KN,004,色玻,4.5,3660,2440,0
00401459,漳州旗滨福特蓝玻KN,004,色玻,4.5,2440,1830,0
00401458,漳州旗滨福特蓝玻KN,004,色玻,4.3,3660,2746,0
00401457,漳州旗滨福特蓝玻KN,004,色玻,4.3,3660,2440,0
00401456,漳州旗滨福特蓝玻KN,004,色玻,4.3,2440,1830,0
00401455,漳州旗滨欧洲灰玻,004,色玻,4.3,3660,2440,0
00401454,漳州旗滨蓝星灰镀膜优等品,004,色玻,6,3660,2440,0.2
00401453,漳州旗滨蓝星灰镀膜优等品,004,色玻,4.5,3660,2746,0.2
00401452,漳州旗滨蓝星灰镀膜优等品,004,色玻,4.5,3660,2630,0.2
00401451,漳州旗滨蓝星灰镀膜优等品,004,色玻,4.5,3660,2250,0.2
00401450,营口信义欧洲灰原片优质加工级,004,色玻,7.4,3660,2440,0.2
00401449,营口信义欧洲灰原片优质加工级,004,色玻,7.5,3660,2440,0.2
00401448,营口信义欧洲灰原片普通级,004,色玻,10,3660,2440,0.2
00401447,营口信义欧洲灰原片普通级,004,色玻,7.4,3660,2440,0.2
00401446,营口信义欧洲灰原片混装品,004,色玻,5,3660,2440,0.2
00401445,耀皮黑玻20系,004,色玻,7,3660,2440,0.2
00401444,耀皮黑玻20系,004,色玻,4.8,3660,2440,0.2
00401443,耀皮黑玻20系,004,色玻,4.5,3660,2440,0.2
00401442,耀华金茶原片优等品,004,色玻,4.3,3660,2440,0.2
00401441,阳光膜浅蓝色,004,色玻,6,3660,2134,0.2
00401440,信义黑玻汽车级PG20,004,色玻,4,3660,2440,0.2
00401439,信义黑玻普通级PT,004,色玻,4,2440,1830,0.2
00401438,信义黑玻20系,004,色玻,4,3660,2440,0.2
00401437,咸阳中玻欧洲灰玻优质加工级,004,色玻,8,3660,2440,0
00401436,咸阳中玻欧洲灰玻优质加工级,004,色玻,7.5,3660,2440,0
00401435,咸阳中玻欧洲灰玻优质加工级,004,色玻,7.2,3660,2250,0
00401434,咸阳中玻欧洲灰玻优质加工级,004,色玻,7,3660,2440,0
00401433,咸阳中玻欧洲灰玻优质加工级,004,色玻,7,3660,2140,0
00401432,咸阳中玻欧洲灰玻优质加工级,004,色玻,3.8,3660,2140,0
00401431,咸阳中玻欧洲灰玻普通级,004,色玻,7.5,3660,2440,0
00401430,咸阳中玻欧洲灰玻普通级,004,色玻,5,3660,2440,0
00401429,咸阳中玻福特蓝在线sunE优等品,004,色玻,5,3660,2440,0
00401428,咸阳中玻福特蓝在线sunE优等品,004,色玻,5,3660,2200,0
00401427,咸阳中玻福特蓝在线sunE混装品,004,色玻,5,3660,2440,0
00401426,咸阳中玻福特蓝原片优质加工级,004,色玻,8,3660,2600,0
00401425,咸阳中玻福特蓝原片优质加工级,004,色玻,8,3660,2440,0
00401424,咸阳中玻福特蓝原片优质加工级,004,色玻,6,3660,2600,0
00401423,咸阳中玻福特蓝原片优质加工级,004,色玻,4.4,3660,2440,0
00401422,咸阳中玻福特蓝原片优质加工级,004,色玻,6,3660,2700,0.2
00401421,咸阳中玻福特蓝原片优质加工级,004,色玻,6,3660,2440,0
00401420,咸阳中玻福特蓝原片优质加工级,004,色玻,6,3660,2440,0.2
00401419,咸阳中玻福特蓝原片优质加工级,004,色玻,6,3660,2200,0
00401418,咸阳中玻福特蓝原片优质加工级,004,色玻,5,3660,2440,0
00401417,咸阳中玻福特蓝原片优质加工级,004,色玻,5,3660,2440,0.2
00401416,咸阳中玻福特蓝原片优质加工级,004,色玻,5,3660,2200,0.2
00401415,咸阳中玻福特蓝原片优质加工级,004,色玻,5,3300,2440,0.2
00401414,咸阳中玻福特蓝原片优质加工级,004,色玻,4.5,3660,2600,0.2
00401413,咸阳中玻福特蓝原片优质加工级,004,色玻,4.5,3660,2440,0
00401412,咸阳中玻福特蓝原片优质加工级,004,色玻,4.5,3660,2200,0
00401411,咸阳中玻福特蓝原片优质加工级,004,色玻,4.5,3300,2440,0
00401410,咸阳中玻福特蓝原片优质加工级,004,色玻,4.5,3300,2000,0
00401409,咸阳中玻福特蓝原片优质加工级,004,色玻,4.5,2440,1830,0
00401408,咸阳中玻福特蓝原片优质加工级,004,色玻,4.4,2440,1830,0
00401407,咸阳中玻福特蓝原片普通级,004,色玻,6,3660,2600,0
00401406,咸阳中玻福特蓝原片普通级,004,色玻,6,3660,2440,0
00401405,咸阳中玻福特蓝原片普通级,004,色玻,6,3660,2200,0
00401404,咸阳中玻福特蓝原片普通级,004,色玻,5,3660,2440,0
00401403,咸阳中玻福特蓝原片普通级,004,色玻,5,3300,2440,0
00401402,咸阳中玻福特蓝原片普通级,004,色玻,4.5,3660,2600,0
00401401,咸阳中玻福特蓝原片普通级,004,色玻,4.5,3660,2440,0
00401400,咸阳中玻福特蓝原片普通级,004,色玻,4.5,3660,2200,0
00401399,咸阳中玻福特蓝原片普通级,004,色玻,4.5,3300,2440,0
00401398,咸阳中玻福特蓝原片普通级,004,色玻,4.5,2440,1830,0
00401397,咸阳中玻福特蓝原片普通级,004,色玻,4.4,2440,1830,0
00401396,咸阳中玻福特蓝原片客户定制,004,色玻,6,3660,2440,0
00401395,咸阳中玻福特蓝原片客户定制,004,色玻,5,3660,2440,0
00401394,咸阳中玻福特蓝原片客户定制,004,色玻,5,3660,2200,0
00401393,咸阳中玻福特蓝原片客户定制,004,色玻,4.5,3660,2440,0
00401392,咸阳中玻福特蓝原片客户定制,004,色玻,4.5,3660,2200,0
00401391,咸阳中玻福特蓝原片客户定制,004,色玻,4.5,3300,2000,0
00401390,咸阳中玻福特蓝原片客户定制,004,色玻,4.5,2440,1830,0
00401389,咸阳中玻福特蓝原片客户定制,004,色玻,4.4,3660,2440,0
00401388,咸阳中玻福特蓝原片混装品,004,色玻,6,3660,2600,0
00401387,咸阳中玻福特蓝原片混装品,004,色玻,4.5,3660,2440,0
00401386,咸阳中玻福特蓝原片混装品,004,色玻,4.5,2440,1830,0
00401385,咸阳中玻福特蓝镀膜优等品,004,色玻,8,3660,2800,0
00401384,咸阳中玻福特蓝镀膜优等品,004,色玻,8,3660,2600,0
00401383,咸阳中玻福特蓝镀膜优等品,004,色玻,8,3660,2440,0
00401382,咸阳中玻福特蓝镀膜优等品,004,色玻,6,3660,2800,0
00401381,咸阳中玻福特蓝镀膜优等品,004,色玻,6,3660,2600,0
00401380,咸阳中玻福特蓝镀膜优等品,004,色玻,6,3660,2440,0
00401379,咸阳中玻福特蓝镀膜优等品,004,色玻,6,3660,2200,0
00401378,咸阳中玻福特蓝镀膜优等品,004,色玻,5,3660,2800,0
00401377,咸阳中玻福特蓝镀膜优等品,004,色玻,5,3660,2600,0
00401376,咸阳中玻福特蓝镀膜优等品,004,色玻,5,3660,2440,0
00401375,咸阳中玻福特蓝镀膜优等品,004,色玻,4.5,3660,2600,0
00401374,咸阳中玻福特蓝镀膜优等品,004,色玻,4.5,3660,2440,0
00401373,咸阳中玻福特蓝镀膜优等品,004,色玻,4.5,3660,2200,0
00401372,咸阳中玻福特蓝镀膜优等品,004,色玻,4.5,3300,2440,0
00401371,咸阳中玻福特蓝镀膜协议品,004,色玻,5,3660,2440,0
00401370,咸阳中玻福特蓝镀膜混装品,004,色玻,6,3660,2700,0
00401369,咸阳中玻福特蓝镀膜混装品,004,色玻,6,3660,2440,0
00401368,咸阳中玻福特蓝镀膜混装品,004,色玻,6,3660,2200,0
00401367,咸阳中玻福特蓝镀膜混装品,004,色玻,6,3300,2440,0
00401366,咸阳中玻福特蓝镀膜混装品,004,色玻,5,3660,2440,0
00401365,咸阳中玻福特蓝镀膜混装品,004,色玻,4.5,3660,2440,0
00401364,咸阳中玻福特蓝玻优质加工级,004,色玻,6,3660,2440,0
00401363,咸阳中玻福特蓝玻优质加工级,004,色玻,4.3,3660,2600,0
00401362,咸阳中玻福特蓝玻优质加工级,004,色玻,4.3,3660,2440,0
00401361,咸阳中玻福特蓝玻优质加工级,004,色玻,4.3,3660,2200,0
00401360,咸阳中玻福特蓝玻优质加工级,004,色玻,4.3,3300,2440,0
00401359,咸阳中玻福特蓝玻优质加工级,004,色玻,4.5,3660,2600,0
00401358,咸阳中玻福特蓝玻优质加工级,004,色玻,4.2,3660,2440,0
00401357,咸阳中玻福特蓝玻普通级,004,色玻,8,3660,2600,0
00401356,咸阳中玻福特蓝玻普通级,004,色玻,8,3600,2600,0
00401355,咸阳中玻福特蓝玻普通级,004,色玻,4.3,3660,2600,0
00401354,咸阳中玻福特蓝玻普通级,004,色玻,4.3,3660,2200,0
00401353,咸阳中玻福特蓝玻客户定制级,004,色玻,4.5,3660,2440,0
00401352,咸阳中玻福特蓝玻客户定制级,004,色玻,4.5,3660,2200,0
00401351,咸阳色玻定制花板,004,色玻,7,3660,2440,0
00401350,咸阳色玻定制花板,004,色玻,6,3660,2440,0
00401349,咸阳欧洲灰原片优等品,004,色玻,3.8,3660,2440,0
00401348,咸阳南玻阳光膜154,004,色玻,10,4280,3300,0
00401347,咸阳福特蓝原片优等品,004,色玻,4.4,2440,1830,0
00401346,咸阳福特蓝原片普通级,004,色玻,6,3660,2440,0
00401345,咸阳福特蓝原片普通级,004,色玻,5,3300,2440,0.2
00401344,咸阳福特蓝原片普通级,004,色玻,4.5,3660,2440,0
00401343,咸阳福特蓝原片客户定制,004,色玻,4.5,3660,2440,0
00401342,咸阳福特蓝原片客户定制,004,色玻,4.5,2440,1830,0
00401341,咸阳福特蓝镀膜优等品,004,色玻,6,3660,2800,0
00401340,咸阳福特蓝镀膜优等品,004,色玻,6,3660,2700,0.2
00401339,咸阳福特蓝镀膜优等品,004,色玻,6,3660,2600,0
00401338,咸阳福特蓝镀膜优等品,004,色玻,6,3660,2440,0.2
00401337,咸阳福特蓝镀膜优等品,004,色玻,5,3660,2700,0.2
00401336,咸阳福特蓝镀膜优等品,004,色玻,5,3660,2600,0.2
00401335,咸阳福特蓝镀膜优等品,004,色玻,5,3660,2440,0.2
00401334,咸阳福特蓝镀膜优等品,004,色玻,5,3660,2200,0.2
00401333,咸阳福特蓝镀膜优等品,004,色玻,4.5,3660,2600,0.2
00401332,咸阳福特蓝镀膜优等品,004,色玻,4.5,3660,2440,0.2
00401331,咸阳福特蓝镀膜优等品,004,色玻,4.5,3660,2200,0.2
00401330,咸阳福特蓝镀膜优等品,004,色玻,4.5,2600,1830,0.2
00401329,咸阳福特蓝镀膜客户定制,004,色玻,6,3660,2600,0
00401328,咸阳福特蓝镀膜客户定制,004,色玻,6,3660,2440,0
00401327,咸阳福特蓝镀膜客户定制,004,色玻,6,3660,2200,0
00401326,咸阳福特蓝镀膜客户定制,004,色玻,6,3300,2440,0
00401325,咸阳福特蓝镀膜客户定制,004,色玻,5,3660,2700,0
00401324,咸阳福特蓝镀膜客户定制,004,色玻,5,3660,2600,0
00401323,咸阳福特蓝镀膜客户定制,004,色玻,5,3660,2440,0
00401322,咸阳福特蓝镀膜客户定制,004,色玻,5,3660,2200,0
00401321,咸阳福特蓝镀膜客户定制,004,色玻,4.8,2440,1710,0
00401320,咸阳福特蓝镀膜客户定制,004,色玻,4.5,3660,2600,0
00401319,咸阳福特蓝镀膜客户定制,004,色玻,4.5,3660,2440,0
00401318,咸阳福特蓝镀膜客户定制,004,色玻,4.5,3660,2200,0
00401317,咸阳福特蓝镀膜客户定制,004,色玻,4.5,2440,2000,0
00401316,咸阳福特蓝镀膜客户定制,004,色玻,4.5,2440,1950,0
00401315,咸阳福特蓝镀膜客户定制,004,色玻,4.5,2440,1830,0
00401314,咸阳福特蓝镀膜客户定制,004,色玻,4.5,2440,1710,0
00401313,咸阳福特蓝镀膜客户定制,004,色玻,4.5,2440,1660,0
00401312,咸阳福特蓝镀膜客户定制,004,色玻,4.5,2200,2000,0
00401311,咸阳福特蓝镀膜客户定制,004,色玻,4.5,2200,1660,0
00401310,咸阳福特蓝镀膜客户定制,004,色玻,4.4,3660,2440,0
00401309,咸阳福特蓝镀膜客户定制,004,色玻,4.4,2440,1950,0
00401308,咸阳福特蓝镀膜客户定制,004,色玻,4.4,2440,1830,0
00401307,咸阳福特蓝镀膜客户定制,004,色玻,4.4,2440,1710,0
00401306,咸阳福特蓝玻优等品,004,色玻,5,3660,2200,0
00401305,芜湖信义黑玻优等品,004,色玻,5,3660,2440,0.2
00401304,芜湖信义黑玻优等品,004,色玻,5,3660,1900,0
00401303,芜湖信义黑玻优等品,004,色玻,5,3300,2440,0
00401302,芜湖信义黑玻20系,004,色玻,3.2,2440,1830,0.2
00401301,威海中玻自然绿镀膜优质加工级,004,色玻,4.5,3660,2440,0
00401300,威海中玻自然绿镀膜优质加工级,004,色玻,4.5,2440,1830,0
00401299,威海中玻自然绿镀膜优质加工级,004,色玻,4.4,2440,1830,0
00401298,威海中玻自然绿玻优质加工级,004,色玻,4.5,2440,1830,0
00401297,威海中玻自然绿玻普通级,004,色玻,4.5,2440,1830,0
00401296,威海中玻自然绿玻普通级,004,色玻,4.4,2440,1830,0
00401295,威海中玻自然绿玻客户定制级,004,色玻,4.5,2440,1830,0
00401294,威海中玻欧洲灰玻客户定制级,004,色玻,5,3660,2440,0
00401293,威海中玻欧洲灰玻客户定制级,004,色玻,4.2,3660,2440,0
00401292,威海中玻欧洲灰玻优质加工级,004,色玻,10,3660,2440,0
00401291,威海中玻欧洲灰玻优质加工级,004,色玻,8,3660,2440,0
00401290,威海中玻欧洲灰玻优质加工级,004,色玻,8,3300,2440,0
00401289,威海中玻欧洲灰玻优质加工级,004,色玻,7.5,3660,2440,0
00401288,威海中玻欧洲灰玻优质加工级,004,色玻,7.2,3660,2440,0
00401287,威海中玻欧洲灰玻优质加工级,004,色玻,7,3660,2440,0
00401286,威海中玻欧洲灰玻优质加工级,004,色玻,7,3660,2250,0
00401285,威海中玻欧洲灰玻优质加工级,004,色玻,7,3660,2140,0
00401284,威海中玻欧洲灰玻优质加工级,004,色玻,6.8,3660,2440,0
00401283,威海中玻欧洲灰玻优质加工级,004,色玻,6.8,3660,2250,0
00401282,威海中玻欧洲灰玻优质加工级,004,色玻,6.8,3660,2140,0
00401281,威海中玻欧洲灰玻优质加工级,004,色玻,6.7,3660,2440,0.2
00401280,威海中玻欧洲灰玻优质加工级,004,色玻,6.6,3660,2440,0
00401279,威海中玻欧洲灰玻优质加工级,004,色玻,6.6,3660,2250,0
00401278,威海中玻欧洲灰玻优质加工级,004,色玻,6.5,3660,2440,0
00401277,威海中玻欧洲灰玻优质加工级,004,色玻,6.5,3660,2250,0
00401276,威海中玻欧洲灰玻优质加工级,004,色玻,6,3660,2440,0
00401275,威海中玻欧洲灰玻优质加工级,004,色玻,5,3660,2440,0
00401274,威海中玻欧洲灰玻优质加工级,004,色玻,5,3660,2250,0
00401273,威海中玻欧洲灰玻优质加工级,004,色玻,5,3660,2140,0
00401272,威海中玻欧洲灰玻优质加工级,004,色玻,4.5,3660,2440,0
00401271,威海中玻欧洲灰玻优质加工级,004,色玻,4.3,3660,2440,0
00401270,威海中玻欧洲灰玻优质加工级,004,色玻,4.3,3660,2250,0
00401269,威海中玻欧洲灰玻优质加工级,004,色玻,4.3,2440,1830,0
00401268,威海中玻欧洲灰玻优质加工级,004,色玻,4.2,3660,2440,0
00401267,威海中玻欧洲灰玻优质加工级,004,色玻,4.2,3660,2250,0
00401266,威海中玻欧洲灰玻优质加工级,004,色玻,4.2,3660,2140,0
00401265,威海中玻欧洲灰玻优质加工级,004,色玻,4,3660,2440,0
00401264,威海中玻欧洲灰玻优质加工级,004,色玻,3.8,3660,2440,0
00401263,威海中玻欧洲灰玻优质加工级,004,色玻,3.8,3660,2250,0
00401262,威海中玻欧洲灰玻优质加工级,004,色玻,3.8,3660,2140,0
00401261,威海中玻欧洲灰玻优质加工级,004,色玻,3.5,3660,2440,0
00401260,威海中玻欧洲灰玻优质加工级,004,色玻,3.5,3660,2140,0
00401259,威海中玻欧洲灰玻优质加工级,004,色玻,4.2,2440,1830,0
00401258,威海中玻欧洲灰玻普通级,004,色玻,7,3660,2440,0
00401257,威海中玻欧洲灰玻普通级,004,色玻,5,3660,2440,0
00401256,威海中玻欧洲灰玻普通级,004,色玻,4.3,3660,2440,0
00401255,威海中玻欧洲灰玻普通级,004,色玻,4.3,2440,2000,0
00401254,威海中玻欧洲灰玻普通级,004,色玻,4.3,2440,1830,0
00401253,威海中玻欧洲灰玻普通级,004,色玻,4.2,3660,2440,0
00401252,威海中玻欧洲灰玻普通级,004,色玻,4.2,2440,1830,0
00401251,威海中玻欧洲灰玻普通级,004,色玻,4,3660,2440,0
00401250,威海中玻欧洲灰玻普通级,004,色玻,3.8,3660,2440,0
00401249,威海中玻欧洲灰玻普通级,004,色玻,3.8,3660,2250,0
00401248,威海中玻欧洲灰玻普通级,004,色玻,3.5,3660,2440,0
00401247,威海中玻欧洲灰玻客户定制,004,色玻,5,3660,2250,0
00401246,威海中玻欧洲灰玻客户定制,004,色玻,4.3,3660,2440,0
00401245,威海中玻欧洲灰玻客户定制,004,色玻,4.2,2440,1830,0
00401244,威海中玻欧洲灰玻客户定制,004,色玻,3.5,3660,2440,0
00401243,威海中玻欧茶玻优等品,004,色玻,10,3300,2140,0
00401242,威海中玻欧茶玻优等品,004,色玻,6,3660,2140,0
00401241,威海中玻欧茶玻优等品,004,色玻,6,2440,1830,0
00401240,威海中玻欧茶玻优等品,004,色玻,5,3660,2440,0
00401239,威海中玻欧茶玻优等品,004,色玻,5,3300,2140,0
00401238,威海中玻欧茶玻优等品,004,色玻,4.5,3660,2440,0
00401237,威海中玻欧茶玻优等品,004,色玻,4.2,3660,2440,0
00401236,威海中玻欧茶玻普通级,004,色玻,4.2,3660,2440,0
00401235,威海中玻欧茶玻普通级,004,色玻,5,3660,2440,0
00401234,威海中玻绿镀膜混装品,004,色玻,6,3660,2440,0
00401233,威海中玻绿玻客户定制,004,色玻,5.8,2440,1830,0
00401232,威海中玻绿玻客户定制,004,色玻,5.8,2270,1728,0
00401231,威海中玻蓝星灰玻优等品,004,色玻,10,3300,2440,0.2
00401230,威海中玻金茶玻优等品,004,色玻,4.3,3660,2440,0.2
00401229,威海中玻金茶玻优等品,004,色玻,4,3660,2440,0
00401228,威海中玻金茶玻优等品,004,色玻,3.9,3660,2440,0.2
00401227,威海中玻黑镀膜,004,色玻,5,3300,2250,0
00401226,威海中玻黑镀膜,004,色玻,5,2140,1650,0
00401225,威海中玻黑镀膜,004,色玻,4,3300,2140,0
00401224,威海中玻黑玻优质加工级,004,色玻,8,3660,2440,0.2
00401223,威海中玻黑玻优质加工级,004,色玻,8,3660,2140,0
00401222,威海中玻黑玻优质加工级,004,色玻,7.2,3660,2140,0
00401221,威海中玻黑玻优质加工级,004,色玻,6,3660,2440,0
00401220,威海中玻黑玻优质加工级,004,色玻,6,2600,1830,0
00401219,威海中玻黑玻优质加工级,004,色玻,6,2440,1830,0
00401218,威海中玻黑玻优质加工级,004,色玻,5,3660,2440,0
00401217,威海中玻黑玻优质加工级,004,色玻,5,3300,2250,0
00401216,威海中玻黑玻优质加工级,004,色玻,5,3300,2140,0
00401215,威海中玻黑玻优质加工级,004,色玻,5,2440,1830,0
00401214,威海中玻黑玻优质加工级,004,色玻,4.5,3660,2440,0
00401213,威海中玻黑玻优质加工级,004,色玻,4.5,3660,2440,0.2
00401212,威海中玻黑玻优质加工级,004,色玻,4.5,2440,1830,0.2
00401211,威海中玻黑玻优质加工级,004,色玻,4.2,3660,2440,0
00401210,威海中玻黑玻优质加工级,004,色玻,4.2,3660,2440,0.2
00401209,威海中玻黑玻优质加工级,004,色玻,4,3660,2440,0
00401208,威海中玻黑玻优质加工级,004,色玻,4,3660,2440,0.2
00401207,威海中玻黑玻优质加工级,004,色玻,4,3300,2140,0
00401206,威海中玻黑玻优质加工级,004,色玻,4,2440,1830,0
00401205,威海中玻黑玻优质加工级,004,色玻,4,2140,1650,0
00401204,威海中玻黑玻优质加工级,004,色玻,3.8,3660,2440,0
00401203,威海中玻黑玻优质加工级,004,色玻,3,2440,1830,0
00401202,威海中玻黑玻优质加工级,004,色玻,7.8,3660,2440,0
00401201,威海中玻黑玻优质加工级,004,色玻,7.8,3300,2440,0
00401200,威海中玻黑玻普通级,004,色玻,7.8,3660,2440,0
00401199,威海中玻黑玻客户定制级,004,色玻,3.8,3660,2440,0
00401198,威海中玻黑玻带D10系,004,色玻,7.8,3660,2440,0
00401197,威海中玻黑玻10系,004,色玻,7.8,3660,2440,0.2
00401196,威海中玻黑玻10系,004,色玻,6,3660,2440,0
00401195,威海中玻黑玻10系,004,色玻,4.5,3660,2440,0
00401194,威海中玻黑玻10系,004,色玻,4,3300,2140,0
00401193,威海中玻黑玻10系,004,色玻,3.8,3660,2440,0
00401192,威海中玻黑玻,004,色玻,10,3300,2440,0
00401191,威海中玻黑玻,004,色玻,10,3300,2250,0
00401190,威海中玻黑玻,004,色玻,10,3300,2140,0
00401189,威海中玻黑玻,004,色玻,10,2440,1830,0
00401188,威海中玻黑玻,004,色玻,8,3660,2440,0
00401187,威海中玻黑玻,004,色玻,8,3300,2440,0
00401186,威海中玻黑玻,004,色玻,8,2440,1830,0
00401185,威海中玻黑玻,004,色玻,6.8,3660,2440,0
00401184,威海中玻黑玻,004,色玻,6,3300,2140,0
00401183,威海中玻黑玻,004,色玻,5.3,3300,2250,0
00401182,威海中玻黑玻,004,色玻,5,2440,1650,0
00401181,威海中玻黑玻,004,色玻,4.9,2440,1830,0
00401180,威海中玻黑玻,004,色玻,4,3300,2250,0
00401179,威海中玻黑玻,004,色玻,3.8,2440,1830,0
00401178,威海中玻黑玻,004,色玻,3.2,2440,1830,0
00401177,威海中玻福特蓝镀膜优等品,004,色玻,8,3660,2800,0
00401176,威海中玻福特蓝镀膜优等品,004,色玻,6,3660,2800,0.2
00401175,威海中玻福特蓝镀膜优等品,004,色玻,6,3660,2740,0
00401174,威海中玻福特蓝镀膜优等品,004,色玻,6,3660,2600,0
00401173,威海中玻福特蓝镀膜优等品,004,色玻,6,3660,2440,0
00401172,威海中玻福特蓝镀膜优等品,004,色玻,6,3660,2250,0
00401171,威海中玻福特蓝镀膜优等品,004,色玻,6,3660,2140,0
00401170,威海中玻福特蓝镀膜优等品,004,色玻,6,2440,1830,0
00401169,威海中玻福特蓝镀膜优等品,004,色玻,5,3660,2800,0
00401168,威海中玻福特蓝镀膜优等品,004,色玻,5,3660,2740,0
00401167,威海中玻福特蓝镀膜优等品,004,色玻,5,3660,2600,0
00401166,威海中玻福特蓝镀膜优等品,004,色玻,5,3660,2440,0
00401165,威海中玻福特蓝镀膜优等品,004,色玻,5,3660,2250,0
00401164,威海中玻福特蓝镀膜优等品,004,色玻,5,3660,2140,0
00401163,威海中玻福特蓝镀膜优等品,004,色玻,5,2440,1950,0
00401162,威海中玻福特蓝镀膜优等品,004,色玻,4.5,3660,2800,0
00401161,威海中玻福特蓝镀膜优等品,004,色玻,4.5,3660,2740,0
00401160,威海中玻福特蓝镀膜优等品,004,色玻,4.5,3660,2600,0
00401159,威海中玻福特蓝镀膜优等品,004,色玻,4.5,3660,2440,0
00401158,威海中玻福特蓝镀膜优等品,004,色玻,4.5,3660,2200,0
00401157,威海中玻福特蓝镀膜优等品,004,色玻,4.5,2440,1950,0
00401156,威海中玻福特蓝镀膜优等品,004,色玻,4.5,2440,1830,0
00401155,威海中玻福特蓝镀膜优等品,004,色玻,4.5,2440,1710,0
00401154,威海中玻福特蓝镀膜优等品,004,色玻,4.4,3660,2440,0
00401153,威海中玻福特蓝镀膜优等品,004,色玻,4.4,2440,1950,0
00401152,威海中玻福特蓝镀膜优等品,004,色玻,4.4,2440,1830,0
00401151,威海中玻福特蓝镀膜优等品,004,色玻,4.4,2440,1710,0
00401150,威海中玻福特蓝镀膜优等品,004,色玻,4.4,2440,1700,0
00401149,威海中玻福特蓝镀膜优等品,004,色玻,4.3,3660,2800,0
00401148,威海中玻福特蓝镀膜优等品,004,色玻,4.3,3660,2600,0
00401147,威海中玻福特蓝镀膜优等品,004,色玻,4.3,3660,2440,0
00401146,威海中玻福特蓝镀膜优等品,004,色玻,4.3,3660,2250,0
00401145,威海中玻福特蓝镀膜优等品,004,色玻,4.3,3660,2200,0
00401144,威海中玻福特蓝镀膜优等品,004,色玻,4.3,3660,2140,0
00401143,威海中玻福特蓝镀膜优等品,004,色玻,4.3,2440,1950,0
00401142,威海中玻福特蓝镀膜优等品,004,色玻,4.3,2440,1830,0
00401141,威海中玻福特蓝镀膜优等品,004,色玻,4.3,2440,1710,0
00401140,威海中玻福特蓝镀膜优等品,004,色玻,4.3,2200,1830,0
00401139,威海中玻福特蓝镀膜混装品,004,色玻,6,3660,2440,0
00401138,威海中玻福特蓝镀膜混装品,004,色玻,6,2440,1830,0
00401137,威海中玻福特蓝镀膜混装品,004,色玻,5,3660,2440,0
00401136,威海中玻福特蓝镀膜混装品,004,色玻,4.5,3660,2440,0
00401135,威海中玻福特蓝镀膜混装品,004,色玻,4.5,2440,1830,0
00401134,威海中玻福特蓝镀膜混装品,004,色玻,4.4,3660,2440,0
00401133,威海中玻福特蓝镀膜混装品,004,色玻,4.4,2440,1830,0
00401132,威海中玻福特蓝镀膜混装品,004,色玻,4.3,3660,2600,0
00401131,威海中玻福特蓝镀膜混装品,004,色玻,4.3,3660,2440,0
00401130,威海中玻福特蓝镀膜混装品,004,色玻,4.3,3660,2200,0
00401129,威海中玻福特蓝镀膜混装品,004,色玻,4.3,3660,2140,0
00401128,威海中玻福特蓝镀膜混装品,004,色玻,4.3,2440,1950,0
00401127,威海中玻福特蓝镀膜混装品,004,色玻,4.3,2440,1830,0
00401126,威海中玻福特蓝镀膜混装品,004,色玻,4.3,2440,1710,0
00401125,威海中玻福特蓝镀膜混装品,004,色玻,4.3,2200,1830,0
00401124,威海中玻福特蓝玻优质加工级,004,色玻,8,3660,2440,0
00401123,威海中玻福特蓝玻优质加工级,004,色玻,4.3,2440,1830,0
00401122,威海中玻福特蓝玻优质加工级,004,色玻,6,3660,2440,0
00401121,威海中玻福特蓝玻优质加工级,004,色玻,5,3660,2440,0
00401120,威海中玻福特蓝玻优质加工级,004,色玻,4.4,3660,2440,0
00401119,威海中玻福特蓝玻优质加工级,004,色玻,4.4,2440,1830,0
00401118,威海中玻福特蓝玻优质加工级,004,色玻,4.3,3660,2440,0
00401117,威海中玻福特蓝玻普通级,004,色玻,6,3660,2440,0
00401116,威海中玻福特蓝玻普通级,004,色玻,6,2440,1830,0
00401115,威海中玻福特蓝玻普通级,004,色玻,5,3660,2440,0
00401114,威海中玻福特蓝玻普通级,004,色玻,5,2440,1830,0
00401113,威海中玻福特蓝玻普通级,004,色玻,4.5,2440,1830,0
00401112,威海中玻福特蓝玻普通级,004,色玻,4.4,2440,1830,0
00401111,威海中玻福特蓝玻普通级,004,色玻,4.3,3660,2440,0
00401110,威海中玻福特蓝玻普通级,004,色玻,4.3,2440,1830,0
00401109,威海中玻福特蓝玻客户定制,004,色玻,6,3660,2440,0
00401108,威海中玻福特蓝玻客户定制,004,色玻,5,3660,2440,0
00401107,威海中玻福特蓝玻客户定制,004,色玻,4.5,3660,2440,0
00401106,威海中玻福特蓝玻客户定制,004,色玻,4.4,3660,2440,0
00401105,威海中玻福特蓝玻客户定制,004,色玻,4.4,2440,1830,0
00401104,威海中玻福特蓝玻客户定制,004,色玻,4.3,3660,2440,0
00401103,威海中玻福特蓝玻客户定制,004,色玻,4.3,2440,1830,0
00401102,威海中玻定制蓝过渡品,004,色玻,3.8,2440,1830,0
00401101,威海中玻定制蓝过渡品,004,色玻,3.8,2440,1780,0
00401100,威海中玻定制蓝玻,004,色玻,3.9,2440,1830,0
00401099,威海中玻宝石蓝镀膜优等品,004,色玻,6,2440,1830,0
00401098,威海中玻宝石蓝镀膜优等品,004,色玻,5.3,3300,2250,0
00401097,威海中玻宝石蓝镀膜优等品,004,色玻,5,3660,2140,0
00401096,威海中玻宝石蓝镀膜优等品,004,色玻,5,3300,2250,0
00401095,威海中玻宝石蓝镀膜优等品,004,色玻,5,3300,2140,0
00401094,威海中玻宝石蓝镀膜优等品,004,色玻,5,2440,1830,0
00401093,威海中玻宝石蓝镀膜优等品,004,色玻,4.5,3660,2440,0
00401092,威海中玻宝石蓝镀膜优等品,004,色玻,4.5,2440,1830,0
00401091,威海中玻宝石蓝镀膜优等品,004,色玻,4.5,2440,1650,0
00401090,威海中玻宝石蓝镀膜优等品,004,色玻,4.3,3660,2440,0
00401089,威海中玻宝石蓝镀膜优等品,004,色玻,4.3,2440,1830,0
00401088,威海中玻宝石蓝镀膜优等品,004,色玻,4.3,2200,1830,0
00401087,威海中玻宝石蓝镀膜混装品,004,色玻,4.5,3660,2440,0
00401086,威海中玻宝石蓝镀膜混装品,004,色玻,4.5,2440,1830,0
00401085,威海中玻宝石蓝镀膜混装品,004,色玻,4.3,3660,2440,0
00401084,威海中玻宝石蓝镀膜混装品,004,色玻,4.3,2440,1950,0
00401083,威海中玻宝石蓝镀膜混装品,004,色玻,4.3,2440,1830,0
00401082,威海中玻宝石蓝镀膜混装品,004,色玻,4.3,2440,1710,0
00401081,威海中玻宝石蓝镀膜混装品,004,色玻,4.3,2200,1830,0
00401080,威海中玻宝石蓝镀膜定制品,004,色玻,4.3,2440,1830,0
00401079,威海中玻宝石蓝玻优等品,004,色玻,8,3660,2440,0.2
00401078,威海中玻宝石蓝玻优等品,004,色玻,4.3,2440,1830,0
00401077,威海中玻宝石蓝玻优等品,004,色玻,4,2440,1830,0
00401076,威海中玻宝石蓝玻优等品,004,色玻,4,2440,1650,0
00401075,威海中玻宝石蓝玻优等品,004,色玻,3.9,2440,1830,0
00401074,威海中玻宝石蓝玻优等品,004,色玻,3.7,2440,1650,0
00401073,威海中玻宝石蓝玻普通级,004,色玻,4.3,2440,1830,0
00401072,威海中玻宝石蓝玻普通级,004,色玻,4,2440,1830,0
00401071,威海中玻宝石蓝玻普通级,004,色玻,4,2440,1650,0
00401070,威海中玻宝石蓝玻客户定制级,004,色玻,4.3,2440,1830,0
00401069,威海中玻宝石蓝玻客户定制级,004,色玻,4,2440,1830,0
00401068,威海中玻宝石蓝玻客户定制级,004,色玻,4,2440,1650,0
00401067,威海中玻F绿玻优质加工级,004,色玻,6,3660,2440,0
00401066,威海中玻F绿玻优质加工级,004,色玻,5,3660,2440,0
00401065,威海中玻F绿玻优质加工级,004,色玻,5,3660,2200,0
00401064,威海中玻F绿镀膜优等品,004,色玻,5,3660,2440,0
00401063,威海中玻F绿镀膜优等品,004,色玻,5,3660,2200,0
00401062,威海中玻F绿镀膜优等品,004,色玻,5,2440,1830,0
00401061,威海中玻F绿镀膜混装品,004,色玻,6,3660,2440,0
00401060,威海中玻F绿镀膜混装品,004,色玻,6,3660,2200,0
00401059,威海中玻F绿镀膜混装品,004,色玻,6,3660,2140,0
00401058,威海中玻F绿镀膜混装品,004,色玻,5,3660,2440,0
00401057,威海中玻F绿镀膜混装品,004,色玻,5,3660,2200,0
00401056,威海中玻F绿镀膜混装品,004,色玻,5,3660,2140,0
00401055,威海中玻F绿镀膜,004,色玻,8,3660,2440,0.2
00401054,威海中玻F绿玻优质加工级,004,色玻,5,2440,1830,0
00401053,威海中玻F绿玻优质加工级,004,色玻,3.1,2390,1780,0
00401052,威海中玻F绿玻优质加工级,004,色玻,3.1,2070,1800,0
00401051,威海中玻F绿玻普通级,004,色玻,5,3660,2200,0
00401050,威海中玻F绿玻普通级,004,色玻,5,1930,1550,0
00401049,威海中玻F绿玻普通级,004,色玻,3.1,2390,1780,0
00401048,威海中玻F绿玻普通级,004,色玻,3.1,2070,1800,0
00401047,威海中玻F绿玻普通级,004,色玻,6,3660,2600,0
00401046,威海蓝星灰玻过渡板,004,色玻,4.1,2440,1830,0
00401045,天津耀皮黑玻,004,色玻,10,3660,2440,0.2
00401044,天津耀皮黑玻,004,色玻,10,3300,2440,0.2
00401043,天津耀皮黑玻,004,色玻,10,3300,2140,0.2
00401042,天津耀皮黑玻,004,色玻,8,3660,2440,0.2
00401041,天津耀皮黑玻,004,色玻,7.8,3660,2440,0.2
00401040,天津耀皮黑玻,004,色玻,7.5,3660,2440,0.2
00401039,天津耀皮黑玻,004,色玻,7.2,3660,2440,0.2
00401038,天津耀皮黑玻,004,色玻,6,3660,2440,0.2
00401037,天津耀皮黑玻,004,色玻,5,3660,2440,0.2
00401036,天津耀皮黑玻,004,色玻,5,3300,2440,0.2
00401035,天津耀皮黑玻,004,色玻,5,2440,2000,0.2
00401034,天津耀皮黑玻,004,色玻,5,2440,1830,0.2
00401033,天津耀皮黑玻,004,色玻,5,2440,1660,0.2
00401032,天津耀皮黑玻,004,色玻,4.5,3660,2440,0.2
00401031,天津耀皮黑玻,004,色玻,4.5,3300,2440,0.2
00401030,天津耀皮黑玻,004,色玻,4.5,2440,2100,0.1
00401029,天津耀皮黑玻,004,色玻,4.5,2440,1560,0.1
00401028,天津耀皮黑玻,004,色玻,4,3660,2440,0.2
00401027,天津耀皮黑玻,004,色玻,4,2440,1830,0.2
00401026,天津信义欧洲灰原片优等品,004,色玻,8,3660,2440,0.2
00401025,天津信义欧州灰原片优等品,004,色玻,8,3660,2250,0.2
00401024,天津信义欧洲灰原片优等品,004,色玻,8,3300,2440,0
00401023,天津信义欧洲灰原片优等品,004,色玻,8,3300,2250,0
00401022,天津信义欧洲灰原片优等品,004,色玻,7.9,3660,2440,0.2
00401021,天津信义欧洲灰原片优等品,004,色玻,7.9,3660,2250,0.2
00401020,天津信义欧洲灰原片优等品,004,色玻,7.9,3660,2140,0.2
00401019,天津信义欧洲灰原片优等品,004,色玻,7.8,3660,2440,0.2
00401018,天津信义欧洲灰原片优等品,004,色玻,7.5,3660,2440,0.2
00401017,天津信义欧洲灰原片优等品,004,色玻,7.4,3660,2440,0.2
00401016,天津信义欧洲灰原片优等品,004,色玻,5,3660,2440,0.2
00401015,天津信义欧州灰原片优等品,004,色玻,5,3300,2440,0
00401014,天津信义欧洲灰原片优等品,004,色玻,4.5,3660,2440,0
00401013,天津信义欧州灰原片优等品,004,色玻,4.5,3660,2440,0.2
00401012,天津信义欧洲灰原片优等品,004,色玻,4.5,2440,2100,0.2
00401011,天津信义欧洲灰原片优等品,004,色玻,4.5,2440,1560,0.2
00401010,天津信义欧洲灰原片优等品,004,色玻,4.3,3660,2440,0.2
00401009,天津信义欧州灰原片优等品,004,色玻,4,3660,2440,0.2
00401008,天津信义欧州灰原片优等品,004,色玻,3.9,2440,1830,0.2
00401007,天津信义欧州灰原片优等品,004,色玻,3,2440,1830,0.1
00401006,天津信义F绿原片,004,色玻,5,3300,2140,0
00401005,天津信义F绿原片,004,色玻,5,3050,2250,0
00401004,天津信义F绿原片,004,色玻,4,3660,2440,0.2
00401003,天津信义F绿原片,004,色玻,4,3300,2140,0
00401002,天津南玻阳光膜,004,色玻,10,4280,3300,0
00401001,滕州金晶水晶灰原片,004,色玻,5,3660,2440,0.2
00401000,滕州金晶金晶灰玻建筑级,004,色玻,4,3660,2440,0.2
00400999,滕州金晶金茶玻优等品,004,色玻,8,3660,2440,0.2
00400998,滕州金晶金茶玻优等品,004,色玻,4.5,3660,2440,0.2
00400997,滕州金晶金茶玻优等品,004,色玻,10,3660,2440,0.2
00400996,滕州金晶金茶玻汽车级,004,色玻,4.3,3660,2440,0.2
00400995,滕州金晶金茶玻汽车级,004,色玻,4,3660,2440,0.2
00400994,滕州金晶金茶玻,004,色玻,12,3660,2440,0.2
00400993,滕州金晶金茶玻,004,色玻,4.5,2440,1830,0.2
00400992,滕州金晶灰原片优等品,004,色玻,12,3660,2440,0.2
00400991,滕州金晶灰原片优等品,004,色玻,10,3660,2440,0.2
00400990,滕州金晶灰原片优等品,004,色玻,8,3660,2440,0.2
00400989,滕州金晶灰原片优等品,004,色玻,5,3660,2800,0.2
00400988,滕州金晶灰原片优等品,004,色玻,4.5,3660,2600,0
00400987,滕州金晶灰原片优等品,004,色玻,4.5,3660,2440,0.2
00400986,滕州金晶灰原片优等品,004,色玻,4.5,3660,2250,0
00400985,滕州金晶灰原片优等品,004,色玻,4.5,2440,1830,0.2
00400984,滕州金晶灰原片优等品,004,色玻,4,3660,2440,0.2
00400983,滕州金晶灰镀膜,004,色玻,5,3660,2440,0.2
00400982,滕州金晶灰原片优等品,004,色玻,5,3660,2440,0.2
00400981,滕州金晶福特蓝原片优等品,004,色玻,6,3660,2800,0
00400980,滕州金晶福特蓝原片优等品,004,色玻,6,3660,2740,0
00400979,滕州金晶福特蓝原片优等品,004,色玻,5,3660,2440,0
00400978,滕州金晶福特蓝原片优等品,004,色玻,4.5,3660,2440,0
00400977,滕州金晶福特蓝原片建筑级,004,色玻,5,3660,2440,0
00400976,滕州金晶福特蓝原片,004,色玻,8,3660,2440,0.2
00400975,滕州金晶福特蓝镀膜优等品,004,色玻,8,3660,2440,0
00400974,滕州金晶福特蓝镀膜优等品,004,色玻,6,3660,2800,0
00400973,滕州金晶福特蓝镀膜优等品,004,色玻,6,3660,2740,0.2
00400972,滕州金晶福特蓝镀膜优等品,004,色玻,6,3660,2600,0.2
00400971,滕州金晶福特蓝镀膜优等品,004,色玻,6,3660,2440,0.2
00400970,滕州金晶福特蓝镀膜优等品,004,色玻,6,3300,2800,0.2
00400969,滕州金晶福特蓝镀膜优等品,004,色玻,5,3660,2800,0
00400968,滕州金晶福特蓝镀膜优等品,004,色玻,5,3660,2600,0.2
00400967,滕州金晶福特蓝镀膜优等品,004,色玻,5,3660,2440,0.2
00400966,滕州金晶福特蓝镀膜优等品,004,色玻,5,3660,2250,0.2
00400965,滕州金晶福特蓝镀膜优等品,004,色玻,5,3660,2140,0
00400964,滕州金晶福特蓝镀膜优等品,004,色玻,5,3660,2134,0.2
00400963,滕州金晶福特蓝镀膜优等品,004,色玻,5,3300,2440,0.2
00400962,滕州金晶福特蓝镀膜优等品,004,色玻,4.5,3660,2440,0.2
00400961,滕州金晶福特蓝镀膜混装品,004,色玻,5,3660,2440,0
00400960,滕州金晶Optisolar R20,004,色玻,4.5,3660,2440,0
00400959,唐山蓝欣自然绿镀膜混装品,004,色玻,4,3300,2140,0.2
00400958,唐山蓝欣自然绿镀膜优等品,004,色玻,4.5,3660,2440,0.2
00400957,唐山蓝欣水晶蓝镀膜,004,色玻,5,3300,2440,0.2
00400956,唐山蓝欣水晶蓝玻,004,色玻,6,3660,2440,0.2
00400955,唐山蓝欣欧洲灰镀膜优等品,004,色玻,6,3660,2600,0.2
00400954,唐山蓝欣欧洲灰镀膜优等品,004,色玻,6,3660,2440,0.2
00400953,唐山蓝欣欧洲灰玻优等品,004,色玻,10,3660,2440,0.2
00400952,唐山蓝欣欧洲灰玻优等品,004,色玻,10,3660,2140,0.2
00400951,唐山蓝欣欧洲灰玻优等品,004,色玻,8,3660,2440,0.2
00400950,唐山蓝欣欧洲灰玻优等品,004,色玻,8,3660,2250,0.2
00400949,唐山蓝欣欧洲灰玻优等品,004,色玻,8,3660,2140,0.2
00400948,唐山蓝欣欧洲灰玻优等品,004,色玻,7.8,3660,2440,0.2
00400947,唐山蓝欣欧洲灰玻优等品,004,色玻,7.7,3660,2440,0.2
00400946,唐山蓝欣欧洲灰玻优等品,004,色玻,7.7,3660,2140,0.2
00400945,唐山蓝欣欧洲灰玻优等品,004,色玻,7.5,3660,2550,0.2
00400944,唐山蓝欣欧洲灰玻优等品,004,色玻,7.5,3660,2440,0.2
00400943,唐山蓝欣欧洲灰玻优等品,004,色玻,7.5,3660,2250,0.2
00400942,唐山蓝欣欧洲灰玻优等品,004,色玻,7.4,3660,2440,0.2
00400941,唐山蓝欣欧洲灰玻优等品,004,色玻,7.3,3660,2440,0.2
00400940,唐山蓝欣欧洲灰玻优等品,004,色玻,7.3,3660,2250,0.2
00400939,唐山蓝欣欧洲灰玻优等品,004,色玻,7.2,3660,2440,0.2
00400938,唐山蓝欣欧洲灰玻优等品,004,色玻,7.2,3660,2250,0.2
00400937,唐山蓝欣欧洲灰玻优等品,004,色玻,7.2,3660,2140,0.2
00400936,唐山蓝欣欧洲灰玻优等品,004,色玻,7.2,3300,2440,0.2
00400935,唐山蓝欣欧洲灰玻优等品,004,色玻,7,3660,2440,0.2
00400934,唐山蓝欣欧洲灰玻优等品,004,色玻,7,3660,2250,0.2
00400933,唐山蓝欣欧洲灰玻优等品,004,色玻,7,3660,2140,0.2
00400932,唐山蓝欣欧洲灰玻优等品,004,色玻,6.7,3660,2440,0.2
00400931,唐山蓝欣欧洲灰玻优等品,004,色玻,6.7,3660,2250,0.2
00400930,唐山蓝欣欧洲灰玻优等品,004,色玻,6.7,3660,2140,0.2
00400929,唐山蓝欣欧洲灰玻优等品,004,色玻,6.5,3660,2440,0.2
00400928,唐山蓝欣欧洲灰玻优等品,004,色玻,6.5,3660,2250,0.2
00400927,唐山蓝欣欧洲灰玻优等品,004,色玻,6.5,3660,2140,0.2
00400926,唐山蓝欣欧洲灰玻优等品,004,色玻,6,3660,2600,0.2
00400925,唐山蓝欣欧洲灰玻优等品,004,色玻,6,3660,2440,0.2
00400924,唐山蓝欣欧洲灰玻优等品,004,色玻,6,3660,2140,0.2
00400923,唐山蓝欣欧洲灰玻优等品,004,色玻,5,3660,2440,0.2
00400922,唐山蓝欣欧洲灰玻优等品,004,色玻,5,3660,2140,0.2
00400921,唐山蓝欣欧洲灰玻优等品,004,色玻,4.5,3660,2440,0.2
00400920,唐山蓝欣欧洲灰玻优等品,004,色玻,4.3,3660,2440,0.2
00400919,唐山蓝欣欧洲灰玻优等品,004,色玻,4.3,3660,2140,0.2
00400918,唐山蓝欣欧洲灰玻优等品,004,色玻,4.2,3660,2440,0.2
00400917,唐山蓝欣欧洲灰玻优等品,004,色玻,4.2,3660,2250,0.2
00400916,唐山蓝欣欧洲灰玻优等品,004,色玻,4.2,3660,2140,0.2
00400915,唐山蓝欣欧洲灰玻优等品,004,色玻,4,3660,2440,0.2
00400914,唐山蓝欣欧洲灰玻优等品,004,色玻,3.9,3660,2440,0.2
00400913,唐山蓝欣欧洲灰玻优等品,004,色玻,3.8,3660,2440,0.2
00400912,唐山蓝欣欧洲灰玻优等品,004,色玻,3.8,3660,2250,0.2
00400911,唐山蓝欣欧洲灰玻优等品,004,色玻,3.8,3660,2140,0.2
00400910,唐山蓝欣欧洲灰玻优等品,004,色玻,3.8,2440,2100,0.2
00400909,唐山蓝欣欧洲灰玻优等品,004,色玻,3.8,2440,1560,0.2
00400908,唐山蓝欣欧洲灰玻混装品,004,色玻,7.5,3660,2550,0.2
00400907,唐山蓝欣欧洲灰玻混装品,004,色玻,7.5,3660,2250,0.2
00400906,唐山蓝欣欧洲灰玻混装品,004,色玻,7.2,3660,2440,0.2
00400905,唐山蓝欣欧洲灰玻混装品,004,色玻,7.2,3660,2140,0.2
00400904,唐山蓝欣欧洲灰玻混装品,004,色玻,6,3660,2440,0.2
00400903,唐山蓝欣欧洲灰玻混装品,004,色玻,5,3660,2440,0.2
00400902,唐山蓝欣欧茶镀膜,004,色玻,4,2440,1830,0.2
00400901,唐山蓝欣欧茶镀膜优等品,004,色玻,4.6,2440,1830,0.2
00400900,唐山蓝欣欧茶镀膜优等品,004,色玻,4.5,3300,2140,0.2
00400899,唐山蓝欣欧茶镀膜优等品,004,色玻,4,2440,1830,0.2
00400898,唐山蓝欣欧茶镀膜混装品,004,色玻,5,2440,1830,0.2
00400897,唐山蓝欣欧茶镀膜混装品,004,色玻,4.6,2440,1830,0.2
00400896,唐山蓝欣欧茶镀膜混装品,004,色玻,4,3300,2250,0.2
00400895,唐山蓝欣欧茶镀膜混装品,004,色玻,4,2440,1830,0.2
00400894,唐山蓝欣欧茶镀膜混装品,004,色玻,4,1650,2250,0.2
00400893,唐山蓝欣欧茶玻混装品,004,色玻,4.5,3660,2440,0.2
00400892,唐山蓝欣欧茶玻优等品,004,色玻,8,3660,2440,0.2
00400891,唐山蓝欣欧茶玻优等品,004,色玻,7.2,3660,2440,0
00400890,唐山蓝欣欧茶玻优等品,004,色玻,6,3660,2440,0.2
00400889,唐山蓝欣欧茶玻优等品,004,色玻,5,3660,2440,0.2
00400888,唐山蓝欣欧茶玻优等品,004,色玻,4.5,3660,2440,0.2
00400887,唐山蓝欣欧茶玻优等品,004,色玻,4.3,3660,2440,0.2
00400886,唐山蓝欣欧茶玻优等品,004,色玻,4.2,3660,2440,0.2
00400885,唐山蓝欣欧茶玻优等品,004,色玻,4,3660,2440,0.2
00400884,唐山蓝欣欧茶玻优等品,004,色玻,4,2440,1830,0.2
00400883,唐山蓝欣欧茶玻优等品,004,色玻,6.7,3660,2440,0.2
00400882,唐山蓝欣金茶玻优等品,004,色玻,8,3660,2440,0.2
00400881,唐山蓝欣金茶玻优等品,004,色玻,6,3660,2440,0.2
00400880,唐山蓝欣金茶玻优等品,004,色玻,5,3660,2440,0.2
00400879,唐山蓝欣金茶玻优等品,004,色玻,4.5,3660,2440,0.2
00400878,唐山蓝欣金茶玻优等品,004,色玻,4.5,2440,1830,0.2
00400877,唐山蓝欣金茶玻优等品,004,色玻,4.3,3660,2440,0.2
00400876,唐山蓝欣金茶玻优等品,004,色玻,3.9,3660,2440,0.2
00400875,唐山蓝欣福特蓝原片优等品,004,色玻,8,3660,2440,0.2
00400874,唐山蓝欣福特蓝原片优等品,004,色玻,6,3660,2600,0.2
00400873,唐山蓝欣福特蓝原片优等品,004,色玻,6,3660,2440,0.2
00400872,唐山蓝欣福特蓝原片优等品,004,色玻,6,3660,2140,0.2
00400871,唐山蓝欣福特蓝原片优等品,004,色玻,5,3660,2440,0.2
00400870,唐山蓝欣福特蓝原片优等品,004,色玻,5,3660,2140,0.2
00400869,唐山蓝欣福特蓝原片优等品,004,色玻,4.5,3660,2440,0.2
00400868,唐山蓝欣福特蓝原片优等品,004,色玻,4.5,3660,2140,0.2
00400867,唐山蓝欣福特蓝原片优等品,004,色玻,4.3,3660,2440,0.2
00400866,唐山蓝欣福特蓝原片混装品,004,色玻,8,3660,2440,0.2
00400865,唐山蓝欣福特蓝原片混装品,004,色玻,5,3660,2440,0.2
00400864,唐山蓝欣福特蓝原片混装品,004,色玻,5,3660,2140,0.2
00400863,唐山蓝欣福特蓝原片混装品,004,色玻,4.5,3660,2440,0.2
00400862,唐山蓝欣福特蓝原片混装品,004,色玻,4.5,3660,2140,0.2
00400861,唐山蓝欣福特蓝镀膜优等品,004,色玻,8,3660,2800,0.2
00400860,唐山蓝欣福特蓝镀膜优等品,004,色玻,8,3660,2600,0.2
00400859,唐山蓝欣福特蓝镀膜优等品,004,色玻,8,3660,2440,0.2
00400858,唐山蓝欣福特蓝镀膜优等品,004,色玻,8,3660,2250,0.2
00400857,唐山蓝欣福特蓝镀膜优等品,004,色玻,8,3660,2140,0.2
00400856,唐山蓝欣福特蓝镀膜优等品,004,色玻,7.7,3660,2440,0.2
00400855,唐山蓝欣福特蓝镀膜优等品,004,色玻,6,3660,2800,0.2
00400854,唐山蓝欣福特蓝镀膜优等品,004,色玻,6,3660,2740,0.2
00400853,唐山蓝欣福特蓝镀膜优等品,004,色玻,6,3660,2600,0.2
00400852,唐山蓝欣福特蓝镀膜优等品,004,色玻,6,3660,2440,0.2
00400851,唐山蓝欣福特蓝镀膜优等品,004,色玻,6,3660,2140,0.2
00400850,唐山蓝欣福特蓝镀膜优等品,004,色玻,6,2440,1830,0.2
00400849,唐山蓝欣福特蓝镀膜优等品,004,色玻,5,3660,2800,0.2
00400848,唐山蓝欣福特蓝镀膜优等品,004,色玻,5,3660,2740,0.2
00400847,唐山蓝欣福特蓝镀膜优等品,004,色玻,5,3660,2600,0.2
00400846,唐山蓝欣福特蓝镀膜优等品,004,色玻,5,3660,2440,0.2
00400845,唐山蓝欣福特蓝镀膜优等品,004,色玻,5,3660,2140,0.2
00400844,唐山蓝欣福特蓝镀膜优等品,004,色玻,5,3300,2440,0.2
00400843,唐山蓝欣福特蓝镀膜优等品,004,色玻,5,3300,2140,0.2
00400842,唐山蓝欣福特蓝镀膜优等品,004,色玻,4.5,3660,2800,0.2
00400841,唐山蓝欣福特蓝镀膜优等品,004,色玻,4.5,3660,2740,0.2
00400840,唐山蓝欣福特蓝镀膜优等品,004,色玻,4.5,3660,2600,0.2
00400839,唐山蓝欣福特蓝镀膜优等品,004,色玻,4.5,3660,2440,0.2
00400838,唐山蓝欣福特蓝镀膜优等品,004,色玻,4.5,3660,2140,0.2
00400837,唐山蓝欣福特蓝镀膜优等品,004,色玻,4.5,2440,1950,0.2
00400836,唐山蓝欣福特蓝镀膜优等品,004,色玻,4.5,2440,1830,0.2
00400835,唐山蓝欣福特蓝镀膜优等品,004,色玻,4.5,2440,1710,0.2
00400834,唐山蓝欣福特蓝镀膜优等品,004,色玻,4.3,3660,2800,0.2
00400833,唐山蓝欣福特蓝镀膜优等品,004,色玻,4.3,3660,2600,0.2
00400832,唐山蓝欣福特蓝镀膜优等品,004,色玻,4.3,3660,2440,0.2
00400831,唐山蓝欣福特蓝镀膜优等品,004,色玻,4.3,3660,2140,0.2
00400830,唐山蓝欣福特蓝镀膜优等品,004,色玻,4.3,2440,1950,0.2
00400829,唐山蓝欣福特蓝镀膜优等品,004,色玻,4.3,2440,1830,0.2
00400828,唐山蓝欣福特蓝镀膜优等品,004,色玻,4.3,2440,1710,0.2
00400827,唐山蓝欣福特蓝镀膜混装品,004,色玻,8,3660,2600,0.2
00400826,唐山蓝欣福特蓝镀膜混装品,004,色玻,8,3660,2440,0.2
00400825,唐山蓝欣福特蓝镀膜混装品,004,色玻,6,3660,2800,0.2
00400824,唐山蓝欣福特蓝镀膜混装品,004,色玻,6,3660,2740,0.2
00400823,唐山蓝欣福特蓝镀膜混装品,004,色玻,6,3660,2600,0.2
00400822,唐山蓝欣福特蓝镀膜混装品,004,色玻,6,3660,2440,0.2
00400821,唐山蓝欣福特蓝镀膜混装品,004,色玻,6,3660,2140,0.2
00400820,唐山蓝欣福特蓝镀膜混装品,004,色玻,5,3660,2800,0.2
00400819,唐山蓝欣福特蓝镀膜混装品,004,色玻,5,3660,2740,0.2
00400818,唐山蓝欣福特蓝镀膜混装品,004,色玻,5,3660,2600,0.2
00400817,唐山蓝欣福特蓝镀膜混装品,004,色玻,5,3660,2440,0.2
00400816,唐山蓝欣福特蓝镀膜混装品,004,色玻,5,3660,2140,0.2
00400815,唐山蓝欣福特蓝镀膜混装品,004,色玻,4.5,3660,2800,0.2
00400814,唐山蓝欣福特蓝镀膜混装品,004,色玻,4.5,3660,2600,0.2
00400813,唐山蓝欣福特蓝镀膜混装品,004,色玻,4.5,3660,2440,0.2
00400812,唐山蓝欣福特蓝镀膜混装品,004,色玻,4.5,3660,2140,0.2
00400811,唐山蓝欣福特蓝镀膜混装品,004,色玻,4.3,3660,2600,0.2
00400810,唐山蓝欣福特蓝镀膜混装品,004,色玻,4.3,3660,2440,0.2
00400809,唐山蓝欣福特蓝镀膜混装品,004,色玻,4.3,3660,2140,0.2
00400808,唐山蓝欣宝石蓝原片优等品,004,色玻,5,3300,2440,0.2
00400807,唐山蓝欣宝石蓝原片优等品,004,色玻,5,3300,2140,0.2
00400806,唐山蓝欣宝石蓝原片混装品,004,色玻,5,3300,2440,0.2
00400805,唐山蓝欣宝石蓝镀膜优等品,004,色玻,5,3660,2440,0.2
00400804,唐山蓝欣宝石蓝镀膜优等品,004,色玻,4.5,3660,2440,0.2
00400803,唐山蓝欣宝石蓝镀膜优等品,004,色玻,4,2440,1830,0.2
00400802,唐山蓝欣宝石蓝镀膜混装品,004,色玻,4,2440,1830,0.2
00400801,唐山蓝欣F绿原片,004,色玻,8,3660,2440,0.2
00400800,唐山蓝欣F绿原片,004,色玻,6,3660,2440,0.2
00400799,唐山蓝欣F绿原片,004,色玻,5,3660,2440,0.2
00400798,唐山蓝欣F绿原片,004,色玻,4.5,3660,2440,0.2
00400797,唐山蓝欣F绿镀膜,004,色玻,6,3660,2440,0.2
00400796,唐山蓝欣F绿镀膜,004,色玻,5,3660,2440,0.2
00400795,唐山蓝欣F绿镀膜,004,色玻,5,3660,2140,0.2
00400794,唐山蓝欣F绿镀膜,004,色玻,4.5,3660,2440,0.2
00400793,圣戈班黑玻10系,004,色玻,4.7,3660,2440,0.2
00400792,圣戈班黑玻10系,004,色玻,4.5,3660,2440,0.2
00400791,圣戈班黑玻10系,004,色玻,4.5,2440,1830,0.2
00400790,圣戈班F绿过渡板,004,色玻,3.5,3300,2440,0
00400789,圣戈班F绿过渡板,004,色玻,3.5,2440,1830,0
00400788,三峡欧洲灰原片优等品,004,色玻,7,3660,2440,0
00400787,三峡欧洲灰原片优等品,004,色玻,7,3660,2250,0
00400786,三峡欧洲灰原片优等品,004,色玻,6.8,3660,2440,0
00400785,三峡欧洲灰原片优等品,004,色玻,6.8,3660,2280,0
00400784,三峡欧洲灰原片混装品,004,色玻,6.8,3660,2440,0
00400783,三峡欧洲灰原片混装品,004,色玻,6.8,3660,2250,0
00400782,三峡欧洲灰原片混装品,004,色玻,6.8,3660,2140,0
00400781,三峡欧洲灰原片过度后段,004,色玻,6.5,3660,2250,0
00400780,曲靖海生福特蓝镀膜优质加工级,004,色玻,4.3,2440,1950,0
00400779,曲靖海生福特蓝镀膜优质加工级,004,色玻,4.3,2440,1830,0
00400778,曲靖海生福特蓝镀膜普通级,004,色玻,4.3,2440,1950,0
00400777,曲靖海生福特蓝镀膜普通级,004,色玻,4.3,2440,1830,0
00400776,曲靖海生福特蓝玻优质加工级,004,色玻,4.3,2440,1950,0
00400775,秦皇岛耀华深灰玻,004,色玻,5,3660,2440,0.2
00400774,秦皇岛耀华欧洲灰玻优等品,004,色玻,12,3660,2440,0
00400773,秦皇岛耀华欧洲灰玻优等品,004,色玻,10,3660,2440,0.2
00400772,秦皇岛耀华欧洲灰玻优等品,004,色玻,7.8,3660,2440,0.2
00400771,秦皇岛耀华欧洲灰玻优等品,004,色玻,7.3,3660,2440,0.2
00400770,秦皇岛耀华欧洲灰玻优等品,004,色玻,3.9,3660,2440,0.2
00400769,秦皇岛耀华欧洲灰玻优等品,004,色玻,8,3660,2250,0.2
00400768,秦皇岛耀华金茶玻,004,色玻,7,3660,2440,0.2
00400767,秦皇岛耀华金茶玻,004,色玻,5,3660,2440,0.1
00400766,秦皇岛耀华金茶玻,004,色玻,4.5,3660,2440,0.2
00400765,秦皇岛耀华F绿原片混装品,004,色玻,8,3660,2140,0.2
00400764,秦皇岛耀华F绿玻普通级,004,色玻,8,3660,2440,0.2
00400763,秦皇岛耀华F绿玻普通级,004,色玻,8,3300,2140,0
00400762,秦皇岛耀华F绿玻普通级,004,色玻,6,3660,2440,0
00400761,秦皇岛耀华F绿玻普通级,004,色玻,5,3660,2440,0.2
00400760,秦皇岛深灰原片优等品,004,色玻,5,3660,2440,0
00400759,秦皇岛深灰玻,004,色玻,8,3660,2140,0.2
00400758,秦皇岛浅灰玻,004,色玻,4.5,3660,2440,0.2
00400757,秦皇岛欧洲灰原片优等品,004,色玻,7.5,3660,2440,0.2
00400756,秦皇岛欧洲灰原片优等品,004,色玻,7.3,3660,2440,0.2
00400755,秦皇岛欧洲灰原片优等品,004,色玻,5,3660,2440,0.2
00400754,秦皇岛欧洲灰原片优等品,004,色玻,4.5,3660,2440,0.2
00400753,秦皇岛欧洲灰原片优等品,004,色玻,4.3,3660,2440,0.2
00400752,秦皇岛欧洲灰原片优等品,004,色玻,4.3,2440,1830,0.2
00400751,秦皇岛欧州灰镀膜,004,色玻,4.6,3300,2440,0.2
00400750,秦皇岛欧茶玻,004,色玻,5,3660,2440,0.2
00400749,秦皇岛欧茶玻,004,色玻,4.5,3660,2440,0.2
00400748,秦皇岛蓝灰原片优等品,004,色玻,8,3660,2440,0.2
00400747,秦皇岛蓝灰原片优等品,004,色玻,6,3660,2440,0.2
00400746,秦皇岛蓝灰原片优等品,004,色玻,5,3660,2440,0.2
00400745,秦皇岛蓝灰原片优等品,004,色玻,4.5,3660,2440,0.2
00400744,秦皇岛蓝灰原片混装品,004,色玻,5,3660,2440,0.2
00400743,秦皇岛蓝灰原片混装品,004,色玻,4.5,3660,2440,0
00400742,秦皇岛蓝灰镀膜优等品,004,色玻,8,3660,2440,0.2
00400741,秦皇岛蓝灰镀膜优等品,004,色玻,6,3660,2440,0.2
00400740,秦皇岛蓝灰镀膜优等品,004,色玻,5,3660,2440,0.2
00400739,秦皇岛蓝灰镀膜优等品,004,色玻,5,2440,1830,0.2
00400738,秦皇岛蓝灰镀膜优等品,004,色玻,4.5,3660,2440,0
00400737,秦皇岛蓝灰镀膜优等品,004,色玻,4.5,2440,1830,0
00400736,秦皇岛蓝灰镀膜混装品,004,色玻,6,3660,2440,0.2
00400735,秦皇岛蓝灰镀膜混装品,004,色玻,5,3660,2440,0
00400734,秦皇岛蓝灰镀膜混装品,004,色玻,4.5,3660,2440,0
00400733,秦皇岛蓝灰玻优等品,004,色玻,6,3660,2440,0
00400732,秦皇岛蓝灰玻混装品,004,色玻,5,3660,2440,0.2
00400731,秦皇岛金茶玻优等品,004,色玻,5,3660,2140,0.2
00400730,秦皇岛金茶玻优等品,004,色玻,3.9,3660,2440,0.2
00400729,秦皇岛金茶原片混装品,004,色玻,5,3660,2440,0.2
00400728,秦皇岛金茶玻优等品,004,色玻,8,3660,2440,0.2
00400727,秦皇岛金茶玻优等品,004,色玻,8,2440,1830,0.2
00400726,秦皇岛金茶玻优等品,004,色玻,7.3,3660,2440,0.2
00400725,秦皇岛金茶玻优等品,004,色玻,5,3660,2440,0.2
00400724,秦皇岛金茶玻优等品,004,色玻,5,2440,1830,0.2
00400723,秦皇岛金茶玻优等品,004,色玻,4.5,3660,2440,0.2
00400722,秦皇岛金茶玻优等品,004,色玻,4.5,2440,1830,0.2
00400721,秦皇岛金茶玻优等品,004,色玻,4.3,3660,2440,0.2
00400720,秦皇岛金茶玻优等品,004,色玻,4.3,2440,1830,0.2
00400719,秦皇岛黄金镀膜优等品,004,色玻,8,3660,2440,0.2
00400718,秦皇岛黄金镀膜优等品,004,色玻,6,3660,2440,0.2
00400717,秦皇岛黄金镀膜优等品,004,色玻,5,3660,2440,0.2
00400716,秦皇岛福特蓝原片优等品,004,色玻,5,3660,2440,0.2
00400715,秦皇岛福特蓝原片优等品,004,色玻,4.5,3660,2440,0.2
00400714,秦皇岛福特蓝原片混装品,004,色玻,5,3660,2440,0
00400713,秦皇岛福特蓝原片混装品,004,色玻,4.5,3660,2440,0
00400712,秦皇岛福特蓝原片混装品,004,色玻,5,2440,1830,0
00400711,秦皇岛福特蓝镀膜优等品,004,色玻,8,3660,2440,0.2
00400710,秦皇岛福特蓝镀膜优等品,004,色玻,6,3660,2440,0.2
00400709,秦皇岛福特蓝镀膜优等品,004,色玻,5,3660,2440,0.2
00400708,秦皇岛福特蓝镀膜优等品,004,色玻,5,3660,2140,0.2
00400707,秦皇岛福特蓝镀膜优等品,004,色玻,4.5,3660,2440,0.2
00400706,秦皇岛福特蓝镀膜优等品,004,色玻,4.5,3660,2140,0.2
00400705,秦皇岛福特蓝镀膜优等品,004,色玻,4.5,2440,1830,0.2
00400704,秦皇岛福特蓝镀膜混装品,004,色玻,5,3660,2440,0.2
00400703,秦皇岛福特蓝镀膜混装品,004,色玻,5,3660,2140,0.2
00400702,秦皇岛福特蓝镀膜混装品,004,色玻,4.5,3660,2440,0.2
00400701,秦皇岛福特蓝镀膜混装品,004,色玻,4.5,3660,2140,0.2
00400700,秦皇岛福特蓝镀膜混装品,004,色玻,4.5,2440,1830,0
00400699,秦皇岛福特蓝镀膜混装品,004,色玻,4.5,2440,1830,0.2
00400698,秦皇岛奥华F绿玻混装品,004,色玻,8,3660,2140,0.2
00400697,秦皇岛奥华F绿玻混装品,004,色玻,8,3300,2140,0.2
00400696,秦皇岛F绿玻优等品,004,色玻,6,3660,2440,0.2
00400695,秦皇岛F绿玻优等品,004,色玻,5,3660,2440,0.2
00400694,浅绿玻,004,色玻,4.8,3660,2440,0
00400693,旗滨自然绿镀膜,004,色玻,3.5,2440,1900,0.2
00400692,旗滨欧洲灰原片优等品,004,色玻,4.2,3660,2440,0
00400691,旗滨蓝星灰KN,004,色玻,5,3660,2440,0
00400690,旗滨蓝星灰KN,004,色玻,5,3660,2140,0
00400689,旗滨海洋蓝原片优等品,004,色玻,8,3660,2440,0.2
00400688,旗滨海洋蓝原片优等,004,色玻,8,3660,2440,0.2
00400687,旗滨海洋蓝原片优等,004,色玻,6,3660,2440,0.2
00400686,旗滨海洋蓝镀膜优等,004,色玻,6,3660,2440,0.2
00400685,旗滨蓝星灰镀膜,004,色玻,6,3660,2440,0.2
00400684,濮阳中建材F绿加工级,004,色玻,6,3660,2180,0
00400683,濮阳中建材F绿加工级,004,色玻,6,3660,2140,0
00400682,濮阳中建材F绿加工级,004,色玻,6,3300,2560,0
00400681,濮阳中建材F绿定制级,004,色玻,6,3300,2440,0
00400680,濮阳中建材F绿定制级,004,色玻,6,3050,2440,0
00400679,内蒙古玉晶福特蓝镀膜优等,004,色玻,5,3660,2440,0
00400678,绿玻协议品,004,色玻,4.4,2440,1830,0
00400677,龙泰银白膜,004,色玻,5,3660,2440,0
00400676,龙泰金茶玻客户定制级,004,色玻,4.3,3660,2440,0
00400675,龙泰过渡色优等品,004,色玻,4.5,3660,2440,0
00400674,龙泰福特蓝原片客户定制级,004,色玻,4.5,2440,1830,0
00400673,龙泰福特蓝原片客户定制级,004,色玻,4.3,2440,1830,0
00400672,龙泰定制蓝原片优等品,004,色玻,5,3660,2440,0
00400671,龙泰定制蓝原片混装品,004,色玻,5,3660,2440,0
00400670,龙泰定制蓝玻普通级,004,色玻,4.3,3660,2440,0
00400669,临沂中玻在线阳光膜定制灰,004,色玻,6,3660,2440,0
00400668,临沂中玻在线阳光膜定制灰,004,色玻,4.5,3660,2440,0
00400667,临沂中玻银白膜优等品,004,色玻,5,3660,2440,0
00400666,临沂中玻银白膜优等品,004,色玻,5,3300,2140,0
00400665,临沂中玻欧洲灰玻优质加工级,004,色玻,7.5,2440,2100,0
00400664,临沂中玻欧洲灰玻优质加工级,004,色玻,7.5,3660,2440,0
00400663,临沂中玻欧洲灰玻优质加工级,004,色玻,5,3660,2440,0
00400662,临沂中玻欧洲灰玻优质加工级,004,色玻,5,3300,2440,0
00400661,临沂中玻欧洲灰原片普通级,004,色玻,7.5,2440,2100,0
00400660,临沂中玻欧洲灰原片普通级,004,色玻,5,3660,2440,0
00400659,临沂中玻欧洲灰原片普通级,004,色玻,3.8,3660,2140,0
00400658,临沂中玻欧洲灰原片混装品,004,色玻,8,3660,2740,0
00400657,临沂中玻欧洲灰原片混装品,004,色玻,8,3660,2440,0
00400656,临沂中玻欧洲灰原片客户定制,004,色玻,7.5,3660,2440,0
00400655,临沂中玻欧洲灰原片客户定制,004,色玻,7.5,3660,2140,0
00400654,临沂中玻欧洲灰原片客户定制,004,色玻,7.2,3660,2440,0
00400653,临沂中玻欧洲灰镀膜优质加工级,004,色玻,6,3660,2440,0
00400652,临沂中玻欧洲灰镀膜优质加工级,004,色玻,5,3660,2440,0
00400651,临沂中玻欧洲灰镀膜优质加工级,004,色玻,5,3660,2140,0
00400650,临沂中玻欧洲灰镀膜优质加工级,004,色玻,6,3660,2140,0
00400649,临沂中玻欧洲灰镀膜优质加工级,004,色玻,4.5,3660,2440,0
00400648,临沂中玻欧洲灰镀膜优质加工级,004,色玻,4.5,2440,1830,0
00400647,临沂中玻欧洲灰镀膜定制,004,色玻,4.5,3660,2440,0
00400646,临沂中玻欧洲灰玻优质加工级,004,色玻,9.7,3660,2440,0
00400645,临沂中玻欧洲灰玻优质加工级,004,色玻,8,3660,2440,0
00400644,临沂中玻欧洲灰玻优质加工级,004,色玻,7.7,3660,2440,0
00400643,临沂中玻欧洲灰玻优质加工级,004,色玻,7.7,3660,2140,0
00400642,临沂中玻欧洲灰玻优质加工级,004,色玻,7.5,3660,2250,0
00400641,临沂中玻欧洲灰玻优质加工级,004,色玻,7.2,3660,2440,0
00400640,临沂中玻欧洲灰玻优质加工级,004,色玻,7.2,3660,2250,0
00400639,临沂中玻欧洲灰玻优质加工级,004,色玻,7.2,2440,2100,0
00400638,临沂中玻欧洲灰玻优质加工级,004,色玻,6,3660,2740,0
00400637,临沂中玻欧洲灰玻优质加工级,004,色玻,6,3660,2600,0
00400636,临沂中玻欧洲灰玻优质加工级,004,色玻,6,3660,2440,0
00400635,临沂中玻欧洲灰玻优质加工级,004,色玻,6,3660,2140,0
00400634,临沂中玻欧洲灰玻优质加工级,004,色玻,6,3300,2140,0
00400633,临沂中玻欧洲灰玻优质加工级,004,色玻,4.5,3660,2440,0
00400632,临沂中玻欧洲灰玻优质加工级,004,色玻,4.3,3660,2440,0
00400631,临沂中玻欧洲灰玻优质加工级,004,色玻,4.3,2440,2100,0
00400630,临沂中玻欧洲灰玻优质加工级,004,色玻,4.3,2440,1830,0
00400629,临沂中玻欧洲灰玻优质加工级,004,色玻,4.2,3660,2440,0
00400628,临沂中玻欧洲灰玻优质加工级,004,色玻,4.2,2440,2100,0
00400627,临沂中玻欧洲灰玻优质加工级,004,色玻,4.2,2440,1830,0
00400626,临沂中玻欧洲灰玻优质加工级,004,色玻,3.8,3660,2440,0.2
00400625,临沂中玻欧洲灰玻优质加工级,004,色玻,3.8,3660,2250,0
00400624,临沂中玻欧洲灰玻普通级,004,色玻,8,3660,2440,0
00400623,临沂中玻欧洲灰玻普通级,004,色玻,6,3660,2440,0
00400622,临沂中玻欧洲灰玻普通级,004,色玻,4.5,3660,2440,0
00400621,临沂中玻欧洲灰玻普通级,004,色玻,4.5,3660,1950,0
00400620,临沂中玻欧洲灰玻普通级,004,色玻,4.5,2440,1830,0
00400619,临沂中玻欧洲灰玻普通级,004,色玻,4.4,2440,1830,0
00400618,临沂中玻欧洲灰玻客户定制,004,色玻,8,3660,2440,0
00400617,临沂中玻欧洲灰玻客户定制,004,色玻,7.7,3660,2440,0
00400616,临沂中玻欧洲灰玻客户定制,004,色玻,7.7,3660,2280,0
00400615,临沂中玻欧洲灰玻客户定制,004,色玻,7.7,3660,2250,0
00400614,临沂中玻欧洲灰玻客户定制,004,色玻,7.7,3660,2140,0
00400613,临沂中玻欧洲灰玻客户定制,004,色玻,7,3660,2440,0
00400612,临沂中玻欧洲灰玻客户定制,004,色玻,7,3660,2140,0
00400611,临沂中玻欧洲灰玻客户定制,004,色玻,6,3660,2600,0
00400610,临沂中玻欧洲灰玻客户定制,004,色玻,6,3660,2280,0
00400609,临沂中玻欧洲灰玻客户定制,004,色玻,6,3660,2140,0
00400608,临沂中玻欧洲灰玻客户定制,004,色玻,6,3600,2600,0
00400607,临沂中玻欧洲灰玻客户定制,004,色玻,6,3300,2740,0
00400606,临沂中玻欧洲灰玻客户定制,004,色玻,4.3,3660,2440,0
00400605,临沂中玻欧洲灰玻客户定制,004,色玻,3.9,3660,2440,0
00400604,临沂中玻蓝星灰原片优质加工级,004,色玻,8,3660,2440,0.2
00400603,临沂中玻蓝星灰原片优质加工级,004,色玻,6,3660,2600,0
00400602,临沂中玻蓝星灰原片优质加工级,004,色玻,6,3660,2600,0.2
00400601,临沂中玻蓝星灰原片优质加工级,004,色玻,6,3660,2440,0
00400600,临沂中玻蓝星灰原片优质加工级,004,色玻,6,3660,2440,0.2
00400599,临沂中玻蓝星灰原片优质加工级,004,色玻,6,3660,2140,0
00400598,临沂中玻蓝星灰原片优质加工级,004,色玻,6,2440,2000,0
00400597,临沂中玻蓝星灰原片优质加工级,004,色玻,5,3660,2600,0
00400596,临沂中玻蓝星灰原片优质加工级,004,色玻,5,3660,2440,0.2
00400595,临沂中玻蓝星灰原片优质加工级,004,色玻,5,3660,2280,0
00400594,临沂中玻蓝星灰原片优质加工级,004,色玻,4.5,3660,2440,0.2
00400593,临沂中玻蓝星灰原片优质加工级,004,色玻,4.5,3660,2440,0
00400592,临沂中玻蓝星灰原片优质加工级,004,色玻,4.4,3660,2440,0
00400591,临沂中玻蓝星灰原片优质加工级,004,色玻,4.4,3660,2080,0
00400590,临沂中玻蓝星灰原片客户定制级,004,色玻,4.4,3660,2280,0
00400589,临沂中玻蓝星灰原片混装品,004,色玻,4.4,3660,2600,0
00400588,临沂中玻蓝星灰原片混装品,004,色玻,4.4,3660,2280,0
00400587,临沂中玻蓝星灰原片混装品,004,色玻,4.4,3660,2080,0
00400586,临沂中玻蓝星灰镀膜优等品,004,色玻,8,3660,2660,0
00400585,临沂中玻蓝星灰镀膜优等品,004,色玻,8,3660,2600,0
00400584,临沂中玻蓝星灰镀膜优等品,004,色玻,8,3660,2440,0
00400583,临沂中玻蓝星灰镀膜优等品,004,色玻,8,3660,2280,0
00400582,临沂中玻蓝星灰镀膜优等品,004,色玻,8,3660,2250,0
00400581,临沂中玻蓝星灰镀膜优等品,004,色玻,6,3660,2600,0.2
00400580,临沂中玻蓝星灰镀膜优等品,004,色玻,6,3660,2440,0.2
00400579,临沂中玻蓝星灰镀膜优等品,004,色玻,6,3660,2280,0
00400578,临沂中玻蓝星灰镀膜优等品,004,色玻,5,3660,2440,0.2
00400577,临沂中玻蓝星灰镀膜优等品,004,色玻,5,3660,2280,0.2
00400576,临沂中玻蓝星灰镀膜优等品,004,色玻,5,3660,2140,0.2
00400575,临沂中玻蓝星灰镀膜优等品,004,色玻,4.5,3660,2440,0.2
00400574,临沂中玻蓝星灰镀膜优等品,004,色玻,4.5,3660,2200,0
00400573,临沂中玻蓝星灰镀膜优等品,004,色玻,4.5,3660,2140,0
00400572,临沂中玻蓝星灰镀膜优等品,004,色玻,4.5,3660,1950,0
00400571,临沂中玻蓝星灰镀膜优等品,004,色玻,4.4,3660,2440,0
00400570,临沂中玻蓝星灰镀膜优等品,004,色玻,4.4,3660,1950,0
00400569,临沂中玻蓝星灰镀膜优等品,004,色玻,4.4,2440,2000,0
00400568,临沂中玻蓝星灰镀膜优等品,004,色玻,4.4,2440,1830,0
00400567,临沂中玻蓝星灰镀膜混装品,004,色玻,4.5,3660,2440,0
00400566,临沂中玻蓝星灰镀膜混装品,004,色玻,4.5,3660,2140,0
00400565,临沂中玻蓝星灰镀膜混装品,004,色玻,4.4,2440,2000,0
00400564,临沂中玻蓝星灰原片普通级,004,色玻,6,3660,2250,0
00400563,临沂中玻蓝星灰原片普通级,004,色玻,5,3660,2600,0
00400562,临沂中玻蓝星灰原片普通级,004,色玻,5,3660,2440,0
00400561,临沂中玻蓝星灰原片普通级,004,色玻,5,3660,2280,0
00400560,临沂中玻蓝星灰原片普通级,004,色玻,5,3660,2140,0
00400559,临沂中玻蓝星灰原片普通级,004,色玻,5,3300,2600,0
00400558,临沂中玻蓝星灰原片普通级,004,色玻,4.4,3660,2280,0
00400557,临沂中玻蓝星灰原片普通级,004,色玻,4.4,3660,2080,0
00400556,临沂中玻蓝星灰玻原片客户定制级,004,色玻,5,3660,2600,0
00400555,临沂中玻蓝星灰玻混装品,004,色玻,5,3660,2440,0.2
00400554,临沂中玻福特蓝原片优等品,004,色玻,5,3660,2440,0.2
00400553,临沂中玻定制欧洲灰原片,004,色玻,4.5,3660,2440,0
00400552,临沂中玻定制欧洲灰原片,004,色玻,4.3,3660,2440,0
00400551,临沂中玻定制欧洲灰原片,004,色玻,6,3660,2440,0
00400550,临沂中玻定制欧洲灰原片,004,色玻,5,3660,2440,0
00400549,临沂中玻定制欧洲灰原片,004,色玻,4.4,3660,2440,0
00400548,临沂中玻定制灰原片优等品,004,色玻,4.4,2440,1830,0
00400547,临沂中玻定制灰客户定制,004,色玻,4.5,2440,1830,0
00400546,醴陵旗滨自然绿镀膜优等品,004,色玻,4.5,3660,2440,0.2
00400545,醴陵旗滨自然绿镀膜优等品,004,色玻,4.5,2440,1830,0.2
00400544,醴陵旗滨蓝星灰镀膜优等品,004,色玻,5,3660,2440,0.2
00400543,醴陵旗滨海洋蓝镀膜优等品,004,色玻,6,3660,2740,0
00400542,醴陵旗滨海洋蓝镀膜优等品,004,色玻,5,3660,2740,0
00400541,醴陵旗滨福特蓝镀膜优等品,004,色玻,8,3660,2800,0
00400540,醴陵旗滨福特蓝镀膜优等品,004,色玻,8,3660,2740,0
00400539,醴陵旗滨福特蓝镀膜优等品,004,色玻,8,3660,2630,0
00400538,醴陵旗滨福特蓝镀膜优等品,004,色玻,8,3660,2440,0
00400537,醴陵旗滨福特蓝镀膜优等品,004,色玻,6,3660,2800,0
00400536,醴陵旗滨福特蓝镀膜优等品,004,色玻,6,3660,2740,0
00400535,醴陵旗滨福特蓝镀膜优等品,004,色玻,6,3660,2630,0
00400534,醴陵旗滨福特蓝镀膜优等品,004,色玻,6,3660,2600,0
00400533,醴陵旗滨福特蓝镀膜优等品,004,色玻,6,3660,2440,0
00400532,醴陵旗滨福特蓝镀膜优等品,004,色玻,6,3660,2250,0
00400531,醴陵旗滨福特蓝镀膜优等品,004,色玻,6,3660,2140,0
00400530,醴陵旗滨福特蓝镀膜优等品,004,色玻,6,3300,2440,0
00400529,醴陵旗滨福特蓝镀膜优等品,004,色玻,5,3660,2740,0
00400528,醴陵旗滨福特蓝镀膜优等品,004,色玻,5,3660,2630,0
00400527,醴陵旗滨福特蓝镀膜优等品,004,色玻,5,3660,2440,0
00400526,醴陵旗滨福特蓝镀膜优等品,004,色玻,5,3660,2250,0
00400525,醴陵旗滨福特蓝镀膜优等品,004,色玻,5,3300,2440,0
00400524,醴陵旗滨福特蓝镀膜优等品,004,色玻,4.5,3660,2740,0
00400523,醴陵旗滨福特蓝镀膜优等品,004,色玻,4.5,3660,2630,0
00400522,醴陵旗滨福特蓝镀膜优等品,004,色玻,4.5,3660,2440,0.2
00400521,醴陵旗滨福特蓝镀膜优等品,004,色玻,4.5,3660,2440,0
00400520,醴陵旗滨福特蓝镀膜优等品,004,色玻,4.3,3660,2440,0
00400519,醴陵旗滨福特蓝镀膜优等品,004,色玻,4.3,2440,1950,0
00400518,醴陵旗滨福特蓝镀膜优等品,004,色玻,4.3,2440,1830,0
00400517,醴陵旗滨福特蓝镀膜优等品,004,色玻,4.3,2440,1710,0
00400516,醴陵旗滨福特蓝镀膜优等品,004,色玻,4.3,2200,1710,0
00400515,醴陵旗滨福特蓝玻优等品,004,色玻,6,3660,2740,0
00400514,醴陵旗滨福特蓝玻优等品,004,色玻,6,3660,2630,0
00400513,醴陵旗滨福特蓝玻优等品,004,色玻,6,3660,2440,0
00400512,醴陵旗滨福特蓝玻优等品,004,色玻,6,3660,2140,0
00400511,醴陵旗滨福特蓝玻优等品,004,色玻,5,3660,2740,0
00400510,醴陵旗滨福特蓝玻优等品,004,色玻,5,3660,2630,0
00400509,醴陵旗滨福特蓝玻优等品,004,色玻,5,3660,2440,0
00400508,醴陵旗滨福特蓝玻优等品,004,色玻,5,3660,2140,0
00400507,醴陵旗滨福特蓝玻优等品,004,色玻,4.5,3660,2440,0
00400506,醴陵旗滨福特蓝玻优等品,004,色玻,4.3,2440,1830,0
00400505,醴陵旗滨翡翠绿镀膜,004,色玻,4.5,3660,2440,0
00400504,醴陵旗滨翡翠绿镀膜,004,色玻,4.5,2440,1830,0
00400503,醴陵旗滨翡翠绿镀膜,004,色玻,4.5,2440,1370,0
00400502,醴陵旗滨翡翠绿玻KN,004,色玻,5,3660,2440,0
00400501,醴陵旗滨翡翠绿玻KN,004,色玻,4.5,3660,2440,0
00400500,醴陵旗滨翡翠绿玻KN,004,色玻,4.5,2440,1950,0
00400499,醴陵旗滨翡翠绿玻KN,004,色玻,4.5,2440,1830,0
00400498,醴陵旗滨翡翠绿玻KN,004,色玻,4.3,3660,2440,0
00400497,醴陵旗滨翡翠绿玻KN,004,色玻,4.3,2440,1950,0
00400496,醴陵旗滨翡翠绿玻KN,004,色玻,4.3,2440,1830,0
00400495,醴陵旗滨绿镀膜优等品,004,色玻,4.5,3660,2440,0.2
00400494,醴陵旗滨绿镀膜优等品,004,色玻,4.5,2440,1830,0.2
00400493,醴陵旗滨绿镀膜优等品,004,色玻,3.5,2440,1900,0.4
00400492,醴陵旗滨绿镀膜优等品,004,色玻,3.5,2440,1830,0.2
00400491,廊坊金彪欧洲灰原片优等品,004,色玻,12,3660,2440,0.2
00400490,廊坊金彪欧洲灰原片优等品,004,色玻,12,3660,2140,0.2
00400489,廊坊金彪欧洲灰原片优等品,004,色玻,10,3660,2800,0.2
00400488,廊坊金彪欧洲灰原片优等品,004,色玻,10,3660,2440,0.2
00400487,廊坊金彪欧洲灰原片优等品,004,色玻,10,3660,2140,0.2
00400486,廊坊金彪欧洲灰原片优等品,004,色玻,8,3660,2440,0.2
00400485,廊坊金彪欧洲灰原片优等品,004,色玻,8,2440,2100,0.2
00400484,廊坊金彪欧洲灰原片优等品,004,色玻,8,2440,1560,0.2
00400483,廊坊金彪欧洲灰原片优等品,004,色玻,7.8,3660,2440,0.2
00400482,廊坊金彪欧洲灰原片优等品,004,色玻,7.8,3660,2250,0.2
00400481,廊坊金彪欧洲灰原片优等品,004,色玻,7.8,2440,2100,0.2
00400480,廊坊金彪欧洲灰原片优等品,004,色玻,7.8,2440,1560,0.2
00400479,廊坊金彪欧洲灰原片优等品,004,色玻,7.3,3660,2440,0.2
00400478,廊坊金彪欧洲灰原片优等品,004,色玻,7.2,3660,2440,0.2
00400477,廊坊金彪欧洲灰原片优等品,004,色玻,7,3660,2440,0.2
00400476,廊坊金彪欧洲灰原片优等品,004,色玻,7,3660,2250,0.2
00400475,廊坊金彪欧洲灰原片优等品,004,色玻,6,3660,2440,0.2
00400474,廊坊金彪欧洲灰原片优等品,004,色玻,5,3660,2440,0.2
00400473,廊坊金彪欧洲灰原片优等品,004,色玻,5,3660,1500,0
00400472,廊坊金彪欧洲灰原片优等品,004,色玻,5,3300,2440,0
00400471,廊坊金彪欧洲灰原片优等品,004,色玻,5,3300,1600,0
00400470,廊坊金彪欧洲灰原片优等品,004,色玻,5,3300,1490,0
00400469,廊坊金彪欧洲灰原片优等品,004,色玻,5,2440,1830,0.2
00400468,廊坊金彪欧洲灰原片优等品,004,色玻,4.5,3660,2440,0.2
00400467,廊坊金彪欧洲灰原片优等品,004,色玻,4.5,2440,2000,0.2
00400466,廊坊金彪欧洲灰原片优等品,004,色玻,4.5,2440,1830,0.2
00400465,廊坊金彪欧洲灰原片优等品,004,色玻,4.5,2440,1660,0.2
00400464,廊坊金彪欧洲灰原片优等品,004,色玻,4.4,3660,2440,0.2
00400463,廊坊金彪欧洲灰原片优等品,004,色玻,4,3660,2140,0.2
00400462,廊坊金彪欧洲灰原片优等品,004,色玻,4,3300,2440,0
00400461,廊坊金彪欧洲灰原片优等品,004,色玻,4,3300,2250,0.2
00400460,廊坊金彪欧洲灰原片优等品,004,色玻,4,3300,2140,0.2
00400459,廊坊金彪欧洲灰原片优等品,004,色玻,4,2440,2100,0.2
00400458,廊坊金彪欧洲灰原片优等品,004,色玻,4,2440,1560,0.2
00400457,廊坊金彪欧洲灰原片优等品,004,色玻,3.9,3660,2440,0.2
00400456,廊坊金彪欧洲灰玻建筑级,004,色玻,5,3660,1490,0
00400455,廊坊金彪欧洲灰玻,004,色玻,12,3660,2800,0.2
00400454,廊坊金彪欧洲灰玻,004,色玻,8,3660,2140,0
00400453,廊坊金彪欧洲灰玻,004,色玻,6,3300,2140,0
00400452,廊坊金彪欧洲灰玻,004,色玻,4,3300,2140,0
00400451,廊坊金彪欧茶玻优等品,004,色玻,12,3660,2440,0.2
00400450,廊坊金彪欧茶玻优等品,004,色玻,10,3660,2440,0.2
00400449,廊坊金彪欧茶玻优等品,004,色玻,8,3660,2440,0.2
00400448,廊坊金彪欧茶玻优等品,004,色玻,7.5,3660,2440,0.2
00400447,廊坊金彪欧茶玻优等品,004,色玻,7.2,3660,2440,0.2
00400446,廊坊金彪欧茶玻优等品,004,色玻,6,3660,2440,0.2
00400445,廊坊金彪欧茶玻优等品,004,色玻,6,3660,2440,0
00400444,廊坊金彪欧茶玻优等品,004,色玻,5,3660,2440,0.2
00400443,廊坊金彪欧茶玻优等品,004,色玻,5,3300,2440,0
00400442,廊坊金彪欧茶玻优等品,004,色玻,5,2440,1830,0.2
00400441,廊坊金彪欧茶玻优等品,004,色玻,4.5,3660,2440,0.2
00400440,廊坊金彪欧茶玻优等品,004,色玻,4.5,2440,1830,0.2
00400439,廊坊金彪欧茶玻优等品,004,色玻,4.3,3660,2440,0.2
00400438,廊坊金彪欧茶玻优等品,004,色玻,4,3660,2440,0.2
00400437,廊坊金彪欧茶玻优等品,004,色玻,4,3660,2140,0
00400436,廊坊金彪欧茶玻优等品,004,色玻,4,3300,2440,0
00400435,廊坊金彪欧茶玻优等品,004,色玻,4,3300,2250,0.2
00400434,廊坊金彪欧茶玻优等品,004,色玻,4,3300,2140,0.2
00400433,廊坊金彪欧茶玻,004,色玻,8,3660,2140,0.2
00400432,廊坊金彪欧茶玻,004,色玻,8,3300,2440,0.2
00400431,廊坊金彪欧茶玻,004,色玻,8,3300,2140,0
00400430,廊坊金彪欧茶玻,004,色玻,6,3300,2140,0
00400429,廊坊金彪欧茶玻,004,色玻,5,3660,2800,0.2
00400428,廊坊金彪欧茶玻,004,色玻,5,3300,2440,0.2
00400427,廊坊金彪欧茶玻,004,色玻,5,3300,2140,0.2
00400426,廊坊金彪欧茶玻,004,色玻,4,3300,2140,0
00400425,廊坊金彪金茶玻,004,色玻,12,3660,2440,0.2
00400424,廊坊金彪金茶玻,004,色玻,10,3660,2800,0.2
00400423,廊坊金彪金茶玻,004,色玻,10,3660,2440,0.2
00400422,廊坊金彪金茶玻,004,色玻,8,3660,2440,0.2
00400421,廊坊金彪金茶玻,004,色玻,6,3660,2440,0.2
00400420,廊坊金彪金茶玻,004,色玻,5,3660,2440,0.2
00400419,廊坊金彪金茶玻,004,色玻,4.5,3660,2440,0.2
00400418,廊坊金彪金茶玻,004,色玻,4.3,3660,2440,0.2
00400417,廊坊金彪金茶玻,004,色玻,4,3660,2440,0.2
00400416,廊坊金彪灰原片优等品,004,色玻,4.5,2440,1830,0.2
00400415,廊坊金彪灰茶原片优等品,004,色玻,4.5,3660,2440,0.2
00400414,廊坊金彪灰茶原片优等品,004,色玻,4,2440,1830,0.2
00400413,廊坊金彪灰茶原片优等品,004,色玻,10,3660,2440,0.2
00400412,廊坊金彪灰茶原片优等品,004,色玻,10,3660,2140,0.2
00400411,廊坊金彪灰茶玻,004,色玻,5,3660,2440,0.2
00400410,廊坊金彪灰茶玻,004,色玻,4,3660,2440,0.2
00400409,蓝欣欧洲灰玻优等品,004,色玻,4.2,2440,2100,0.2
00400408,蓝欣欧洲灰玻优等品,004,色玻,4.2,2440,1560,0.2
00400407,凯盛深灰玻混等品,004,色玻,5,3660,2440,0
00400406,金石离线福特蓝镀膜优等品,004,色玻,6,3660,2600,0.2
00400405,江门信义水晶灰原片,004,色玻,5,3660,2740,0
00400404,江门信义水晶灰原片,004,色玻,5,3300,2630,0
00400403,湖北三峡欧洲灰原片优等品,004,色玻,12,3660,2440,0.2
00400402,湖北三峡欧洲灰原片优等品,004,色玻,10,3660,2740,0.2
00400401,湖北三峡欧洲灰原片优等品,004,色玻,8,3660,2440,0.2
00400400,湖北三峡欧洲灰原片优等品,004,色玻,7.2,3660,2440,0.2
00400399,湖北三峡欧洲灰原片优等品,004,色玻,7.2,3660,2250,0.2
00400398,湖北三峡欧洲灰原片优等品,004,色玻,7,3660,2250,0
00400397,湖北三峡欧洲灰原片优等品,004,色玻,7,3660,2140,0.2
00400396,湖北三峡欧洲灰原片优等品,004,色玻,6.8,3660,2440,0
00400395,湖北三峡欧洲灰原片优等品,004,色玻,6.7,3660,2440,0.2
00400394,湖北三峡欧洲灰原片优等品,004,色玻,6.7,3660,2250,0
00400393,湖北三峡欧洲灰原片优等品,004,色玻,6.5,3660,2440,0
00400392,湖北三峡欧洲灰原片优等品,004,色玻,6.5,3660,2250,0
00400391,湖北三峡欧洲灰原片优等品,004,色玻,6.5,3660,2140,0
00400390,湖北三峡欧洲灰原片优等品,004,色玻,6,3660,2440,0.2
00400389,湖北三峡欧洲灰原片优等品,004,色玻,5,3660,2440,0.2
00400388,湖北三峡欧洲灰原片优等品,004,色玻,4.2,3660,2440,0.2
00400387,湖北三峡欧洲灰原片优等品,004,色玻,4.2,3660,2140,0
00400386,湖北三峡欧洲灰原片优等品,004,色玻,3.8,3660,2440,0.2
00400385,湖北三峡欧洲灰原片优等品,004,色玻,3.8,3660,2440,0
00400384,湖北三峡欧洲灰原片优等品,004,色玻,3.6,3660,2440,0.2
00400383,湖北三峡欧洲灰原片混装品,004,色玻,7.5,3660,2440,0.2
00400382,湖北三峡欧洲灰原片混装品,004,色玻,7.2,3660,2440,0.2
00400381,湖北三峡欧洲灰原片混装品,004,色玻,7.2,3660,2250,0.2
00400380,湖北三峡欧洲灰原片混装品,004,色玻,7.2,3660,2140,0.2
00400379,湖北三峡欧洲灰原片混装品,004,色玻,7,3660,2440,0
00400378,湖北三峡欧洲灰原片混装品,004,色玻,6.8,3660,2250,0.2
00400377,湖北三峡欧洲灰原片混装品,004,色玻,6.7,3660,2440,0
00400376,湖北三峡欧洲灰原片混装品,004,色玻,6.7,3660,2140,0
00400375,湖北三峡欧洲灰原片混装品,004,色玻,6.6,3660,2250,0
00400374,湖北三峡欧洲灰原片混装品,004,色玻,4.5,3660,2440,0.2
00400373,湖北三峡欧洲灰原片混装品,004,色玻,3.8,3660,2140,0
00400372,湖北三峡欧洲灰原片普通级,004,色玻,4.5,3660,2440,0
00400371,湖北三峡欧洲灰原片普通级,004,色玻,3.8,3660,2140,0
00400370,湖北三峡过渡色B,004,色玻,6.9,3660,2440,0
00400369,湖北三峡过渡色B,004,色玻,6.9,3660,2250,0
00400368,湖北三峡过渡色B,004,色玻,6.9,3660,2140,0
00400367,湖北三峡过渡色,004,色玻,6.9,3660,2440,0
00400366,湖北三峡过渡色,004,色玻,6.9,3660,2250,0
00400365,黑镀膜,004,色玻,4,2440,1830,0.2
00400364,河源旗滨水晶灰原片优等品,004,色玻,8,3660,2746,0
00400363,河源旗滨水晶灰原片优等品,004,色玻,8,3660,2630,0
00400362,河源旗滨水晶灰原片优等品,004,色玻,8,3660,2140,0
00400361,河源旗滨水晶灰原片优等品,004,色玻,6,3660,2746,0
00400360,河源旗滨水晶灰原片优等品,004,色玻,6,3660,2630,0
00400359,河源旗滨水晶灰原片优等品,004,色玻,6,3660,2440,0
00400358,河源旗滨水晶灰原片优等品,004,色玻,6,3660,2250,0.2
00400357,河源旗滨水晶灰原片优等品,004,色玻,6,3660,2140,0.2
00400356,河源旗滨水晶灰原片优等品,004,色玻,5,3660,2440,0
00400355,河源旗滨水晶灰原片优等品,004,色玻,8,3660,2440,0.2
00400354,河源旗滨欧洲灰原片优等品,004,色玻,12,3660,2630,0.2
00400353,河源旗滨欧洲灰原片优等品,004,色玻,10,4318,3050,0
00400352,河源旗滨欧洲灰原片优等品,004,色玻,10,3660,2630,0.2
00400351,河源旗滨欧洲灰原片优等品,004,色玻,7,3660,2440,0
00400350,河源旗滨欧洲灰原片优等品,004,色玻,7,3660,2250,0
00400349,河源旗滨欧洲灰原片优等品,004,色玻,7,3660,2140,0
00400348,河源旗滨欧洲灰原片优等品,004,色玻,6,3660,2440,0
00400347,河源旗滨欧洲灰原片优等品,004,色玻,5,3660,2925,0
00400346,河源旗滨欧洲灰原片优等品,004,色玻,5,3660,2440,0
00400345,河源旗滨欧洲灰原片优等品,004,色玻,5,3660,2250,0
00400344,河源旗滨欧洲灰原片优等品,004,色玻,4.5,3660,2440,0
00400343,河源旗滨欧洲灰原片优等品,004,色玻,4.3,3660,2440,0
00400342,河源旗滨欧洲灰原片优等品,004,色玻,4.3,2440,1830,0
00400341,河源旗滨欧洲灰原片优等品,004,色玻,4,3660,2440,0.2
00400340,河源旗滨欧洲灰原片优等品,004,色玻,4,2440,1830,0
00400339,河源旗滨欧洲灰镀膜,004,色玻,6,3660,2440,0
00400338,河源旗滨欧洲灰玻,004,色玻,12,3660,2630,0
00400337,河源旗滨欧洲灰玻,004,色玻,12,3660,2440,0
00400336,河源旗滨欧洲灰玻,004,色玻,10,4318,3050,0
00400335,河源旗滨欧洲灰玻,004,色玻,10,4118,3050,0
00400334,河源旗滨欧洲灰玻,004,色玻,10,3660,3000,0.2
00400333,河源旗滨欧洲灰玻,004,色玻,10,3660,2630,0
00400332,河源旗滨欧洲灰玻,004,色玻,10,3660,2440,0
00400331,河源旗滨欧洲灰玻,004,色玻,10,3660,2250,0
00400330,河源旗滨欧洲灰玻,004,色玻,10,3660,2140,0
00400329,河源旗滨欧洲灰玻,004,色玻,10,3050,2334,0
00400328,河源旗滨欧洲灰玻,004,色玻,10,3050,2134,0
00400327,河源旗滨欧洲灰玻,004,色玻,10,3050,2084,0
00400326,河源旗滨欧洲灰玻,004,色玻,7.2,3660,2440,0
00400325,河源旗滨欧洲灰玻,004,色玻,3.8,3660,2440,0
00400324,河源旗滨欧洲灰玻,004,色玻,3.08,3660,2440,0
00400323,河源旗滨欧洲灰玻,004,色玻,7,3660,2440,0.2
00400322,河源旗滨福特蓝玻,004,色玻,5,3660,2440,0
00400321,河源旗滨福特蓝玻,004,色玻,4.3,2440,1830,0
00400320,河源旗滨欧洲灰镀膜优等品,004,色玻,4.5,3660,2440,0
00400319,海生自然绿原片,004,色玻,6,3660,2440,0.2
00400318,海生自然绿原片,004,色玻,5.5,3660,2250,0.2
00400317,海生欧洲灰镀膜优等品,004,色玻,4.5,3660,2440,0.2
00400316,海生欧洲灰玻优等品,004,色玻,7.2,3660,2440,0.2
00400315,海生欧洲灰玻优等品,004,色玻,7.2,3660,2250,0.2
00400314,海生欧洲灰玻优等品,004,色玻,7.2,3660,2140,0.2
00400313,海生欧洲灰玻优等品,004,色玻,4.5,3660,2440,0.2
00400312,海生欧洲灰玻优等品,004,色玻,7,3660,2440,0.2
00400311,海生欧洲灰玻优等品,004,色玻,7,3660,2250,0.2
00400310,海生欧洲灰玻优等品,004,色玻,6.7,3660,2440,0.2
00400309,海生欧洲灰玻优等品,004,色玻,6.5,3660,2440,0.2
00400308,海生欧洲灰玻优等品,004,色玻,6,3660,2440,0.2
00400307,海生欧洲灰玻优等品,004,色玻,6,3300,2140,0.2
00400306,海生欧洲灰玻优等品,004,色玻,4.2,3660,2440,0.2
00400305,海生欧洲灰玻优等品,004,色玻,3.8,3660,2440,0.2
00400304,海生欧洲灰玻优等品,004,色玻,3.8,3660,2250,0.2
00400303,海生欧洲灰玻优等品,004,色玻,6.7,3660,2250,0.2
00400302,海生欧洲灰玻过渡色,004,色玻,7.2,3660,2250,0.2
00400301,海生欧洲灰玻过渡色,004,色玻,7.2,3660,2140,0.2
00400300,海生欧洲灰玻,004,色玻,3.8,3660,2140,0.2
00400299,海生绿镀膜,004,色玻,5,3660,2140,0.2
00400298,海生绿镀膜,004,色玻,5,2440,1830,0.2
00400297,海生灰原片优等品,004,色玻,7.3,3660,2440,0.2
00400296,海生灰原片优等品,004,色玻,5,3660,2440,0.2
00400295,海生灰原片优等品,004,色玻,5,3660,2140,0.2
00400294,海生福特蓝原片优等品,004,色玻,6,3660,2440,0.2
00400293,海生福特蓝原片优等品,004,色玻,5,3660,2440,0.2
00400292,海生福特蓝原片优等品,004,色玻,4.5,3660,2600,0.2
00400291,海生福特蓝原片优等品,004,色玻,4.5,3660,2440,0.2
00400290,海生福特蓝原片优等品,004,色玻,4.5,2440,1950,0.2
00400289,海生福特蓝原片优等品,004,色玻,4.5,2440,1830,0.2
00400288,海生福特蓝原片优等品,004,色玻,4.5,2200,1950,0.2
00400287,海生福特蓝原片优等品,004,色玻,4.5,2200,1830,0.2
00400286,海生福特蓝原片过度转白玻,004,色玻,4,2440,1830,0.05
00400285,海生福特蓝镀膜优等品,004,色玻,6,3660,2600,0.2
00400284,海生福特蓝镀膜优等品,004,色玻,6,3660,2440,0.2
00400283,海生福特蓝镀膜优等品,004,色玻,5,3660,2740,0.2
00400282,海生福特蓝镀膜优等品,004,色玻,5,3660,2600,0.2
00400281,海生福特蓝镀膜优等品,004,色玻,5,3660,2440,0.2
00400280,海生福特蓝镀膜优等品,004,色玻,4.5,3660,2600,0.2
00400279,海生福特蓝镀膜优等品,004,色玻,4.5,3660,2440,0.2
00400278,海生福特蓝镀膜优等品,004,色玻,4.5,3660,2140,0.2
00400277,海生福特蓝镀膜优等品,004,色玻,4.5,2440,1950,0.2
00400276,海生福特蓝镀膜优等品,004,色玻,4.5,2200,1950,0.2
00400275,海生福特蓝镀膜优等品,004,色玻,4.5,2200,1830,0.2
00400274,海生福特蓝镀膜优等品,004,色玻,4.3,3660,2440,0.2
00400273,海生福特蓝镀膜优等品,004,色玻,4.3,3660,2140,0.2
00400272,海生福特蓝镀膜优等品,004,色玻,4.3,2440,1950,0.2
00400271,海生福特蓝镀膜优等品,004,色玻,4.3,2440,1830,0.2
00400270,海生福特蓝镀膜优等品,004,色玻,4.3,2200,1950,0.2
00400269,海生福特蓝镀膜协议品,004,色玻,6,3660,2440,0.2
00400268,海生福特蓝镀膜协议品,004,色玻,5,3660,2440,0.2
00400267,海生福特蓝镀膜协议品,004,色玻,5,3660,2140,0.2
00400266,海生福特蓝镀膜协议品,004,色玻,4.5,3660,2440,0.2
00400265,海生福特蓝镀膜协议品,004,色玻,4.5,2440,1950,0.2
00400264,海生福特蓝镀膜协议品,004,色玻,4.5,2440,1830,0.2
00400263,海生福特蓝镀膜协议品,004,色玻,4.5,2200,1950,0.2
00400262,海生福特蓝镀膜协议品,004,色玻,4.5,2200,1830,0.2
00400261,海生福特蓝镀膜混装品,004,色玻,5,3660,2440,0.2
00400260,海生福特蓝镀膜混装品,004,色玻,5,3660,2140,0.2
00400259,海生福特蓝镀膜混装品,004,色玻,4.5,3660,2440,0.2
00400258,贵州凯荣翡翠绿玻优等品,004,色玻,4.3,2440,1950,0
00400257,贵州凯荣翡翠绿玻优等品,004,色玻,4.3,2440,1830,0
00400256,广东河源旗滨水晶灰原片优等品,004,色玻,6,3660,2140,0
00400255,广东河源旗滨水晶灰原片优等品,004,色玻,6,3300,2740,0
00400254,福耀黑玻20系,004,色玻,5,3660,2440,0.2
00400253,福耀黑玻20系,004,色玻,4,3300,2250,0.2
00400252,福耀黑玻20系,004,色玻,4,2440,1830,0.2
00400251,福耀黑玻10系,004,色玻,4,3300,2440,0.2
00400250,福耀黑玻,004,色玻,5,3300,2440,0.2
00400249,福耀黑玻,004,色玻,5,2440,1830,0.2
00400248,福耀黑玻,004,色玻,4,3300,2440,0.2
00400247,福耀黑玻,004,色玻,4,630,630,0
00400246,福耀黑玻,004,色玻,4,625,508,0
00400245,福耀低透Solar绿汽车B级,004,色玻,4,2135,1685,0
00400244,福耀低透Solar绿汽车B级,004,色玻,4,1970,1385,0
00400243,福耀低透Solar绿汽车B级,004,色玻,4,1885,925,0
00400242,福耀低透Solar绿汽车B级,004,色玻,4,1780,1050,0
00400241,福耀低透Solar绿汽车B级,004,色玻,4,1685,2135,0
00400240,福耀低透Solar绿汽车B级,004,色玻,4,1660,1760,0
00400239,福耀低透Solar绿汽车B级,004,色玻,4,1265,1085,0
00400238,福耀低透Solar绿汽车B级,004,色玻,4,1135,2040,0
00400237,福耀低透Solar绿汽车B级,004,色玻,4,1010,1695,0
00400236,福耀低透Solar绿汽车B级,004,色玻,3.5,1720,2445,0
00400235,福耀低透Solar绿汽车B级,004,色玻,3.5,1575,1585,0
00400234,福耀低透Solar绿汽车B级,004,色玻,3.5,1495,1530,0
00400233,福耀低透Solar绿汽车B级,004,色玻,3.5,1450,1180,0
00400232,福耀低透Solar绿汽车B级,004,色玻,3.5,1330,1585,0
00400231,福耀低透Solar绿汽车B级,004,色玻,3.5,1290,1720,0
00400230,福耀低透Solar绿汽车B级,004,色玻,3.5,1220,1680,0
00400229,福耀低透Solar绿汽车B级,004,色玻,3.5,1150,1725,0
00400228,福耀低透Solar绿汽车B级,004,色玻,3.2,2070,1800,0
00400227,福耀低透Solar绿汽车B级,004,色玻,3.2,1660,2280,0
00400226,福耀低透Solar绿汽车B级,004,色玻,3.2,1520,2070,0
00400225,福特蓝玻过渡色,004,色玻,7.8,2440,1830,0
00400224,福建龙泰欧洲灰镀膜混装品,004,色玻,4.5,3660,2440,0
00400223,福建龙泰欧洲灰玻优质加工级,004,色玻,10,3660,2160,0
00400222,福建龙泰欧洲灰玻优质加工级,004,色玻,8,3660,2140,0
00400221,福建龙泰欧洲灰玻优质加工级,004,色玻,7.5,3660,2440,0
00400220,福建龙泰欧洲灰玻优质加工级,004,色玻,7.2,3660,2440,0
00400219,福建龙泰欧洲灰玻优质加工级,004,色玻,7.2,3660,2250,0
00400218,福建龙泰欧洲灰玻优质加工级,004,色玻,7.2,3660,2140,0
00400217,福建龙泰欧洲灰玻优质加工级,004,色玻,7,3660,2440,0
00400216,福建龙泰欧洲灰玻优质加工级,004,色玻,7,3660,2250,0
00400215,福建龙泰欧洲灰玻优质加工级,004,色玻,6,3660,2440,0
00400214,福建龙泰欧洲灰玻优质加工级,004,色玻,5,3660,2440,0
00400213,福建龙泰欧洲灰玻优质加工级,004,色玻,4.5,3660,2440,0
00400212,福建龙泰欧洲灰玻优质加工级,004,色玻,4.3,3660,2440,0
00400211,福建龙泰欧洲灰玻优质加工级,004,色玻,4.3,2440,1830,0
00400210,福建龙泰欧洲灰玻优质加工级,004,色玻,4,3660,2440,0
00400209,福建龙泰欧洲灰玻优质加工级,004,色玻,4,3660,1902,0
00400208,福建龙泰欧洲灰玻优质加工级,004,色玻,4,2440,1830,0
00400207,福建龙泰欧洲灰玻优质加工级,004,色玻,3.8,3660,2440,0
00400206,福建龙泰欧洲灰玻优质加工级,004,色玻,3.8,3660,2250,0
00400205,福建龙泰欧洲灰玻优质加工级,004,色玻,3.8,3660,2140,0
00400204,福建龙泰欧洲灰玻普通级,004,色玻,10,3660,2440,0
00400203,福建龙泰欧洲灰玻普通级,004,色玻,5,3660,2440,0
00400202,福建龙泰欧洲灰玻普通级,004,色玻,4.5,3660,2440,0
00400201,福建龙泰欧洲灰玻客户定制级,004,色玻,4.5,3660,2440,0
00400200,福建龙泰欧洲灰玻客户定制级,004,色玻,4.3,3660,2440,0
00400199,福建龙泰欧洲灰玻客户定制级,004,色玻,4.3,2440,1830,0
00400198,福建龙泰金茶原片混装品,004,色玻,5,3660,2440,0
00400197,福建龙泰金茶原片混装品,004,色玻,5,2440,1830,0
00400196,福建龙泰金茶镀膜混装品,004,色玻,5,3660,2440,0
00400195,福建龙泰金茶玻优等品,004,色玻,8,3660,2440,0
00400194,福建龙泰金茶玻优等品,004,色玻,6,3660,2440,0
00400193,福建龙泰金茶玻优等品,004,色玻,5,3660,2440,0
00400192,福建龙泰金茶玻优等品,004,色玻,5,2440,1830,0
00400191,福建龙泰金茶玻优等品,004,色玻,4.5,3660,2630,0
00400190,福建龙泰金茶玻优等品,004,色玻,4.5,3660,2440,0
00400189,福建龙泰金茶玻优等品,004,色玻,4.5,2440,1830,0
00400188,福建龙泰金茶玻优等品,004,色玻,4.3,3660,2440,0
00400187,福建龙泰金茶玻优等品,004,色玻,4,3660,2440,0
00400186,福建龙泰金茶玻优等品,004,色玻,3.9,3660,2440,0
00400185,福建龙泰金茶玻优等品,004,色玻,3.9,2440,1830,0
00400184,福建龙泰金茶原片混装品,004,色玻,4.5,3660,2440,0
00400183,福建龙泰福特蓝原片优等品,004,色玻,8,3660,2740,0
00400182,福建龙泰福特蓝原片优等品,004,色玻,6,3660,2740,0
00400181,福建龙泰福特蓝原片优等品,004,色玻,6,3660,2630,0
00400180,福建龙泰福特蓝原片优等品,004,色玻,6,3660,2440,0
00400179,福建龙泰福特蓝原片优等品,004,色玻,6,3660,2250,0
00400178,福建龙泰福特蓝原片优等品,004,色玻,5,3660,2740,0
00400177,福建龙泰福特蓝原片优等品,004,色玻,5,3660,2630,0
00400176,福建龙泰福特蓝原片优等品,004,色玻,5,3660,2440,0
00400175,福建龙泰福特蓝原片优等品,004,色玻,5,3660,2250,0
00400174,福建龙泰福特蓝原片优等品,004,色玻,5,3660,2140,0
00400173,福建龙泰福特蓝原片优等品,004,色玻,4.5,3660,2740,0
00400172,福建龙泰福特蓝原片优等品,004,色玻,4.5,3660,2630,0
00400171,福建龙泰福特蓝原片优等品,004,色玻,4.5,3660,2440,0
00400170,福建龙泰福特蓝原片优等品,004,色玻,4.5,2440,1830,0
00400169,福建龙泰福特蓝原片优等品,004,色玻,4.5,2200,1830,0
00400168,福建龙泰福特蓝原片优等品,004,色玻,4.3,3660,2440,0
00400167,福建龙泰福特蓝原片优等品,004,色玻,4.3,2440,1830,0
00400166,福建龙泰福特蓝原片普通级,004,色玻,7.8,2440,1830,0
00400165,福建龙泰福特蓝原片混装品,004,色玻,6,3660,2440,0
00400164,福建龙泰福特蓝原片混装品,004,色玻,5,3660,2440,0
00400163,福建龙泰福特蓝原片混装品,004,色玻,4.5,3660,2440,0
00400162,福建龙泰福特蓝原片混装品,004,色玻,4.5,2440,1830,0
00400161,福建龙泰福特蓝原片定制品,004,色玻,8,3660,2440,0
00400160,福建龙泰福特蓝原片定制品,004,色玻,6,3660,2440,0
00400159,福建龙泰福特蓝原片定制品,004,色玻,5,3660,2440,0
00400158,福建龙泰福特蓝原片定制品,004,色玻,4.5,3660,2630,0.2
00400157,福建龙泰福特蓝原片定制品,004,色玻,4.5,3660,2440,0.2
00400156,福建龙泰福特蓝原片定制品,004,色玻,4.5,2440,1830,0.2
00400155,福建龙泰福特蓝原片定制品,004,色玻,4.3,3660,2440,0
00400154,福建龙泰福特蓝原片定制品,004,色玻,4.3,2440,1830,0
00400153,福建龙泰福特蓝镀膜优等品,004,色玻,8,3660,2740,0
00400152,福建龙泰福特蓝镀膜优等品,004,色玻,8,3660,2630,0
00400151,福建龙泰福特蓝镀膜优等品,004,色玻,8,3660,2440,0
00400150,福建龙泰福特蓝镀膜优等品,004,色玻,8,3660,2250,0
00400149,福建龙泰福特蓝镀膜优等品,004,色玻,8,3660,2140,0
00400148,福建龙泰福特蓝镀膜优等品,004,色玻,6,3660,2740,0
00400147,福建龙泰福特蓝镀膜优等品,004,色玻,6,3660,2630,0
00400146,福建龙泰福特蓝镀膜优等品,004,色玻,6,3660,2440,0
00400145,福建龙泰福特蓝镀膜优等品,004,色玻,6,3660,2250,0
00400144,福建龙泰福特蓝镀膜优等品,004,色玻,6,3660,2140,0
00400143,福建龙泰福特蓝镀膜优等品,004,色玻,5,3660,2740,0
00400142,福建龙泰福特蓝镀膜优等品,004,色玻,5,3660,2630,0
00400141,福建龙泰福特蓝镀膜优等品,004,色玻,5,3660,2440,0
00400140,福建龙泰福特蓝镀膜优等品,004,色玻,5,3660,2250,0
00400139,福建龙泰福特蓝镀膜优等品,004,色玻,5,3660,2200,0
00400138,福建龙泰福特蓝镀膜优等品,004,色玻,5,3660,2140,0
00400137,福建龙泰福特蓝镀膜优等品,004,色玻,5,3660,2134,0
00400136,福建龙泰福特蓝镀膜优等品,004,色玻,5,3300,2440,0
00400135,福建龙泰福特蓝镀膜优等品,004,色玻,4.5,3660,2740,0
00400134,福建龙泰福特蓝镀膜优等品,004,色玻,4.5,3660,2630,0
00400133,福建龙泰福特蓝镀膜优等品,004,色玻,4.5,3660,2440,0
00400132,福建龙泰福特蓝镀膜优等品,004,色玻,4.5,3660,2250,0
00400131,福建龙泰福特蓝镀膜优等品,004,色玻,4.5,3660,2200,0
00400130,福建龙泰福特蓝镀膜优等品,004,色玻,4.5,3660,2140,0
00400129,福建龙泰福特蓝镀膜优等品,004,色玻,4.5,2440,1830,0
00400128,福建龙泰福特蓝镀膜优等品,004,色玻,4.5,2440,1710,0
00400127,福建龙泰福特蓝镀膜优等品,004,色玻,4.3,3660,2740,0
00400126,福建龙泰福特蓝镀膜优等品,004,色玻,4.3,3660,2630,0
00400125,福建龙泰福特蓝镀膜优等品,004,色玻,4.3,3660,2440,0
00400124,福建龙泰福特蓝镀膜优等品,004,色玻,4.3,3660,2250,0
00400123,福建龙泰福特蓝镀膜优等品,004,色玻,4.3,3660,2140,0
00400122,福建龙泰福特蓝镀膜优等品,004,色玻,4.3,2440,1950,0
00400121,福建龙泰福特蓝镀膜优等品,004,色玻,4.3,2440,1830,0
00400120,福建龙泰福特蓝镀膜优等品,004,色玻,4.3,2440,1710,0
00400119,福建龙泰福特蓝镀膜优等品,004,色玻,4.3,2200,1830,0
00400118,福建龙泰福特蓝镀膜混装品,004,色玻,8,3660,2740,0
00400117,福建龙泰福特蓝镀膜混装品,004,色玻,8,3660,2440,0
00400116,福建龙泰福特蓝镀膜混装品,004,色玻,8,3660,2140,0
00400115,福建龙泰福特蓝镀膜混装品,004,色玻,6,3660,2440,0
00400114,福建龙泰福特蓝镀膜混装品,004,色玻,5,3660,2740,0
00400113,福建龙泰福特蓝镀膜混装品,004,色玻,5,3660,2440,0
00400112,福建龙泰福特蓝镀膜混装品,004,色玻,5,2440,1830,0
00400111,福建龙泰福特蓝镀膜混装品,004,色玻,4.5,3660,2740,0
00400110,福建龙泰福特蓝镀膜混装品,004,色玻,4.5,3660,2630,0
00400109,福建龙泰福特蓝镀膜混装品,004,色玻,4.5,3660,2440,0
00400108,福建龙泰福特蓝镀膜混装品,004,色玻,4.5,2440,1950,0
00400107,福建龙泰福特蓝镀膜混装品,004,色玻,4.5,2440,1830,0
00400106,福建龙泰福特蓝镀膜混装品,004,色玻,4.5,2440,1710,0
00400105,福建龙泰福特蓝镀膜混装品,004,色玻,4.3,3660,2440,0
00400104,福建龙泰福特蓝镀膜混装品,004,色玻,4.3,2440,1950,0
00400103,福建龙泰福特蓝镀膜混装品,004,色玻,4.3,2440,1830,0
00400102,福建龙泰福特蓝镀膜混装品,004,色玻,4.3,2440,1710,0
00400101,福建龙泰福特蓝镀膜定制品,004,色玻,6,3660,2440,0
00400100,福建龙泰福特蓝镀膜定制品,004,色玻,5,3660,2440,0
00400099,福建龙泰福特蓝镀膜定制品,004,色玻,4.5,3660,2600,0
00400098,福建龙泰福特蓝镀膜定制品,004,色玻,4.5,3660,2440,0
00400097,福建龙泰福特蓝镀膜定制品,004,色玻,4.5,2440,1830,0
00400096,东台中玻欧洲灰玻优等品,004,色玻,7,3660,2440,0.2
00400095,东台中玻欧洲灰玻优等品,004,色玻,6.7,3660,2440,0.2
00400094,东台中玻欧洲灰玻优等品,004,色玻,4.5,3660,2250,0
00400093,东台中玻欧洲灰玻优等品,004,色玻,4.5,3660,2140,0
00400092,东台中玻欧洲灰玻优等品,004,色玻,4.2,3660,2140,0
00400091,东台中玻欧洲灰玻优等品,004,色玻,3.8,3660,2250,0
00400090,东莞信义水晶灰原片,004,色玻,5,3660,2440,0
00400089,东莞信义水晶灰原片,004,色玻,6,3660,2440,0
00400088,东莞信义水晶灰原片,004,色玻,6,3660,2250,0
00400087,东莞信义水晶灰原片,004,色玻,6,3300,2800,0
00400086,东莞信义水晶灰原片,004,色玻,6,3050,2740,0
00400085,东莞信义水晶灰原片,004,色玻,6,3050,2630,0
00400084,东莞信义水晶灰原片,004,色玻,6,3050,2440,0
00400083,东莞信义水晶灰原片,004,色玻,5,3660,2630,0
00400082,成都南玻欧洲灰玻优等品,004,色玻,4.2,3660,2440,0
00400081,成都南玻欧洲灰玻混装品,004,色玻,6.8,3660,2440,0
00400080,成都南玻欧洲灰玻混装品,004,色玻,4.3,3660,2440,0
00400079,成都南玻欧洲灰玻优等品,004,色玻,8,3660,2440,0
00400078,成都南玻欧洲灰玻优等品,004,色玻,6.8,3660,2140,0
00400077,成都南玻欧洲灰玻优等品,004,色玻,3.8,3660,2440,0
00400076,成都南玻欧洲灰玻优等品,004,色玻,3.8,3660,2250,0
00400075,成都南玻欧洲灰玻优等品,004,色玻,3.8,3660,2140,0
00400074,成都南玻欧洲灰玻优等品,004,色玻,10,3660,2800,0.2
00400073,成都南玻欧洲灰玻优等品,004,色玻,8,3660,2140,0
00400072,成都南玻欧洲灰玻优等品,004,色玻,7,3660,2440,0
00400071,成都南玻欧洲灰玻优等品,004,色玻,7,3660,2250,0
00400070,成都南玻欧洲灰玻优等品,004,色玻,7,3660,2140,0
00400069,成都南玻欧洲灰玻优等品,004,色玻,6.8,3660,2440,0
00400068,成都南玻欧洲灰玻优等品,004,色玻,3.6,3660,2440,0
00400067,成都南玻欧洲灰玻优等品,004,色玻,3.6,3660,2140,0
00400066,蚌埠凯盛深灰玻混装品,004,色玻,5,2440,1830,0.2
00400065,蚌埠凯盛黑玻混等品,004,色玻,8,3660,2440,0.2
00400064,蚌埠凯盛黑玻,004,色玻,12,3660,2440,0.2
00400063,蚌埠凯盛黑玻,004,色玻,8,2440,1830,0.2
00400062,蚌埠凯盛黑玻,004,色玻,6,3300,2140,0.2
00400061,蚌埠凯盛黑玻,004,色玻,5,3660,2440,0.2
00400060,蚌埠凯盛黑玻,004,色玻,5,3300,2140,0.2
00400059,蚌埠凯盛黑玻,004,色玻,4.5,3660,2440,0.2
00400058,安强银灰镀膜,004,色玻,5,3660,2440,0.2
00400057,安强欧茶镀膜,004,色玻,6,3660,2440,0.2
00400056,安强蓝星灰镀膜优等品,004,色玻,8,3660,2600,0.2
00400055,安强蓝星灰镀膜优等品,004,色玻,8,3660,2440,0.2
00400054,安强蓝星灰镀膜优等品,004,色玻,6,3660,2140,0.2
00400053,安强蓝星灰镀膜优等品,004,色玻,5,3660,2440,0.2
00400052,安强蓝星灰镀膜优等品,004,色玻,5,3660,2134,0.2
00400051,安强金黄离线阳光控制膜,004,色玻,6,3660,2440,0.2
00400050,安强福特蓝镀膜优等品,004,色玻,6,3660,2600,0.2
00400049,安强福特蓝镀膜优等品,004,色玻,6,3660,2440,0.2
00400048,安强福特蓝镀膜优等品,004,色玻,6,3660,2280,0.2
00400047,安强福特蓝镀膜优等品,004,色玻,6,3660,2250,0.2
00400046,安强福特蓝镀膜优等品,004,色玻,6,3660,2140,0.2
00400045,安强福特蓝镀膜优等品,004,色玻,6,3300,2600,0.2
00400044,安强福特蓝镀膜优等品,004,色玻,6,3300,2250,0.2
00400043,安强福特蓝镀膜优等品,004,色玻,6,3300,2134,0.2
00400042,安强福特蓝镀膜优等品,004,色玻,5,3660,2600,0.2
00400041,安强福特蓝镀膜优等品,004,色玻,5,3660,2440,0.2
00400040,安强福特蓝镀膜优等品,004,色玻,5,3660,2250,0.2
00400039,安强福特蓝镀膜优等品,004,色玻,5,3660,2140,0.2
00400038,安强福特蓝镀膜优等品,004,色玻,5,3300,2600,0.2
00400037,安强福特蓝镀膜优等品,004,色玻,5,3300,2440,0.2
00400036,安强福特蓝镀膜优等品,004,色玻,5,3300,2250,0.2
00400035,安强福特蓝镀膜优等品,004,色玻,5,3300,2140,0.2
00400034,安强福特蓝镀膜优等品,004,色玻,5,3300,2134,0.2
00400033,安强福特蓝镀膜优等品,004,色玻,4.8,3660,2440,0.2
00400032,安强福特蓝镀膜优等品,004,色玻,4.8,3660,2134,0.2
00400031,安强福特蓝镀膜优等品,004,色玻,4.6,3660,2440,0.2
00400030,安强福特蓝镀膜优等品,004,色玻,4.5,3660,2600,0.2
00400029,安强福特蓝镀膜优等品,004,色玻,4.5,3660,2440,0.2
00400028,安强福特蓝镀膜优等品,004,色玻,4.5,3660,2140,0.2
00400027,安强福特蓝镀膜优等品,004,色玻,4.5,3300,2600,0.2
00400026,安强福特蓝镀膜优等品,004,色玻,4.5,3300,2440,0.2
00400025,安强福特蓝镀膜优等品,004,色玻,4.5,3300,2134,0.2
00400024,安强福特蓝镀膜优等品,004,色玻,4.5,2440,2000,0.2
00400023,安强福特蓝镀膜优等品,004,色玻,4.5,2440,1950,0.2
00400022,安强福特蓝镀膜优等品,004,色玻,4.5,2440,1830,0.2
00400021,安强福特蓝镀膜优等品,004,色玻,4.3,3660,2600,0.2
00400020,安强福特蓝镀膜优等品,004,色玻,4.3,3660,2440,0.1
00400019,安强福特蓝镀膜优等品,004,色玻,4.3,3660,2250,0.2
00400018,安强福特蓝镀膜混装品,004,色玻,6,3660,2600,0.2
00400017,安强福特蓝镀膜混装品,004,色玻,6,3660,2440,0.2
00400016,安强宝石蓝镀膜优等品,004,色玻,5,3300,2250,0.2
00400015,安强F绿镀膜优等品,004,色玻,6,3660,2440,0.2
00400014,安强F绿镀膜优等品,004,色玻,5,3660,2440,0.2
00400013,安强F绿镀膜混装品,004,色玻,5,3660,2440,0.2
00400012,安徽凯盛深灰玻混装品,004,色玻,5,2440,1830,0.2
00400011,安徽蚌埠凯盛黑玻20系,004,色玻,6,3660,2440,0.2
00400010,安徽蚌埠深灰玻,004,色玻,4.9,3660,2440,0.2
00400009,安徽蚌埠凯盛黑玻20系,004,色玻,10,3660,2440,0.2
00400008,安徽蚌埠凯盛黑玻20系,004,色玻,6,3660,2140,0.2
00400007,安徽蚌埠凯盛黑玻20系,004,色玻,4,3660,2440,0.2
00400006,安徽蚌埠凯盛黑玻20系,004,色玻,4,2440,1830,0.2
00400005,安徽蚌埠凯盛黑玻20系,004,色玻,4.2,3660,2440,0.2
00400004,F绿玻过度色,004,色玻,5.9,3300,2440,0.2
00400003,F绿玻过度色,004,色玻,5,3660,2440,0.2
00400002,F绿玻过度色,004,色玻,4.9,3660,2440,0.2
00400001,A绿,004,色玻,4,3660,2440,0.2
00301643,淄博金晶超白五线汽车级,003,超白,19,3660,2800,0.2
00301642,淄博金晶超白五线汽车级,003,超白,19,3660,2440,0.2
00301641,淄博金晶超白五线汽车级,003,超白,19,3300,2440,0.2
00301640,淄博金晶超白五线汽车级,003,超白,15,3660,2800,0.2
00301639,淄博金晶超白五线汽车级,003,超白,15,3660,2600,0.2
00301638,淄博金晶超白五线汽车级,003,超白,15,3660,2440,0.2
00301637,淄博金晶超白五线汽车级,003,超白,15,3300,2800,0.2
00301636,淄博金晶超白五线汽车级,003,超白,15,3300,2440,0.2
00301635,淄博金晶超白五线汽车级,003,超白,12,3660,2440,0.2
00301634,淄博金晶超白五线汽车级,003,超白,12,3300,2440,0.2
00301633,淄博金晶超白五线汽车级,003,超白,12,3300,2140,0.2
00301632,淄博金晶超白五线汽车级,003,超白,10,3660,2800,0.2
00301631,淄博金晶超白五线汽车级,003,超白,10,3660,2600,0.2
00301630,淄博金晶超白五线汽车级,003,超白,10,3660,2440,0.2
00301629,淄博金晶超白五线汽车级,003,超白,10,3300,2440,0.2
00301628,淄博金晶超白五线汽车级,003,超白,10,3300,2250,0.2
00301627,淄博金晶超白五线汽车级,003,超白,10,3300,2140,0.2
00301626,淄博金晶超白五线汽车级,003,超白,8,3660,2800,0.2
00301625,淄博金晶超白五线汽车级,003,超白,8,3660,2600,0.2
00301624,淄博金晶超白五线汽车级,003,超白,8,3660,2440,0.2
00301623,淄博金晶超白五线汽车级,003,超白,8,3660,2140,0.2
00301622,淄博金晶超白五线汽车级,003,超白,8,3300,2440,0.2
00301621,淄博金晶超白五线汽车级,003,超白,6,3660,2440,0.2
00301620,淄博金晶超白五线汽车级,003,超白,6,3300,2440,0.2
00301619,淄博金晶超白五线汽车级,003,超白,5,3660,2440,0.2
00301618,淄博金晶超白五线汽车级,003,超白,5,3300,2440,0.2
00301617,淄博金晶超白五线汽车级,003,超白,4,3660,2440,0.2
00301616,淄博金晶超白五线建筑级,003,超白,19,3660,2440,0.2
00301615,淄博金晶超白五线建筑级,003,超白,15,3660,2800,0.2
00301614,淄博金晶超白五线建筑级,003,超白,15,3660,2600,0.2
00301613,淄博金晶超白五线建筑级,003,超白,15,3660,2440,0.2
00301612,淄博金晶超白五线建筑级,003,超白,15,3300,2440,0.2
00301611,淄博金晶超白五线建筑级,003,超白,12,3660,2440,0.2
00301610,淄博金晶超白五线建筑级,003,超白,12,3300,2440,0.2
00301609,淄博金晶超白五线建筑级,003,超白,10,3660,2440,0.2
00301608,淄博金晶超白五线建筑级,003,超白,10,3300,2440,0.2
00301607,淄博金晶超白五线建筑级,003,超白,8,3660,2440,0.2
00301606,淄博金晶超白五线建筑级,003,超白,8,3300,2440,0.2
00301605,淄博金晶超白五线建筑级,003,超白,6,3660,2440,0.2
00301604,淄博金晶超白五线建筑级,003,超白,6,3300,2440,0.2
00301603,淄博金晶超白五线建筑级,003,超白,5,3660,2440,0.2
00301602,淄博金晶超白五线建筑级,003,超白,5,3300,2440,0.2
00301601,淄博金晶超白二线汽车级,003,超白,12,3660,2440,0.2
00301600,淄博金晶超白二线汽车级,003,超白,12,3300,2440,0.2
00301599,淄博金晶超白二线汽车级,003,超白,10,3660,2440,0.2
00301598,淄博金晶超白二线汽车级,003,超白,10,3660,2140,0.2
00301597,淄博金晶超白二线汽车级,003,超白,10,3300,2440,0.2
00301596,淄博金晶超白二线汽车级,003,超白,8,3660,2440,0.2
00301595,淄博金晶超白二线汽车级,003,超白,8,3300,2440,0.2
00301594,淄博金晶超白二线汽车级,003,超白,6,3660,2440,0.2
00301593,淄博金晶超白二线汽车级,003,超白,6,3300,2440,0.2
00301592,淄博金晶超白二线汽车级,003,超白,5,3660,2440,0.2
00301591,淄博金晶超白二线汽车级,003,超白,5,3300,2440,0.2
00301590,淄博金晶超白二线建筑级,003,超白,12,3660,2440,0.2
00301589,淄博金晶超白二线建筑级,003,超白,12,3300,2440,0.2
00301588,淄博金晶超白二线建筑级,003,超白,10,3660,2440,0.2
00301587,淄博金晶超白二线建筑级,003,超白,10,3300,2440,0.2
00301586,淄博金晶超白二线建筑级,003,超白,8,3660,2440,0.2
00301585,淄博金晶超白二线建筑级,003,超白,8,3300,2440,0.2
00301584,淄博金晶超白二线建筑级,003,超白,6,3660,2440,0.2
00301583,淄博金晶超白二线建筑级,003,超白,6,3300,2440,0.2
00301582,淄博金晶超白二线建筑级,003,超白,5,3660,2440,0.2
00301581,淄博金晶超白二线建筑级,003,超白,5,3300,2440,0.2
00301580,淄博金晶博山超白汽车级,003,超白,12,3660,2800,0.2
00301579,淄博金晶博山超白汽车级,003,超白,12,3660,2600,0.2
00301578,淄博金晶博山超白汽车级,003,超白,12,3660,2440,0.2
00301577,淄博金晶博山超白汽车级,003,超白,12,3660,2250,0.2
00301576,淄博金晶博山超白汽车级,003,超白,10,3660,2600,0.2
00301575,淄博金晶博山超白汽车级,003,超白,10,3660,2440,0.2
00301574,淄博金晶博山超白汽车级,003,超白,10,3300,2250,0.2
00301573,淄博金晶博山超白汽车级,003,超白,8,3660,2800,0.2
00301572,淄博金晶博山超白汽车级,003,超白,8,3660,2600,0.2
00301571,淄博金晶博山超白汽车级,003,超白,8,3660,2440,0.2
00301570,淄博金晶博山超白汽车级,003,超白,6,3660,2800,0.2
00301569,淄博金晶博山超白汽车级,003,超白,6,3660,2600,0.2
00301568,淄博金晶博山超白汽车级,003,超白,6,3660,2440,0.2
00301567,淄博金晶博山超白汽车级,003,超白,6,3660,2140,0.2
00301566,淄博金晶博山超白汽车级,003,超白,6,3300,2440,0.2
00301565,淄博金晶博山超白汽车级,003,超白,5,3660,2440,0.2
00301564,淄博金晶博山超白汽车级,003,超白,4,3660,2440,0.2
00301563,淄博金晶博山超白建筑级,003,超白,12,3660,2800,0.2
00301562,淄博金晶博山超白建筑级,003,超白,12,3660,2440,0.2
00301561,淄博金晶博山超白建筑级,003,超白,10,3660,2800,0.2
00301560,淄博金晶博山超白建筑级,003,超白,10,3660,2600,0.2
00301559,淄博金晶博山超白建筑级,003,超白,10,3660,2440,0.2
00301558,淄博金晶博山超白建筑级,003,超白,8,3660,2800,0.2
00301557,淄博金晶博山超白建筑级,003,超白,6,3660,2440,0.2
00301556,淄博金晶博山超白建筑级,003,超白,6,3300,2440,0.2
00301555,淄博金晶博山超白建筑级,003,超白,5,3660,2800,0.2
00301554,淄博金晶博山超白建筑级,003,超白,5,3660,2600,0.2
00301553,淄博金晶博山超白建筑级,003,超白,5,3660,2440,0.2
00301552,淄博金晶博山超白建筑级,003,超白,5,3300,2440,0.2
00301551,株洲旗滨超白汽车级,003,超白,7.2,3660,2440,0.2
00301550,株洲醴陵旗滨超白汽车级,003,超白,12,4280,3050,0
00301549,株洲醴陵旗滨超白汽车级,003,超白,12,4000,3050,0
00301548,株洲醴陵旗滨超白汽车级,003,超白,12,3980,3050,0
00301547,株洲醴陵旗滨超白汽车级,003,超白,12,3660,2630,0
00301546,株洲醴陵旗滨超白汽车级,003,超白,12,3660,2440,0
00301545,株洲醴陵旗滨超白汽车级,003,超白,12,3300,2800,0
00301544,株洲醴陵旗滨超白汽车级,003,超白,12,3050,2740,0
00301543,株洲醴陵旗滨超白汽车级,003,超白,10,3660,2440,0
00301542,株洲醴陵旗滨超白汽车级,003,超白,10,3300,3050,0
00301541,株洲醴陵旗滨超白汽车级,003,超白,8,3700,3300,0
00301540,株洲醴陵旗滨超白汽车级,003,超白,8,3660,2800,0
00301539,株洲醴陵旗滨超白汽车级,003,超白,8,3660,2440,0
00301538,株洲醴陵旗滨超白汽车级,003,超白,8,3660,2280,0
00301537,株洲醴陵旗滨超白汽车级,003,超白,8,3660,2250,0
00301536,株洲醴陵旗滨超白汽车级,003,超白,8,3660,2140,0
00301535,株洲醴陵旗滨超白汽车级,003,超白,8,3300,3050,0
00301534,株洲醴陵旗滨超白汽车级,003,超白,8,3050,2440,0
00301533,株洲醴陵旗滨超白汽车级,003,超白,7,3660,2440,0.2
00301532,株洲醴陵旗滨超白汽车级,003,超白,7,3660,2140,0.2
00301531,株洲醴陵旗滨超白汽车级,003,超白,6.8,3660,2440,0
00301530,株洲醴陵旗滨超白汽车级,003,超白,6,4280,3050,0
00301529,株洲醴陵旗滨超白汽车级,003,超白,6,4000,3300,0
00301528,株洲醴陵旗滨超白汽车级,003,超白,6,3660,3050,0
00301527,株洲醴陵旗滨超白汽车级,003,超白,6,3660,2440,0
00301526,株洲醴陵旗滨超白汽车级,003,超白,6,3660,2280,0
00301525,株洲醴陵旗滨超白汽车级,003,超白,6,3660,2140,0
00301524,株洲醴陵旗滨超白汽车级,003,超白,6,3300,2440,0
00301523,株洲醴陵旗滨超白汽车级,003,超白,6,3050,2280,0
00301522,株洲醴陵旗滨超白汽车级,003,超白,5,3660,2740,0
00301521,株洲醴陵旗滨超白汽车级,003,超白,5,3660,2440,0
00301520,株洲醴琳旗滨超白汽车级,003,超白,6.8,3660,2440,0
00301519,株洲醴琳旗滨超白汽车级,003,超白,6.8,3660,2250,0
00301518,株洲醴琳旗滨超白汽车级,003,超白,6.8,3660,2140,0
00301517,漳州旗滨超白汽车级,003,超白,8,3300,2440,0
00301516,漳州旗滨超白汽车级,003,超白,7.2,3660,2440,0.2
00301515,漳州旗滨超白汽车级,003,超白,4,3660,2440,0
00301514,漳州旗滨超白汽车级,003,超白,4,3660,2140,0
00301513,张家港信义超白汽车级,003,超白,12,4580,2440,0
00301512,张家港信义超白汽车级,003,超白,12,4000,2440,0
00301511,张家港信义超白汽车级,003,超白,12,3660,2440,0
00301510,张家港信义超白汽车级,003,超白,10,4880,2140,0
00301509,张家港信义超白汽车级,003,超白,10,4280,2800,0
00301508,张家港信义超白汽车级,003,超白,10,4280,2700,0
00301507,张家港信义超白汽车级,003,超白,8,4280,2280,0
00301506,张家港信义超白汽车级,003,超白,8,3660,2440,0
00301505,张家港信义超白汽车级,003,超白,6,4280,2250,0
00301504,张家港信义超白汽车级,003,超白,6,3660,2440,0
00301503,张家港信义超白汽车级,003,超白,5,3660,2440,0
00301502,张家港信义超白汽车级,003,超白,5,3300,2440,0
00301501,新福兴超白汽车级,003,超白,12,4880,3050,0
00301500,新福兴超白汽车级,003,超白,12,4880,2800,0
00301499,新福兴超白汽车级,003,超白,12,4880,2700,0
00301498,新福兴超白汽车级,003,超白,12,4880,2140,0
00301497,新福兴超白汽车级,003,超白,12,4580,2140,0
00301496,新福兴超白汽车级,003,超白,12,3660,2440,0
00301495,新福兴超白汽车级,003,超白,12,3300,2440,0
00301494,新福兴超白汽车级,003,超白,12,3050,2140,0
00301493,新福兴超白汽车级,003,超白,10,4880,3050,0
00301492,新福兴超白汽车级,003,超白,10,3660,2440,0
00301491,新福兴超白汽车级,003,超白,8,4880,2630,0
00301490,新福兴超白汽车级,003,超白,8,4280,2900,0
00301489,新福兴超白汽车级,003,超白,8,3660,2440,0
00301488,新福兴超白汽车级,003,超白,8,3660,2250,0
00301487,新福兴超白汽车级,003,超白,8,3660,2140,0
00301486,新福兴超白汽车级,003,超白,6.9,3660,2440,0.2
00301485,新福兴超白汽车级,003,超白,6.8,3660,2440,0.2
00301484,新福兴超白汽车级,003,超白,6.8,3660,2250,0.2
00301483,新福兴超白汽车级,003,超白,6,4880,3050,0
00301482,新福兴超白汽车级,003,超白,6,4880,2740,0
00301481,新福兴超白汽车级,003,超白,6,4280,2900,0
00301480,新福兴超白汽车级,003,超白,6,4000,3050,0
00301479,新福兴超白汽车级,003,超白,6,3660,2440,0
00301478,新福兴超白汽车级,003,超白,5,3660,2440,0
00301477,新福兴超白汽车级,003,超白,3.7,3660,2440,0.2
00301476,新福兴超白汽车级,003,超白,3.7,3660,2140,0.2
00301475,新福兴超白Q1级,003,超白,12,3660,2630,0
00301474,新福兴超白Q1级,003,超白,8,3660,2440,0
00301473,新福兴超白Q1级,003,超白,8,3660,2250,0
00301472,新福兴超白Q1级,003,超白,5,3660,2440,0
00301471,咸阳中玻超白汽车级,003,超白,12,3660,2250,0
00301470,咸阳中玻超白汽车级,003,超白,10,3660,2440,0
00301469,咸阳中玻超白汽车级,003,超白,10,3660,2250,0
00301468,咸阳中玻超白汽车级,003,超白,8,3660,2440,0
00301467,咸阳中玻超白汽车级,003,超白,8,3660,2250,0
00301466,咸阳中玻超白汽车级,003,超白,8,3300,2440,0
00301465,咸阳中玻超白汽车级,003,超白,7.8,3660,2440,0
00301464,咸阳中玻超白汽车级,003,超白,6,3660,2800,0
00301463,咸阳中玻超白汽车级,003,超白,6,3660,2800,0.2
00301462,咸阳中玻超白汽车级,003,超白,6,3660,2440,0
00301461,咸阳中玻超白汽车级,003,超白,6,3660,2280,0
00301460,咸阳中玻超白汽车级,003,超白,6,3660,2250,0
00301459,咸阳中玻超白汽车级,003,超白,6,3660,2100,0
00301458,咸阳中玻超白汽车级,003,超白,6,3300,2440,0
00301457,咸阳中玻超白汽车级,003,超白,5,3660,2440,0
00301456,咸阳中玻超白汽车级,003,超白,4.4,3660,2440,0
00301455,咸阳中玻超白汽车级,003,超白,3.9,3660,2440,0
00301454,咸阳中玻超白汽车级,003,超白,3.9,2440,1830,0
00301453,咸阳中玻超白汽车级,003,超白,3.2,3660,2440,0
00301452,咸阳中玻超白汽车级,003,超白,3,2440,1830,0
00301451,咸阳中玻超白汽车级,003,超白,2.5,2440,1830,0
00301450,咸阳中玻超白建筑级,003,超白,12,3660,2800,0
00301449,咸阳中玻超白建筑级,003,超白,10,3660,2440,0
00301448,咸阳中玻超白建筑级,003,超白,8,3660,2440,0
00301447,咸阳中玻超白建筑级,003,超白,8,3660,2250,0
00301446,咸阳中玻超白建筑级,003,超白,7.8,3660,2440,0
00301445,咸阳中玻超白建筑级,003,超白,7.8,3300,2440,0
00301444,咸阳中玻超白建筑级,003,超白,6,3660,2800,0
00301443,咸阳中玻超白建筑级,003,超白,6,3660,2600,0
00301442,咸阳中玻超白建筑级,003,超白,6,3660,2440,0
00301441,咸阳中玻超白建筑级,003,超白,6,3300,2440,0
00301440,咸阳中玻超白建筑级,003,超白,5,3660,2440,0
00301439,咸阳中玻超白建筑级,003,超白,4.4,3660,2440,0
00301438,咸阳中玻超白建筑级,003,超白,4.4,3660,2140,0
00301437,咸阳中玻超白建筑级,003,超白,3.9,3660,2600,0
00301436,咸阳中玻超白建筑级,003,超白,3.9,3660,2440,0
00301435,咸阳中玻超白建筑级,003,超白,3.9,3660,2140,0
00301434,咸阳中玻超白建筑级,003,超白,3.9,3350,2440,0
00301433,咸阳中玻超白建筑级,003,超白,3.9,3300,2440,0
00301432,咸阳中玻超白建筑级,003,超白,3.8,3660,2440,0
00301431,咸阳中玻超白建筑级,003,超白,3.3,3660,2440,0
00301430,咸阳中玻超白建筑级,003,超白,2.5,2440,1830,0
00301429,咸阳南玻超白汽车级,003,超白,12,3300,2600,0
00301428,咸阳南玻超白汽车级,003,超白,10,4280,3300,0
00301427,咸宁南玻超白汽车级,003,超白,19,6000,3300,0
00301426,咸宁南玻超白汽车级,003,超白,19,5000,3300,0
00301425,咸宁南玻超白汽车级,003,超白,19,4880,3300,0
00301424,咸宁南玻超白汽车级,003,超白,19,3660,2800,0.2
00301423,咸宁南玻超白汽车级,003,超白,19,3660,2440,0.2
00301422,咸宁南玻超白汽车级,003,超白,19,3450,3300,0
00301421,咸宁南玻超白汽车级,003,超白,19,3300,2440,0.2
00301420,咸宁南玻超白汽车级,003,超白,15,3660,2800,0.2
00301419,咸宁南玻超白汽车级,003,超白,15,3660,2440,0.2
00301418,咸宁南玻超白汽车级,003,超白,15,3300,2800,0.2
00301417,咸宁南玻超白汽车级,003,超白,15,3300,2440,0.2
00301416,咸宁南玻超白汽车级,003,超白,12,3660,2440,0.2
00301415,咸宁南玻超白汽车级,003,超白,10,3660,2440,0.2
00301414,咸宁南玻超白汽车级,003,超白,10,3300,2440,0.2
00301413,咸宁南玻超白汽车级,003,超白,8,3660,2440,0.2
00301412,咸宁南玻超白汽车级,003,超白,8,3660,2250,0
00301411,咸宁南玻超白汽车级,003,超白,8,3660,2140,0
00301410,咸宁南玻超白汽车级,003,超白,8,3050,3660,0
00301409,咸宁南玻超白汽车级,003,超白,6,3660,2440,0.2
00301408,咸宁南玻超白汽车级,003,超白,6,3660,2250,0.2
00301407,咸宁南玻超白汽车级,003,超白,6,3300,2650,0
00301406,咸宁南玻超白汽车级,003,超白,6,3300,2440,0
00301405,咸宁南玻超白汽车级,003,超白,6,3050,2440,0.2
00301404,咸宁南玻超白汽车级,003,超白,5,3660,2440,0.2
00301403,咸宁南玻超白汽车级,003,超白,5,3660,2140,0
00301402,咸宁南玻超白建筑级,003,超白,6,3660,2440,0.2
00301401,咸宁南玻超白建筑级,003,超白,6,3660,2250,0.2
00301400,吴江南玻超白汽车级,003,超白,12,4880,2440,0
00301399,吴江南玻超白汽车级,003,超白,12,4880,2140,0
00301398,吴江南玻超白汽车级,003,超白,12,4580,2140,0
00301397,吴江南玻超白汽车级,003,超白,12,4000,2280,0
00301396,吴江南玻超白汽车级,003,超白,10,4000,2280,0
00301395,天津耀皮超白汽车级,003,超白,12,3660,2800,0.2
00301394,天津耀皮超白汽车级,003,超白,12,3660,2440,0.2
00301393,天津耀皮超白汽车级,003,超白,10,3660,2800,0.2
00301392,天津耀皮超白汽车级,003,超白,10,3660,2600,0.2
00301391,天津耀皮超白汽车级,003,超白,10,3660,2440,0.2
00301390,天津耀皮超白汽车级,003,超白,8,3660,2440,0.2
00301389,天津耀皮超白汽车级,003,超白,6,3660,2440,0.2
00301388,天津耀皮超白汽车级,003,超白,5,3660,2440,0.2
00301387,天津信义超白汽车级,003,超白,12,5330,3050,0
00301386,天津信义超白汽车级,003,超白,12,4880,3300,0
00301385,天津信义超白汽车级,003,超白,12,4880,3050,0
00301384,天津信义超白汽车级,003,超白,12,4580,3300,0
00301383,天津信义超白汽车级,003,超白,12,3660,3300,0
00301382,天津信义超白汽车级,003,超白,12,3660,3050,0
00301381,天津信义超白汽车级,003,超白,12,3660,2440,0
00301380,天津信义超白汽车级,003,超白,12,3300,2740,0
00301379,天津信义超白汽车级,003,超白,12,3300,2440,0
00301378,天津信义超白汽车级,003,超白,10,5500,3300,0
00301377,天津信义超白汽车级,003,超白,10,5500,3050,0
00301376,天津信义超白汽车级,003,超白,10,5100,3300,0
00301375,天津信义超白汽车级,003,超白,10,5000,3050,0
00301374,天津信义超白汽车级,003,超白,10,4880,3300,0
00301373,天津信义超白汽车级,003,超白,10,4880,3050,0
00301372,天津信义超白汽车级,003,超白,10,4580,3300,0
00301371,天津信义超白汽车级,003,超白,10,4280,3050,0
00301370,天津信义超白汽车级,003,超白,10,4020,3300,0
00301369,天津信义超白汽车级,003,超白,10,3660,3300,0
00301368,天津信义超白汽车级,003,超白,10,3660,2800,0
00301367,天津信义超白汽车级,003,超白,10,3660,2740,0
00301366,天津信义超白汽车级,003,超白,10,3660,2440,0
00301365,天津信义超白汽车级,003,超白,10,3300,2740,0
00301364,天津信义超白汽车级,003,超白,10,3300,2440,0
00301363,天津信义超白汽车级,003,超白,10,3050,2740,0
00301362,天津信义超白汽车级,003,超白,10,3050,2440,0
00301361,天津信义超白汽车级,003,超白,8,4880,3300,0
00301360,天津信义超白汽车级,003,超白,8,4880,3050,0
00301359,天津信义超白汽车级,003,超白,8,4580,3300,0
00301358,天津信义超白汽车级,003,超白,8,4580,3050,0
00301357,天津信义超白汽车级,003,超白,8,3660,2740,0
00301356,天津信义超白汽车级,003,超白,8,3660,2440,0
00301355,天津信义超白汽车级,003,超白,8,3300,2440,0
00301354,天津信义超白汽车级,003,超白,8,3300,2140,0
00301353,天津信义超白汽车级,003,超白,8,3050,2800,0
00301352,天津信义超白汽车级,003,超白,8,3050,2740,0
00301351,天津信义超白汽车级,003,超白,8,3050,2600,0
00301350,天津信义超白汽车级,003,超白,8,3050,2440,0
00301349,天津信义超白汽车级,003,超白,8,3050,2300,0
00301348,天津信义超白汽车级,003,超白,8,3050,2140,0
00301347,天津信义超白汽车级,003,超白,7.3,3660,2440,0
00301346,天津信义超白汽车级,003,超白,6,4880,3300,0
00301345,天津信义超白汽车级,003,超白,6,4580,3050,0
00301344,天津信义超白汽车级,003,超白,6,3660,2800,0
00301343,天津信义超白汽车级,003,超白,6,3660,2740,0
00301342,天津信义超白汽车级,003,超白,6,3660,2600,0
00301341,天津信义超白汽车级,003,超白,6,3660,2500,0
00301340,天津信义超白汽车级,003,超白,6,3660,2440,0
00301339,天津信义超白汽车级,003,超白,6,3660,2250,0
00301338,天津信义超白汽车级,003,超白,6,3660,2140,0
00301337,天津信义超白汽车级,003,超白,6,3300,2600,0
00301336,天津信义超白汽车级,003,超白,6,3300,2440,0
00301335,天津信义超白汽车级,003,超白,6,3300,2300,0
00301334,天津信义超白汽车级,003,超白,6,3050,2740,0
00301333,天津信义超白汽车级,003,超白,6,3050,2440,0
00301332,天津信义超白汽车级,003,超白,5,4580,3300,0
00301331,天津信义超白汽车级,003,超白,5,3660,2740,0
00301330,天津信义超白汽车级,003,超白,5,3660,2440,0.2
00301329,天津信义超白汽车级,003,超白,5,3660,2140,0
00301328,天津信义超白汽车级,003,超白,5,3300,2740,0
00301327,天津信义超白汽车级,003,超白,5,3300,2440,0
00301326,天津信义超白汽车级,003,超白,5,3300,2140,0
00301325,天津信义超白汽车级,003,超白,5,3050,2740,0
00301324,天津信义超白汽车级,003,超白,5,3050,2440,0
00301323,天津信义超白汽车级,003,超白,5,3050,2140,0
00301322,天津信义超白过渡,003,超白,7.8,3660,2440,0.2
00301321,天津信义超白过渡,003,超白,7.8,3660,2140,0.2
00301320,天津信义超白过渡,003,超白,5,3660,2440,0.2
00301319,天津信义超白XERB0060,003,超白,8,3660,3050,0
00301318,天津信义超白XERB0060,003,超白,6,3300,2140,0
00301317,天津信义超白PT级,003,超白,10,3660,2440,0.2
00301316,天津信义超白PT级,003,超白,10,3300,2440,0
00301315,天津信义超白PT级,003,超白,6,3300,2440,0.2
00301314,天津台玻超白汽车级,003,超白,10,3660,2440,0.2
00301313,天津台玻超白汽车级,003,超白,10,3300,2700,0
00301312,天津台玻超白汽车级,003,超白,7.3,3660,2440,0.2
00301311,天津台玻超白汽车级,003,超白,7.3,3660,2140,0.2
00301310,天津台玻超白汽车级,003,超白,7.1,3660,2440,0.2
00301309,天津台玻超白汽车级,003,超白,7.1,3660,2250,0.2
00301308,天津台玻超白汽车级,003,超白,7.1,3660,2140,0.2
00301307,天津台玻超白汽车级,003,超白,6.9,3660,2440,0.2
00301306,天津台玻超白汽车级,003,超白,6.8,3660,2440,0.2
00301305,天津台玻超白汽车级,003,超白,6.7,3660,2440,0.2
00301304,天津台玻超白汽车级,003,超白,6.7,3660,2250,0.2
00301303,天津台玻超白汽车级,003,超白,6.7,3660,2140,0.2
00301302,天津台玻超白建筑级,003,超白,10,3660,2440,0
00301301,天津台玻超白建筑级,003,超白,10,3050,2140,0
00301300,天津台玻超白建筑级,003,超白,8,3300,2600,0
00301299,天津台玻超白建筑级,003,超白,8,3300,2440,0
00301298,天津台玻超白建筑级,003,超白,6,3660,2440,0.2
00301297,天津台玻超白建筑级,003,超白,6,3300,2440,0.2
00301296,天津台玻超白建筑级,003,超白,5,3660,2440,0.2
00301295,天津南玻超白汽车级,003,超白,12,3300,2600,0
00301294,天津南玻超白汽车级,003,超白,10,4280,3300,0
00301293,滕州金晶超白汽车级,003,超白,12,4880,3300,0
00301292,滕州金晶超白汽车级,003,超白,12,4880,3050,0
00301291,滕州金晶超白汽车级,003,超白,12,4880,3000,0
00301290,滕州金晶超白汽车级,003,超白,12,4880,2800,0
00301289,滕州金晶超白汽车级,003,超白,12,4880,2600,0
00301288,滕州金晶超白汽车级,003,超白,12,4880,2440,0
00301287,滕州金晶超白汽车级,003,超白,12,4880,2250,0
00301286,滕州金晶超白汽车级,003,超白,12,4880,2140,0
00301285,滕州金晶超白汽车级,003,超白,12,4580,3300,0
00301284,滕州金晶超白汽车级,003,超白,12,4580,2800,0
00301283,滕州金晶超白汽车级,003,超白,12,4580,2600,0
00301282,滕州金晶超白汽车级,003,超白,12,4580,2540,0
00301281,滕州金晶超白汽车级,003,超白,12,4580,2440,0
00301280,滕州金晶超白汽车级,003,超白,12,4280,3000,0
00301279,滕州金晶超白汽车级,003,超白,12,4280,2800,0
00301278,滕州金晶超白汽车级,003,超白,12,3660,2900,0
00301277,滕州金晶超白汽车级,003,超白,12,3660,2800,0
00301276,滕州金晶超白汽车级,003,超白,12,3660,2700,0
00301275,滕州金晶超白汽车级,003,超白,12,3660,2600,0
00301274,滕州金晶超白汽车级,003,超白,12,3660,2440,0
00301273,滕州金晶超白汽车级,003,超白,12,3660,2250,0
00301272,滕州金晶超白汽车级,003,超白,12,3660,2160,0
00301271,滕州金晶超白汽车级,003,超白,12,3660,2140,0
00301270,滕州金晶超白汽车级,003,超白,12,3660,2134,0
00301269,滕州金晶超白汽车级,003,超白,12,3300,2800,0
00301268,滕州金晶超白汽车级,003,超白,12,3300,2600,0
00301267,滕州金晶超白汽车级,003,超白,12,3300,2440,0
00301266,滕州金晶超白汽车级,003,超白,12,3050,2800,0
00301265,滕州金晶超白汽车级,003,超白,12,3050,2134,0
00301264,滕州金晶超白汽车级,003,超白,10,4880,3300,0
00301263,滕州金晶超白汽车级,003,超白,10,4880,3050,0
00301262,滕州金晶超白汽车级,003,超白,10,4880,2800,0
00301261,滕州金晶超白汽车级,003,超白,10,4880,2600,0
00301260,滕州金晶超白汽车级,003,超白,10,4880,2440,0
00301259,滕州金晶超白汽车级,003,超白,10,4580,3300,0
00301258,滕州金晶超白汽车级,003,超白,10,4280,2500,0
00301257,滕州金晶超白汽车级,003,超白,10,3660,2900,0
00301256,滕州金晶超白汽车级,003,超白,10,3660,2800,0
00301255,滕州金晶超白汽车级,003,超白,10,3660,2740,0
00301254,滕州金晶超白汽车级,003,超白,10,3660,2700,0
00301253,滕州金晶超白汽车级,003,超白,10,3660,2600,0
00301252,滕州金晶超白汽车级,003,超白,10,3660,2550,0
00301251,滕州金晶超白汽车级,003,超白,10,3660,2440,0
00301250,滕州金晶超白汽车级,003,超白,10,3660,2250,0
00301249,滕州金晶超白汽车级,003,超白,10,3660,2140,0
00301248,滕州金晶超白汽车级,003,超白,10,3660,2134,0
00301247,滕州金晶超白汽车级,003,超白,10,3300,2800,0
00301246,滕州金晶超白汽车级,003,超白,10,3300,2740,0
00301245,滕州金晶超白汽车级,003,超白,10,3300,2600,0
00301244,滕州金晶超白汽车级,003,超白,10,3300,2440,0
00301243,滕州金晶超白汽车级,003,超白,10,3300,2250,0
00301242,滕州金晶超白汽车级,003,超白,10,3300,2140,0
00301241,滕州金晶超白汽车级,003,超白,10,3300,2134,0
00301240,滕州金晶超白汽车级,003,超白,10,3300,2080,0
00301239,滕州金晶超白汽车级,003,超白,10,3050,2800,0
00301238,滕州金晶超白汽车级,003,超白,8,4880,3300,0
00301237,滕州金晶超白汽车级,003,超白,8,4880,2800,0
00301236,滕州金晶超白汽车级,003,超白,8,4880,2740,0
00301235,滕州金晶超白汽车级,003,超白,8,4880,2440,0
00301234,滕州金晶超白汽车级,003,超白,8,4880,2280,0
00301233,滕州金晶超白汽车级,003,超白,8,4580,3050,0
00301232,滕州金晶超白汽车级,003,超白,8,4580,2900,0
00301231,滕州金晶超白汽车级,003,超白,8,4580,2440,0
00301230,滕州金晶超白汽车级,003,超白,8,4580,2280,0
00301229,滕州金晶超白汽车级,003,超白,8,4580,2140,0
00301228,滕州金晶超白汽车级,003,超白,8,4580,2100,0
00301227,滕州金晶超白汽车级,003,超白,8,3660,2800,0
00301226,滕州金晶超白汽车级,003,超白,8,3660,2600,0
00301225,滕州金晶超白汽车级,003,超白,8,3660,2550,0
00301224,滕州金晶超白汽车级,003,超白,8,3660,2440,0
00301223,滕州金晶超白汽车级,003,超白,8,3660,2340,0
00301222,滕州金晶超白汽车级,003,超白,8,3660,2290,0
00301221,滕州金晶超白汽车级,003,超白,8,3660,2280,0
00301220,滕州金晶超白汽车级,003,超白,8,3660,2250,0
00301219,滕州金晶超白汽车级,003,超白,8,3660,2140,0
00301218,滕州金晶超白汽车级,003,超白,8,3660,2134,0
00301217,滕州金晶超白汽车级,003,超白,8,3660,2003,0
00301216,滕州金晶超白汽车级,003,超白,8,3660,2000,0
00301215,滕州金晶超白汽车级,003,超白,8,3300,2800,0
00301214,滕州金晶超白汽车级,003,超白,8,3300,2550,0
00301213,滕州金晶超白汽车级,003,超白,8,3300,2440,0
00301212,滕州金晶超白汽车级,003,超白,8,3300,2250,0
00301211,滕州金晶超白汽车级,003,超白,8,3050,2440,0
00301210,滕州金晶超白汽车级,003,超白,7.4,3660,2440,0
00301209,滕州金晶超白汽车级,003,超白,7.3,3660,2440,0
00301208,滕州金晶超白汽车级,003,超白,7.2,3660,2440,0
00301207,滕州金晶超白汽车级,003,超白,7.2,3660,2250,0
00301206,滕州金晶超白汽车级,003,超白,7.1,3660,2440,0
00301205,滕州金晶超白汽车级,003,超白,7,3660,2250,0
00301204,滕州金晶超白汽车级,003,超白,6.9,3660,2440,0
00301203,滕州金晶超白汽车级,003,超白,6.7,3660,2440,0
00301202,滕州金晶超白汽车级,003,超白,6,4880,3300,0
00301201,滕州金晶超白汽车级,003,超白,6,4880,3050,0
00301200,滕州金晶超白汽车级,003,超白,6,4880,2800,0
00301199,滕州金晶超白汽车级,003,超白,6,3660,2900,0
00301198,滕州金晶超白汽车级,003,超白,6,3660,2800,0
00301197,滕州金晶超白汽车级,003,超白,6,3660,2740,0
00301196,滕州金晶超白汽车级,003,超白,6,3660,2600,0
00301195,滕州金晶超白汽车级,003,超白,6,3660,2440,0
00301194,滕州金晶超白汽车级,003,超白,6,3660,2250,0
00301193,滕州金晶超白汽车级,003,超白,6,3660,2140,0
00301192,滕州金晶超白汽车级,003,超白,6,3660,2134,0
00301191,滕州金晶超白汽车级,003,超白,6,3300,2800,0
00301190,滕州金晶超白汽车级,003,超白,6,3300,2740,0
00301189,滕州金晶超白汽车级,003,超白,6,3300,2600,0
00301188,滕州金晶超白汽车级,003,超白,6,3300,2440,0
00301187,滕州金晶超白汽车级,003,超白,6,3300,2250,0
00301186,滕州金晶超白汽车级,003,超白,6,3300,2134,0
00301185,滕州金晶超白汽车级,003,超白,6,3300,2120,0
00301184,滕州金晶超白汽车级,003,超白,6,3050,2140,0
00301183,滕州金晶超白汽车级,003,超白,6,2440,1830,0
00301182,滕州金晶超白汽车级,003,超白,5,3660,2800,0
00301181,滕州金晶超白汽车级,003,超白,5,3660,2740,0
00301180,滕州金晶超白汽车级,003,超白,5,3660,2600,0
00301179,滕州金晶超白汽车级,003,超白,5,3660,2440,0
00301178,滕州金晶超白汽车级,003,超白,5,3660,2280,0
00301177,滕州金晶超白汽车级,003,超白,5,3660,2250,0
00301176,滕州金晶超白汽车级,003,超白,5,3660,2140,0
00301175,滕州金晶超白汽车级,003,超白,5,3660,2134,0
00301174,滕州金晶超白汽车级,003,超白,5,3300,2800,0
00301173,滕州金晶超白汽车级,003,超白,5,3300,2600,0
00301172,滕州金晶超白汽车级,003,超白,5,3300,2500,0
00301171,滕州金晶超白汽车级,003,超白,5,3300,2440,0
00301170,滕州金晶超白汽车级,003,超白,5,3300,2250,0
00301169,滕州金晶超白汽车级,003,超白,5,3300,2140,0
00301168,滕州金晶超白汽车级,003,超白,5,3050,2800,0
00301167,滕州金晶超白汽车级,003,超白,5,3050,2440,0
00301166,滕州金晶超白汽车级,003,超白,5,3050,2140,0
00301165,滕州金晶超白汽车级,003,超白,5,2440,1830,0
00301164,滕州金晶超白汽车级,003,超白,4.8,3660,2440,0
00301163,滕州金晶超白汽车级,003,超白,4.6,3660,2600,0
00301162,滕州金晶超白汽车级,003,超白,4.6,3660,2440,0
00301161,滕州金晶超白汽车级,003,超白,4.6,3660,2140,0
00301160,滕州金晶超白汽车级,003,超白,4,3660,2800,0
00301159,滕州金晶超白汽车级,003,超白,4,3660,2440,0
00301158,滕州金晶超白汽车级,003,超白,4,3660,2140,0
00301157,滕州金晶超白汽车级,003,超白,3.7,3660,2250,0
00301156,滕州金晶超白汽车级,003,超白,3.2,3660,2440,0
00301155,滕州金晶超白汽车级,003,超白,3.2,3660,2140,0
00301154,滕州金晶超白建筑级,003,超白,12,4880,3000,0
00301153,滕州金晶超白建筑级,003,超白,12,3660,2800,0
00301152,滕州金晶超白建筑级,003,超白,12,3660,2740,0
00301151,滕州金晶超白建筑级,003,超白,12,3660,2600,0
00301150,滕州金晶超白建筑级,003,超白,12,3660,2500,0
00301149,滕州金晶超白建筑级,003,超白,12,3660,2440,0
00301148,滕州金晶超白建筑级,003,超白,12,3660,2250,0
00301147,滕州金晶超白建筑级,003,超白,12,3660,2140,0
00301146,滕州金晶超白建筑级,003,超白,12,3300,2740,0
00301145,滕州金晶超白建筑级,003,超白,12,3300,2440,0
00301144,滕州金晶超白建筑级,003,超白,10,3660,2800,0
00301143,滕州金晶超白建筑级,003,超白,10,3660,2740,0
00301142,滕州金晶超白建筑级,003,超白,10,3660,2600,0
00301141,滕州金晶超白建筑级,003,超白,10,3660,2550,0
00301140,滕州金晶超白建筑级,003,超白,10,3660,2440,0
00301139,滕州金晶超白建筑级,003,超白,10,3660,2250,0
00301138,滕州金晶超白建筑级,003,超白,10,3660,2200,0
00301137,滕州金晶超白建筑级,003,超白,10,3660,2140,0
00301136,滕州金晶超白建筑级,003,超白,10,3300,2740,0
00301135,滕州金晶超白建筑级,003,超白,10,3300,2440,0
00301134,滕州金晶超白建筑级,003,超白,10,3300,2140,0
00301133,滕州金晶超白建筑级,003,超白,10,3300,2134,0
00301132,滕州金晶超白建筑级,003,超白,8,4880,3300,0
00301131,滕州金晶超白建筑级,003,超白,8,3660,2940,0
00301130,滕州金晶超白建筑级,003,超白,8,3660,2900,0
00301129,滕州金晶超白建筑级,003,超白,8,3660,2800,0
00301128,滕州金晶超白建筑级,003,超白,8,3660,2600,0
00301127,滕州金晶超白建筑级,003,超白,8,3660,2550,0
00301126,滕州金晶超白建筑级,003,超白,8,3660,2440,0
00301125,滕州金晶超白建筑级,003,超白,8,3660,2290,0
00301124,滕州金晶超白建筑级,003,超白,8,3660,2280,0
00301123,滕州金晶超白建筑级,003,超白,8,3660,2250,0
00301122,滕州金晶超白建筑级,003,超白,8,3660,2160,0
00301121,滕州金晶超白建筑级,003,超白,8,3660,2140,0
00301120,滕州金晶超白建筑级,003,超白,8,3660,2000,0
00301119,滕州金晶超白建筑级,003,超白,8,3660,1902,0
00301118,滕州金晶超白建筑级,003,超白,8,3300,2800,0
00301117,滕州金晶超白建筑级,003,超白,8,3300,2600,0
00301116,滕州金晶超白建筑级,003,超白,8,3300,2440,0
00301115,滕州金晶超白建筑级,003,超白,8,3300,2050,0
00301114,滕州金晶超白建筑级,003,超白,8,3300,2000,0
00301113,滕州金晶超白建筑级,003,超白,8,3050,2805,0
00301112,滕州金晶超白建筑级,003,超白,8,3050,2250,0
00301111,滕州金晶超白建筑级,003,超白,8,3050,2134,0
00301110,滕州金晶超白建筑级,003,超白,6,3660,2800,0
00301109,滕州金晶超白建筑级,003,超白,6,3660,2600,0
00301108,滕州金晶超白建筑级,003,超白,6,3660,2540,0
00301107,滕州金晶超白建筑级,003,超白,6,3660,2440,0
00301106,滕州金晶超白建筑级,003,超白,6,3660,2250,0
00301105,滕州金晶超白建筑级,003,超白,6,3660,2140,0
00301104,滕州金晶超白建筑级,003,超白,6,3660,2134,0
00301103,滕州金晶超白建筑级,003,超白,6,3300,2800,0
00301102,滕州金晶超白建筑级,003,超白,6,3300,2600,0
00301101,滕州金晶超白建筑级,003,超白,6,3300,2440,0
00301100,滕州金晶超白建筑级,003,超白,6,3300,2250,0
00301099,滕州金晶超白建筑级,003,超白,6,3300,2100,0
00301098,滕州金晶超白建筑级,003,超白,6,3050,2440,0
00301097,滕州金晶超白建筑级,003,超白,6,2800,2000,0
00301096,滕州金晶超白建筑级,003,超白,6,2600,2000,0
00301095,滕州金晶超白建筑级,003,超白,6,2440,1830,0
00301094,滕州金晶超白建筑级,003,超白,5,3660,2800,0
00301093,滕州金晶超白建筑级,003,超白,5,3660,2600,0
00301092,滕州金晶超白建筑级,003,超白,5,3660,2440,0
00301091,滕州金晶超白建筑级,003,超白,5,3660,2286,0
00301090,滕州金晶超白建筑级,003,超白,5,3660,2250,0
00301089,滕州金晶超白建筑级,003,超白,5,3660,2134,0
00301088,滕州金晶超白建筑级,003,超白,5,3660,2002,0
00301087,滕州金晶超白建筑级,003,超白,5,2440,1830,0
00301086,滕州金晶超白建筑级,003,超白,4.8,3660,2800,0
00301085,滕州金晶超白建筑级,003,超白,4.8,3660,2440,0
00301084,滕州金晶超白建筑级,003,超白,4.8,3660,2134,0
00301083,滕州金晶超白建筑级,003,超白,4.8,3300,2500,0
00301082,滕州金晶超白建筑级,003,超白,4,3300,2134,0
00301081,四川德阳信超白汽车级,003,超白,15,6000,3300,0
00301080,四川德阳信超白汽车级,003,超白,15,4880,3300,0
00301079,四川德阳信超白汽车级,003,超白,12,5800,2800,0
00301078,四川德阳信超白汽车级,003,超白,12,4880,2800,0
00301077,四川德阳信超白汽车级,003,超白,10,6000,3050,0
00301076,四川德阳信超白汽车级,003,超白,8,4580,3300,0
00301075,绍兴旗滨超白汽车级,003,超白,12,3660,2800,0
00301074,绍兴旗滨超白汽车级,003,超白,12,3660,2440,0
00301073,绍兴旗滨超白汽车级,003,超白,12,3050,2600,0
00301072,绍兴旗滨超白汽车级,003,超白,10,3660,2800,0
00301071,绍兴旗滨超白汽车级,003,超白,10,3660,2740,0
00301070,绍兴旗滨超白汽车级,003,超白,10,3660,2440,0
00301069,绍兴旗滨超白汽车级,003,超白,10,3300,2740,0
00301068,绍兴旗滨超白汽车级,003,超白,8,4880,3050,0
00301067,绍兴旗滨超白汽车级,003,超白,8,4580,3300,0
00301066,绍兴旗滨超白汽车级,003,超白,8,3660,2800,0
00301065,绍兴旗滨超白汽车级,003,超白,8,3660,2440,0
00301064,绍兴旗滨超白汽车级,003,超白,8,3050,2740,0
00301063,绍兴旗滨超白汽车级,003,超白,8,3050,2440,0
00301062,绍兴旗滨超白汽车级,003,超白,7.5,3660,2440,0
00301061,绍兴旗滨超白汽车级,003,超白,7.5,3660,2250,0.2
00301060,绍兴旗滨超白汽车级,003,超白,7.5,3660,2140,0
00301059,绍兴旗滨超白汽车级,003,超白,7.2,3660,2440,0
00301058,绍兴旗滨超白汽车级,003,超白,7.2,3660,2250,0
00301057,绍兴旗滨超白汽车级,003,超白,6.8,3660,2440,0
00301056,绍兴旗滨超白汽车级,003,超白,6.7,3660,2440,0
00301055,绍兴旗滨超白汽车级,003,超白,6.7,3660,2140,0
00301054,绍兴旗滨超白汽车级,003,超白,6.4,3660,2440,0
00301053,绍兴旗滨超白汽车级,003,超白,6.4,3660,2140,0
00301052,绍兴旗滨超白汽车级,003,超白,6,4280,3050,0
00301051,绍兴旗滨超白汽车级,003,超白,6,3660,2630,0
00301050,绍兴旗滨超白汽车级,003,超白,6,3660,2440,0
00301049,绍兴旗滨超白汽车级,003,超白,6,3300,2140,0
00301048,绍兴旗滨超白汽车级,003,超白,5,3660,2440,0
00301047,绍兴旗滨超白汽车级,003,超白,5,3660,2140,0
00301046,绍兴旗滨超白汽车级,003,超白,4.5,3660,2600,0
00301045,绍兴旗滨超白汽车级,003,超白,4.5,3660,2440,0
00301044,绍兴旗滨超白汽车级,003,超白,4.5,3660,2140,0
00301043,绍兴旗滨超白汽车级,003,超白,4.5,3300,2440,0
00301042,绍兴旗滨超白汽车级,003,超白,4,3660,2440,0
00301041,绍兴旗滨超白汽车级,003,超白,3.5,3660,2440,0
00301040,绍兴旗滨超白汽车级,003,超白,3.5,3660,2250,0
00301039,绍兴旗滨超白汽车级,003,超白,3.5,3660,2140,0
00301038,商丘中联超白制造优级（包塑）,003,超白,3.2,3660,2800,0
00301037,商丘中联超白制造优级（包塑）,003,超白,3.2,3660,2440,0
00301036,商丘中联超白制造优级（包塑）,003,超白,3.2,2440,1830,0
00301035,商丘中联超白制造优级,003,超白,5,3660,2440,0
00301034,商丘中联超白制造优级,003,超白,4,3660,2440,0
00301033,商丘中联超白至臻,003,超白,6,3660,2440,0
00301032,商丘中联超白至臻,003,超白,5,3660,2440,0
00301031,商丘中联超白至臻,003,超白,5,3300,2250,0
00301030,商丘中联超白至臻,003,超白,4,3660,2440,0
00301029,商丘中联超白至臻,003,超白,4,3660,2140,0
00301028,商丘中联超白至臻,003,超白,3.2,2440,1830,0
00301027,商丘中联超白汽车级,003,超白,15,11000,3300,0
00301026,商丘中联超白汽车级,003,超白,15,10000,3660,0
00301025,商丘中联超白汽车级,003,超白,15,10000,3300,0
00301024,商丘中联超白汽车级,003,超白,15,9000,3300,0
00301023,商丘中联超白汽车级,003,超白,15,8500,3300,0
00301022,商丘中联超白汽车级,003,超白,15,7500,3660,0
00301021,商丘中联超白汽车级,003,超白,15,7500,3300,0
00301020,商丘中联超白汽车级,003,超白,15,7000,3660,0
00301019,商丘中联超白汽车级,003,超白,15,7000,3600,0
00301018,商丘中联超白汽车级,003,超白,15,7000,3300,0
00301017,商丘中联超白汽车级,003,超白,15,6500,3300,0
00301016,商丘中联超白汽车级,003,超白,15,6500,3250,0
00301015,商丘中联超白汽车级,003,超白,15,6000,3300,0
00301014,商丘中联超白汽车级,003,超白,15,5675,3300,0
00301013,商丘中联超白汽车级,003,超白,15,5500,3600,0
00301012,商丘中联超白汽车级,003,超白,15,5500,3300,0
00301011,商丘中联超白汽车级,003,超白,15,5100,3300,0
00301010,商丘中联超白汽车级,003,超白,15,5000,3660,0
00301009,商丘中联超白汽车级,003,超白,15,5000,3300,0
00301008,商丘中联超白汽车级,003,超白,15,4880,3300,0
00301007,商丘中联超白汽车级,003,超白,15,4580,3660,0
00301006,商丘中联超白汽车级,003,超白,15,4580,3300,0
00301005,商丘中联超白汽车级,003,超白,15,4500,3660,0
00301004,商丘中联超白汽车级,003,超白,15,4500,3600,0
00301003,商丘中联超白汽车级,003,超白,15,4500,3300,0
00301002,商丘中联超白汽车级,003,超白,15,4000,3660,0
00301001,商丘中联超白汽车级,003,超白,15,4000,3300,0
00301000,商丘中联超白汽车级,003,超白,15,3660,7000,0
00300999,商丘中联超白汽车级,003,超白,15,3660,6000,0
00300998,商丘中联超白汽车级,003,超白,15,3660,3300,0
00300997,商丘中联超白汽车级,003,超白,15,3660,2440,0
00300996,商丘中联超白汽车级,003,超白,15,3660,2140,0
00300995,商丘中联超白汽车级,003,超白,15,3300,11000,0
00300994,商丘中联超白汽车级,003,超白,15,3300,2800,0
00300993,商丘中联超白汽车级,003,超白,15,3300,2250,0
00300992,商丘中联超白汽车级,003,超白,12,11000,3300,0
00300991,商丘中联超白汽车级,003,超白,12,8500,3300,0
00300990,商丘中联超白汽车级,003,超白,12,8000,3660,0
00300989,商丘中联超白汽车级,003,超白,12,8000,3300,0
00300988,商丘中联超白汽车级,003,超白,12,7500,3660,0
00300987,商丘中联超白汽车级,003,超白,12,7500,3300,0
00300986,商丘中联超白汽车级,003,超白,12,7000,3660,0
00300985,商丘中联超白汽车级,003,超白,12,7000,3300,0
00300984,商丘中联超白汽车级,003,超白,12,6762,3300,0
00300983,商丘中联超白汽车级,003,超白,12,6100,3300,0
00300982,商丘中联超白汽车级,003,超白,12,6000,3660,0
00300981,商丘中联超白汽车级,003,超白,12,6000,3610,0
00300980,商丘中联超白汽车级,003,超白,12,6000,3600,0
00300979,商丘中联超白汽车级,003,超白,12,6000,3300,0
00300978,商丘中联超白汽车级,003,超白,12,5600,3300,0
00300977,商丘中联超白汽车级,003,超白,12,5580,3300,0
00300976,商丘中联超白汽车级,003,超白,12,5500,3300,0
00300975,商丘中联超白汽车级,003,超白,12,5300,3300,0
00300974,商丘中联超白汽车级,003,超白,12,5270,3300,0
00300973,商丘中联超白汽车级,003,超白,12,5200,3300,0
00300972,商丘中联超白汽车级,003,超白,12,5100,3300,0
00300971,商丘中联超白汽车级,003,超白,12,5000,3660,0
00300970,商丘中联超白汽车级,003,超白,12,5000,3300,0
00300969,商丘中联超白汽车级,003,超白,12,4900,3660,0
00300968,商丘中联超白汽车级,003,超白,12,4900,3300,0
00300967,商丘中联超白汽车级,003,超白,12,4880,3660,0
00300966,商丘中联超白汽车级,003,超白,12,4880,3300,0
00300965,商丘中联超白汽车级,003,超白,12,4750,3660,0
00300964,商丘中联超白汽车级,003,超白,12,4700,3660,0
00300963,商丘中联超白汽车级,003,超白,12,4700,3300,0
00300962,商丘中联超白汽车级,003,超白,12,4650,3300,0
00300961,商丘中联超白汽车级,003,超白,12,4600,3300,0
00300960,商丘中联超白汽车级,003,超白,12,4580,3300,0
00300959,商丘中联超白汽车级,003,超白,12,4500,3660,0
00300958,商丘中联超白汽车级,003,超白,12,4500,3300,0
00300957,商丘中联超白汽车级,003,超白,12,4300,3660,0
00300956,商丘中联超白汽车级,003,超白,12,4280,3300,0
00300955,商丘中联超白汽车级,003,超白,12,4200,3300,0
00300954,商丘中联超白汽车级,003,超白,12,4000,3660,0
00300953,商丘中联超白汽车级,003,超白,12,4000,3300,0
00300952,商丘中联超白汽车级,003,超白,12,3920,3300,0
00300951,商丘中联超白汽车级,003,超白,12,3900,3300,0
00300950,商丘中联超白汽车级,003,超白,12,3850,3300,0
00300949,商丘中联超白汽车级,003,超白,12,3660,7000,0
00300948,商丘中联超白汽车级,003,超白,12,3660,4750,0
00300947,商丘中联超白汽车级,003,超白,12,3660,3300,0
00300946,商丘中联超白汽车级,003,超白,12,3660,3050,0
00300945,商丘中联超白汽车级,003,超白,12,3660,2850,0
00300944,商丘中联超白汽车级,003,超白,12,3660,2800,0
00300943,商丘中联超白汽车级,003,超白,12,3660,2600,0
00300942,商丘中联超白汽车级,003,超白,12,3660,2440,0
00300941,商丘中联超白汽车级,003,超白,12,3660,2250,0
00300940,商丘中联超白汽车级,003,超白,12,3660,2140,0
00300939,商丘中联超白汽车级,003,超白,12,3300,4000,0
00300938,商丘中联超白汽车级,003,超白,12,3300,3020,0
00300937,商丘中联超白汽车级,003,超白,12,3300,2800,0
00300936,商丘中联超白汽车级,003,超白,12,3300,2600,0
00300935,商丘中联超白汽车级,003,超白,12,3300,2440,0
00300934,商丘中联超白汽车级,003,超白,12,3300,2250,0
00300933,商丘中联超白汽车级,003,超白,12,3300,2140,0
00300932,商丘中联超白汽车级,003,超白,12,3300,2030,0
00300931,商丘中联超白汽车级,003,超白,12,3020,3300,0
00300930,商丘中联超白汽车级,003,超白,11.9,3660,2200,0
00300929,商丘中联超白汽车级,003,超白,11.8,7700,3660,0
00300928,商丘中联超白汽车级,003,超白,11.8,3660,2800,0
00300927,商丘中联超白汽车级,003,超白,11.8,3660,2600,0
00300926,商丘中联超白汽车级,003,超白,11.8,3660,2440,0
00300925,商丘中联超白汽车级,003,超白,10,8450,3300,0
00300924,商丘中联超白汽车级,003,超白,10,8000,3660,0
00300923,商丘中联超白汽车级,003,超白,10,8000,3300,0
00300922,商丘中联超白汽车级,003,超白,10,7975,3300,0
00300921,商丘中联超白汽车级,003,超白,10,7500,3660,0
00300920,商丘中联超白汽车级,003,超白,10,7500,3300,0
00300919,商丘中联超白汽车级,003,超白,10,7400,3300,0
00300918,商丘中联超白汽车级,003,超白,10,7300,3300,0
00300917,商丘中联超白汽车级,003,超白,10,7000,3660,0
00300916,商丘中联超白汽车级,003,超白,10,6500,3660,0
00300915,商丘中联超白汽车级,003,超白,10,6500,3300,0
00300914,商丘中联超白汽车级,003,超白,10,6300,3300,0
00300913,商丘中联超白汽车级,003,超白,10,6000,3660,0
00300912,商丘中联超白汽车级,003,超白,10,6000,3300,0
00300911,商丘中联超白汽车级,003,超白,10,5700,3660,0
00300910,商丘中联超白汽车级,003,超白,10,5500,3660,0
00300909,商丘中联超白汽车级,003,超白,10,5500,3300,0
00300908,商丘中联超白汽车级,003,超白,10,5300,3300,0
00300907,商丘中联超白汽车级,003,超白,10,5200,3300,0
00300906,商丘中联超白汽车级,003,超白,10,5100,3300,0
00300905,商丘中联超白汽车级,003,超白,10,5000,3660,0
00300904,商丘中联超白汽车级,003,超白,10,5000,3300,0
00300903,商丘中联超白汽车级,003,超白,10,4880,3300,0
00300902,商丘中联超白汽车级,003,超白,10,4880,3250,0
00300901,商丘中联超白汽车级,003,超白,10,4600,3660,0
00300900,商丘中联超白汽车级,003,超白,10,4580,3300,0
00300899,商丘中联超白汽车级,003,超白,10,4500,3660,0
00300898,商丘中联超白汽车级,003,超白,10,4500,3300,0
00300897,商丘中联超白汽车级,003,超白,10,4450,3300,0
00300896,商丘中联超白汽车级,003,超白,10,4400,3300,0
00300895,商丘中联超白汽车级,003,超白,10,4300,3660,0
00300894,商丘中联超白汽车级,003,超白,10,4300,3600,0
00300893,商丘中联超白汽车级,003,超白,10,4280,3300,0
00300892,商丘中联超白汽车级,003,超白,10,4000,3660,0
00300891,商丘中联超白汽车级,003,超白,10,4000,3300,0
00300890,商丘中联超白汽车级,003,超白,10,3800,3300,0
00300889,商丘中联超白汽车级,003,超白,10,3660,6000,0
00300888,商丘中联超白汽车级,003,超白,10,3660,4880,0
00300887,商丘中联超白汽车级,003,超白,10,3660,4800,0
00300886,商丘中联超白汽车级,003,超白,10,3660,3300,0
00300885,商丘中联超白汽车级,003,超白,10,3660,3050,0
00300884,商丘中联超白汽车级,003,超白,10,3660,2800,0
00300883,商丘中联超白汽车级,003,超白,10,3660,2740,0
00300882,商丘中联超白汽车级,003,超白,10,3660,2600,0
00300881,商丘中联超白汽车级,003,超白,10,3660,2500,0
00300880,商丘中联超白汽车级,003,超白,10,3660,2440,0
00300879,商丘中联超白汽车级,003,超白,10,3660,2250,0
00300878,商丘中联超白汽车级,003,超白,10,3660,2140,0
00300877,商丘中联超白汽车级,003,超白,10,3600,2440,0
00300876,商丘中联超白汽车级,003,超白,10,3300,2800,0
00300875,商丘中联超白汽车级,003,超白,10,3300,2600,0
00300874,商丘中联超白汽车级,003,超白,10,3300,2440,0
00300873,商丘中联超白汽车级,003,超白,10,3300,2140,0
00300872,商丘中联超白汽车级,003,超白,10,2500,3300,0
00300871,商丘中联超白汽车级,003,超白,10,2250,3300,0
00300870,商丘中联超白汽车级,003,超白,9.8,3660,2440,0
00300869,商丘中联超白汽车级,003,超白,9.8,3300,2440,0
00300868,商丘中联超白汽车级,003,超白,8,7500,3300,0
00300867,商丘中联超白汽车级,003,超白,8,7000,3660,0
00300866,商丘中联超白汽车级,003,超白,8,7000,3300,0
00300865,商丘中联超白汽车级,003,超白,8,6500,3300,0
00300864,商丘中联超白汽车级,003,超白,8,6000,3660,0
00300863,商丘中联超白汽车级,003,超白,8,6000,3300,0
00300862,商丘中联超白汽车级,003,超白,8,5960,3300,0
00300861,商丘中联超白汽车级,003,超白,8,5557,3300,0
00300860,商丘中联超白汽车级,003,超白,8,5500,3660,0
00300859,商丘中联超白汽车级,003,超白,8,5500,3300,0
00300858,商丘中联超白汽车级,003,超白,8,5100,3300,0
00300857,商丘中联超白汽车级,003,超白,8,5000,3660,0
00300856,商丘中联超白汽车级,003,超白,8,5000,3300,0
00300855,商丘中联超白汽车级,003,超白,8,4880,3660,0
00300854,商丘中联超白汽车级,003,超白,8,4880,3300,0
00300853,商丘中联超白汽车级,003,超白,8,4580,3300,0
00300852,商丘中联超白汽车级,003,超白,8,4500,3660,0
00300851,商丘中联超白汽车级,003,超白,8,4500,3300,0
00300850,商丘中联超白汽车级,003,超白,8,4300,3660,0
00300849,商丘中联超白汽车级,003,超白,8,4280,3660,0
00300848,商丘中联超白汽车级,003,超白,8,4280,3300,0
00300847,商丘中联超白汽车级,003,超白,8,4000,3660,0
00300846,商丘中联超白汽车级,003,超白,8,4000,3300,0
00300845,商丘中联超白汽车级,003,超白,8,4000,3250,0
00300844,商丘中联超白汽车级,003,超白,8,3800,3300,0
00300843,商丘中联超白汽车级,003,超白,8,3750,3300,0
00300842,商丘中联超白汽车级,003,超白,8,3660,4100,0
00300841,商丘中联超白汽车级,003,超白,8,3660,3300,0
00300840,商丘中联超白汽车级,003,超白,8,3660,3250,0
00300839,商丘中联超白汽车级,003,超白,8,3660,2850,0
00300838,商丘中联超白汽车级,003,超白,8,3660,2810,0
00300837,商丘中联超白汽车级,003,超白,8,3660,2800,0
00300836,商丘中联超白汽车级,003,超白,8,3660,2740,0
00300835,商丘中联超白汽车级,003,超白,8,3660,2600,0
00300834,商丘中联超白汽车级,003,超白,8,3660,2440,0
00300833,商丘中联超白汽车级,003,超白,8,3660,2280,0
00300832,商丘中联超白汽车级,003,超白,8,3660,2250,0
00300831,商丘中联超白汽车级,003,超白,8,3660,2140,0
00300830,商丘中联超白汽车级,003,超白,8,3660,2134,0
00300829,商丘中联超白汽车级,003,超白,8,3660,2003,0
00300828,商丘中联超白汽车级,003,超白,8,3660,2000,0
00300827,商丘中联超白汽车级,003,超白,8,3300,6000,0
00300826,商丘中联超白汽车级,003,超白,8,3300,4500,0
00300825,商丘中联超白汽车级,003,超白,8,3300,3660,0
00300824,商丘中联超白汽车级,003,超白,8,3300,3050,0
00300823,商丘中联超白汽车级,003,超白,8,3300,2800,0
00300822,商丘中联超白汽车级,003,超白,8,3300,2700,0
00300821,商丘中联超白汽车级,003,超白,8,3300,2600,0
00300820,商丘中联超白汽车级,003,超白,8,3300,2440,0
00300819,商丘中联超白汽车级,003,超白,8,3300,2250,0
00300818,商丘中联超白汽车级,003,超白,8,3300,2140,0
00300817,商丘中联超白汽车级,003,超白,8,2440,1830,0
00300816,商丘中联超白汽车级,003,超白,7.9,3660,2440,0
00300815,商丘中联超白汽车级,003,超白,7.7,3660,2440,0
00300814,商丘中联超白汽车级,003,超白,7.4,3660,2440,0
00300813,商丘中联超白汽车级,003,超白,7.4,3660,2250,0
00300812,商丘中联超白汽车级,003,超白,7.4,3660,2140,0
00300811,商丘中联超白汽车级,003,超白,7.3,3660,2440,0
00300810,商丘中联超白汽车级,003,超白,7.3,3660,2250,0
00300809,商丘中联超白汽车级,003,超白,7.3,3660,2140,0
00300808,商丘中联超白汽车级,003,超白,7.2,3660,2440,0
00300807,商丘中联超白汽车级,003,超白,7.2,3660,2250,0
00300806,商丘中联超白汽车级,003,超白,7.2,3660,2140,0
00300805,商丘中联超白汽车级,003,超白,7.1,3660,2250,0
00300804,商丘中联超白汽车级,003,超白,7,3660,2440,0
00300803,商丘中联超白汽车级,003,超白,7,3660,2250,0
00300802,商丘中联超白汽车级,003,超白,7,3660,2140,0
00300801,商丘中联超白汽车级,003,超白,6.9,3660,2440,0
00300800,商丘中联超白汽车级,003,超白,6.9,3660,2140,0
00300799,商丘中联超白汽车级,003,超白,6.8,3660,2440,0
00300798,商丘中联超白汽车级,003,超白,6.8,3660,2250,0
00300797,商丘中联超白汽车级,003,超白,6.8,3660,2140,0
00300796,商丘中联超白汽车级,003,超白,6.7,3660,2440,0
00300795,商丘中联超白汽车级,003,超白,6.7,3660,2250,0
00300794,商丘中联超白汽车级,003,超白,6.7,3660,2140,0
00300793,商丘中联超白汽车级,003,超白,6.6,3660,2440,0
00300792,商丘中联超白汽车级,003,超白,6.6,3660,2250,0
00300791,商丘中联超白汽车级,003,超白,6.6,3660,2140,0
00300790,商丘中联超白汽车级,003,超白,6.5,3660,2440,0
00300789,商丘中联超白汽车级,003,超白,6.5,3660,2140,0
00300788,商丘中联超白汽车级,003,超白,6.4,3660,2440,0
00300787,商丘中联超白汽车级,003,超白,6.4,3660,2250,0
00300786,商丘中联超白汽车级,003,超白,6.4,3660,2140,0
00300785,商丘中联超白汽车级,003,超白,6.3,3660,2440,0
00300784,商丘中联超白汽车级,003,超白,6.3,3660,2250,0
00300783,商丘中联超白汽车级,003,超白,6,6000,3300,0
00300782,商丘中联超白汽车级,003,超白,6,5500,3300,0
00300781,商丘中联超白汽车级,003,超白,6,5100,3300,0
00300780,商丘中联超白汽车级,003,超白,6,5000,3660,0
00300779,商丘中联超白汽车级,003,超白,6,4880,3660,0
00300778,商丘中联超白汽车级,003,超白,6,4880,3300,0
00300777,商丘中联超白汽车级,003,超白,6,4580,3300,0
00300776,商丘中联超白汽车级,003,超白,6,4500,3300,0
00300775,商丘中联超白汽车级,003,超白,6,4300,3660,0
00300774,商丘中联超白汽车级,003,超白,6,4280,3300,0
00300773,商丘中联超白汽车级,003,超白,6,4000,3300,0
00300772,商丘中联超白汽车级,003,超白,6,3660,3300,0
00300771,商丘中联超白汽车级,003,超白,6,3660,2820,0
00300770,商丘中联超白汽车级,003,超白,6,3660,2800,0
00300769,商丘中联超白汽车级,003,超白,6,3660,2740,0
00300768,商丘中联超白汽车级,003,超白,6,3660,2600,0
00300767,商丘中联超白汽车级,003,超白,6,3660,2440,0
00300766,商丘中联超白汽车级,003,超白,6,3660,2250,0
00300765,商丘中联超白汽车级,003,超白,6,3660,2140,0
00300764,商丘中联超白汽车级,003,超白,6,3300,2800,0
00300763,商丘中联超白汽车级,003,超白,6,3300,2740,0
00300762,商丘中联超白汽车级,003,超白,6,3300,2600,0
00300761,商丘中联超白汽车级,003,超白,6,3300,2440,0
00300760,商丘中联超白汽车级,003,超白,6,3300,2140,0
00300759,商丘中联超白汽车级,003,超白,6,2440,1830,0
00300758,商丘中联超白汽车级,003,超白,5.9,3660,2440,0
00300757,商丘中联超白汽车级,003,超白,5,4880,3300,0
00300756,商丘中联超白汽车级,003,超白,5,3660,2900,0
00300755,商丘中联超白汽车级,003,超白,5,3660,2800,0
00300754,商丘中联超白汽车级,003,超白,5,3660,2700,0
00300753,商丘中联超白汽车级,003,超白,5,3660,2600,0
00300752,商丘中联超白汽车级,003,超白,5,3660,2500,0
00300751,商丘中联超白汽车级,003,超白,5,3660,2440,0
00300750,商丘中联超白汽车级,003,超白,5,3660,2250,0
00300749,商丘中联超白汽车级,003,超白,5,3660,2140,0
00300748,商丘中联超白汽车级,003,超白,5,3660,2134,0
00300747,商丘中联超白汽车级,003,超白,5,3660,2000,0
00300746,商丘中联超白汽车级,003,超白,5,3300,2440,0
00300745,商丘中联超白汽车级,003,超白,5,3300,2250,0
00300744,商丘中联超白汽车级,003,超白,5,2440,2000,0
00300743,商丘中联超白汽车级,003,超白,5,2440,1830,0
00300742,商丘中联超白汽车级,003,超白,5,2440,1660,0
00300741,商丘中联超白汽车级,003,超白,4.9,3660,2700,0
00300740,商丘中联超白汽车级,003,超白,4.9,3660,2600,0
00300739,商丘中联超白汽车级,003,超白,4.9,3660,2440,0
00300738,商丘中联超白汽车级,003,超白,4.9,3660,2140,0
00300737,商丘中联超白汽车级,003,超白,4.9,3300,2440,0
00300736,商丘中联超白汽车级,003,超白,4.5,3660,2600,0
00300735,商丘中联超白汽车级,003,超白,4.5,3660,2440,0
00300734,商丘中联超白汽车级,003,超白,4.5,2440,1830,0
00300733,商丘中联超白汽车级,003,超白,4.4,3660,2800,0
00300732,商丘中联超白汽车级,003,超白,4.4,3660,2600,0
00300731,商丘中联超白汽车级,003,超白,4.4,3660,2440,0
00300730,商丘中联超白汽车级,003,超白,4.4,3660,2250,0
00300729,商丘中联超白汽车级,003,超白,4.4,3660,2140,0
00300728,商丘中联超白汽车级,003,超白,4.4,3300,2440,0
00300727,商丘中联超白汽车级,003,超白,4.4,3300,2250,0
00300726,商丘中联超白汽车级,003,超白,4.3,3660,2440,0
00300725,商丘中联超白汽车级,003,超白,4.3,3660,2140,0
00300724,商丘中联超白汽车级,003,超白,4.2,3660,2440,0
00300723,商丘中联超白汽车级,003,超白,4,3660,2600,0
00300722,商丘中联超白汽车级,003,超白,4,3660,2440,0
00300721,商丘中联超白汽车级,003,超白,4,3660,2250,0
00300720,商丘中联超白汽车级,003,超白,4,3660,2140,0
00300719,商丘中联超白汽车级,003,超白,4,3660,2134,0
00300718,商丘中联超白汽车级,003,超白,3.9,3660,2440,0
00300717,商丘中联超白汽车级,003,超白,3.8,3660,2440,0
00300716,商丘中联超白汽车级,003,超白,3.8,3660,2140,0
00300715,商丘中联超白汽车级,003,超白,3.7,3660,2440,0
00300714,商丘中联超白汽车级,003,超白,3.7,3660,2250,0
00300713,商丘中联超白汽车级,003,超白,3.7,3660,2140,0
00300712,商丘中联超白汽车级,003,超白,3.6,3660,2440,0
00300711,商丘中联超白汽车级,003,超白,3.6,3660,2250,0
00300710,商丘中联超白汽车级,003,超白,3.6,3660,2140,0
00300709,商丘中联超白汽车级,003,超白,3.6,2440,2100,0
00300708,商丘中联超白汽车级,003,超白,3.6,2440,1830,0
00300707,商丘中联超白汽车级,003,超白,3.6,2440,1560,0
00300706,商丘中联超白汽车级,003,超白,3.5,3660,2440,0
00300705,商丘中联超白汽车级,003,超白,3.5,3660,2250,0
00300704,商丘中联超白汽车级,003,超白,3.5,3660,2140,0
00300703,商丘中联超白汽车级,003,超白,3.4,3660,2250,0
00300702,商丘中联超白汽车级,003,超白,3.3,3605,2306,0
00300701,商丘中联超白汽车级,003,超白,3.2,3660,2440,0
00300700,商丘中联超白汽车级,003,超白,3.2,3660,2250,0
00300699,商丘中联超白建筑级,003,超白,15,4000,3660,0
00300698,商丘中联超白建筑级,003,超白,15,3300,11000,0
00300697,商丘中联超白建筑级,003,超白,15,3300,1100,0
00300696,商丘中联超白建筑级,003,超白,10,3660,2440,0
00300695,商丘中联超白建筑级,003,超白,9.8,3660,2440,0
00300694,商丘中联超白建筑级,003,超白,8,3660,2600,0
00300693,商丘中联超白建筑级,003,超白,8,3660,2440,0
00300692,商丘中联超白建筑级,003,超白,8,3660,2140,0
00300691,商丘中联超白建筑级,003,超白,7.9,3660,2440,0
00300690,商丘中联超白建筑级,003,超白,7.4,3660,2250,0
00300689,商丘中联超白建筑级,003,超白,7.4,3660,2140,0
00300688,商丘中联超白建筑级,003,超白,7.3,3660,2440,0
00300687,商丘中联超白建筑级,003,超白,7,3660,2440,0
00300686,商丘中联超白建筑级,003,超白,6,3660,2440,0
00300685,商丘中联超白建筑级,003,超白,5,3660,2440,0
00300684,商丘中联超白建筑级,003,超白,5,3660,2250,0
00300683,商丘中联超白建筑级,003,超白,5,3300,2440,0
00300682,商丘中联超白建筑级,003,超白,5,3300,2140,0
00300681,商丘中联超白建筑级,003,超白,4.9,3660,2440,0
00300680,商丘中联超白建筑级,003,超白,4.9,3660,2140,0
00300679,商丘中联超白建筑级,003,超白,4.9,3300,2440,0
00300678,商丘中联超白建筑级,003,超白,4.5,3660,2440,0
00300677,商丘中联超白建筑级,003,超白,4.4,3660,2440,0
00300676,商丘中联超白建筑级,003,超白,4.4,3660,2250,0
00300675,商丘中联超白建筑级,003,超白,4.4,3300,2440,0
00300674,商丘中联超白建筑级,003,超白,4.3,3660,2440,0
00300673,商丘中联超白建筑级,003,超白,3.9,3660,2440,0
00300672,商丘中联超白建筑级,003,超白,3.8,3660,2440,0
00300671,商丘中联超白建筑级,003,超白,3.8,3660,2140,0
00300670,商丘中联超白建筑级,003,超白,3.7,3660,2440,0
00300669,商丘中联超白建筑级,003,超白,3.5,3660,2440,0
00300668,商丘中联超白建筑级,003,超白,3.4,3660,2250,0
00300667,商丘中联YC至臻超白汽车级,003,超白,6,3660,2440,0
00300666,秦皇岛奥华超白汽车级,003,超白,19,3300,2140,0.2
00300665,秦皇岛奥华超白汽车级,003,超白,15,3660,2800,0.2
00300664,秦皇岛奥华超白汽车级,003,超白,15,3660,2440,0.2
00300663,秦皇岛奥华超白汽车级,003,超白,15,3300,2440,0.2
00300662,秦皇岛奥华超白汽车级,003,超白,12,3660,2800,0.2
00300661,秦皇岛奥华超白汽车级,003,超白,12,3660,2740,0.2
00300660,秦皇岛奥华超白汽车级,003,超白,12,3660,2600,0.2
00300659,秦皇岛奥华超白汽车级,003,超白,12,3660,2440,0.2
00300658,秦皇岛奥华超白汽车级,003,超白,12,3660,2280,0.2
00300657,秦皇岛奥华超白汽车级,003,超白,12,3660,2140,0.2
00300656,秦皇岛奥华超白汽车级,003,超白,12,3300,2440,0.2
00300655,秦皇岛奥华超白汽车级,003,超白,10,3660,2800,0.2
00300654,秦皇岛奥华超白汽车级,003,超白,10,3660,2600,0.2
00300653,秦皇岛奥华超白汽车级,003,超白,10,3660,2440,0.2
00300652,秦皇岛奥华超白汽车级,003,超白,10,3660,2280,0.2
00300651,秦皇岛奥华超白汽车级,003,超白,10,3660,2140,0.2
00300650,秦皇岛奥华超白汽车级,003,超白,8,3660,2800,0.2
00300649,秦皇岛奥华超白汽车级,003,超白,8,3660,2600,0.2
00300648,秦皇岛奥华超白汽车级,003,超白,8,3660,2440,0.2
00300647,秦皇岛奥华超白汽车级,003,超白,8,3660,2280,0.2
00300646,秦皇岛奥华超白汽车级,003,超白,8,3660,2250,0.2
00300645,秦皇岛奥华超白汽车级,003,超白,8,3660,2140,0.2
00300644,秦皇岛奥华超白汽车级,003,超白,8,3660,2000,0.2
00300643,秦皇岛奥华超白汽车级,003,超白,8,3300,2440,0.2
00300642,秦皇岛奥华超白汽车级,003,超白,7.8,3660,2140,0.2
00300641,秦皇岛奥华超白汽车级,003,超白,7.2,3660,2440,0.2
00300640,秦皇岛奥华超白汽车级,003,超白,7.2,3660,2250,0.2
00300639,秦皇岛奥华超白汽车级,003,超白,7,3660,2440,0.2
00300638,秦皇岛奥华超白汽车级,003,超白,7,3660,2250,0.2
00300637,秦皇岛奥华超白汽车级,003,超白,7,3660,2140,0.2
00300636,秦皇岛奥华超白汽车级,003,超白,6.8,3660,2440,0.2
00300635,秦皇岛奥华超白汽车级,003,超白,6.8,3660,2250,0.2
00300634,秦皇岛奥华超白汽车级,003,超白,6.7,3660,2250,0.2
00300633,秦皇岛奥华超白汽车级,003,超白,6,3660,2800,0.2
00300632,秦皇岛奥华超白汽车级,003,超白,6,3660,2740,0.2
00300631,秦皇岛奥华超白汽车级,003,超白,6,3660,2600,0.2
00300630,秦皇岛奥华超白汽车级,003,超白,6,3660,2440,0.2
00300629,秦皇岛奥华超白汽车级,003,超白,6,3660,2140,0.2
00300628,秦皇岛奥华超白汽车级,003,超白,5,3660,2800,0.2
00300627,秦皇岛奥华超白汽车级,003,超白,5,3660,2600,0.2
00300626,秦皇岛奥华超白汽车级,003,超白,5,3660,2440,0.2
00300625,秦皇岛奥华超白汽车级,003,超白,5,3660,2140,0.2
00300624,秦皇岛奥华超白汽车级,003,超白,4.5,3660,2440,0.2
00300623,秦皇岛奥华超白汽车级,003,超白,4.3,3660,2440,0.2
00300622,秦皇岛奥华超白汽车级,003,超白,4,3660,2440,0.2
00300621,秦皇岛奥华超白汽车级,003,超白,3.8,3660,2440,0.2
00300620,秦皇岛奥华超白汽车级,003,超白,3.8,3660,2250,0.2
00300619,秦皇岛奥华超白汽车级,003,超白,3.8,3660,2140,0.2
00300618,秦皇岛奥华超白汽车级,003,超白,3.5,3660,2440,0.2
00300617,秦皇岛奥华超白汽车级,003,超白,3,2440,1830,0.2
00300616,秦皇岛奥华超白建筑级,003,超白,7.8,3660,2440,0
00300615,秦皇岛奥华超白建筑级,003,超白,3.8,3660,2440,0
00300614,濮阳中建材超白汽车级,003,超白,12,3660,3300,0.2
00300613,濮阳中建材超白汽车级,003,超白,12,3660,2800,0.2
00300612,濮阳中建材超白汽车级,003,超白,12,3660,2740,0.2
00300611,濮阳中建材超白汽车级,003,超白,12,3660,2600,0
00300610,濮阳中建材超白汽车级,003,超白,12,3660,2600,0.2
00300609,濮阳中建材超白汽车级,003,超白,12,3660,2440,0.2
00300608,濮阳中建材超白汽车级,003,超白,10,3660,3300,0.2
00300607,濮阳中建材超白汽车级,003,超白,10,3660,3050,0.2
00300606,濮阳中建材超白汽车级,003,超白,10,3660,2800,0
00300605,濮阳中建材超白汽车级,003,超白,10,3660,2800,0.2
00300604,濮阳中建材超白汽车级,003,超白,10,3660,2740,0.2
00300603,濮阳中建材超白汽车级,003,超白,10,3660,2700,0
00300602,濮阳中建材超白汽车级,003,超白,10,3660,2700,0.2
00300601,濮阳中建材超白汽车级,003,超白,10,3660,2600,0
00300600,濮阳中建材超白汽车级,003,超白,10,3660,2600,0.2
00300599,濮阳中建材超白汽车级,003,超白,10,3660,2440,0
00300598,濮阳中建材超白汽车级,003,超白,10,3660,2440,0.2
00300597,濮阳中建材超白汽车级,003,超白,10,3660,2250,0.2
00300596,濮阳中建材超白汽车级,003,超白,10,3660,2140,0.2
00300595,濮阳中建材超白汽车级,003,超白,10,3300,2800,0.2
00300594,濮阳中建材超白汽车级,003,超白,10,3300,2600,0.2
00300593,濮阳中建材超白汽车级,003,超白,10,3300,2440,0
00300592,濮阳中建材超白汽车级,003,超白,10,3050,2850,0.2
00300591,濮阳中建材超白汽车级,003,超白,10,3050,2440,0
00300590,濮阳中建材超白汽车级,003,超白,10,2800,2000,0.2
00300589,濮阳中建材超白汽车级,003,超白,10,2800,1932,0.2
00300588,濮阳中建材超白汽车级,003,超白,10,2800,1728,0.2
00300587,濮阳中建材超白汽车级,003,超白,10,2800,1660,0.2
00300586,濮阳中建材超白汽车级,003,超白,8,4880,3300,0.2
00300585,濮阳中建材超白汽车级,003,超白,8,4580,3300,0.2
00300584,濮阳中建材超白汽车级,003,超白,8,4580,3050,0
00300583,濮阳中建材超白汽车级,003,超白,8,3660,3300,0
00300582,濮阳中建材超白汽车级,003,超白,8,3660,3300,0.2
00300581,濮阳中建材超白汽车级,003,超白,8,3660,3050,0.2
00300580,濮阳中建材超白汽车级,003,超白,8,3660,2800,0.2
00300579,濮阳中建材超白汽车级,003,超白,8,3660,2700,0.2
00300578,濮阳中建材超白汽车级,003,超白,8,3660,2600,0.2
00300577,濮阳中建材超白汽车级,003,超白,8,3660,2440,0
00300576,濮阳中建材超白汽车级,003,超白,8,3660,2440,0.2
00300575,濮阳中建材超白汽车级,003,超白,8,3660,2140,0.2
00300574,濮阳中建材超白汽车级,003,超白,8,3660,2000,0
00300573,濮阳中建材超白汽车级,003,超白,8,3300,3050,0
00300572,濮阳中建材超白汽车级,003,超白,8,3300,2800,0
00300571,濮阳中建材超白汽车级,003,超白,8,3300,2800,0.2
00300570,濮阳中建材超白汽车级,003,超白,8,3300,2440,0
00300569,濮阳中建材超白汽车级,003,超白,8,3300,2440,0.2
00300568,濮阳中建材超白汽车级,003,超白,8,3300,2250,0
00300567,濮阳中建材超白汽车级,003,超白,8,3300,2250,0.2
00300566,濮阳中建材超白汽车级,003,超白,8,3300,2140,0
00300565,濮阳中建材超白汽车级,003,超白,8,3050,3300,0
00300564,濮阳中建材超白汽车级,003,超白,8,3050,2800,0.2
00300563,濮阳中建材超白汽车级,003,超白,8,3050,2440,0.2
00300562,濮阳中建材超白汽车级,003,超白,8,2440,2100,0.2
00300561,濮阳中建材超白汽车级,003,超白,8,2440,1560,0.2
00300560,濮阳中建材超白汽车级,003,超白,7.5,3660,2440,0.2
00300559,濮阳中建材超白汽车级,003,超白,6,3660,2800,0.2
00300558,濮阳中建材超白汽车级,003,超白,6,3660,2700,0.2
00300557,濮阳中建材超白汽车级,003,超白,6,3660,2600,0.2
00300556,濮阳中建材超白汽车级,003,超白,6,3660,2440,0.2
00300555,濮阳中建材超白汽车级,003,超白,6,3660,2250,0.2
00300554,濮阳中建材超白汽车级,003,超白,6,3660,2140,0.2
00300553,濮阳中建材超白汽车级,003,超白,6,3300,2800,0
00300552,濮阳中建材超白汽车级,003,超白,6,3300,2740,0
00300551,濮阳中建材超白汽车级,003,超白,6,3300,2600,0
00300550,濮阳中建材超白汽车级,003,超白,6,3300,2600,0.2
00300549,濮阳中建材超白汽车级,003,超白,6,3300,2440,0.2
00300548,濮阳中建材超白汽车级,003,超白,6,3300,2140,0.2
00300547,濮阳中建材超白汽车级,003,超白,5,3660,2800,0.2
00300546,濮阳中建材超白汽车级,003,超白,5,3660,2740,0
00300545,濮阳中建材超白汽车级,003,超白,5,3660,2700,0
00300544,濮阳中建材超白汽车级,003,超白,5,3660,2700,0.2
00300543,濮阳中建材超白汽车级,003,超白,5,3660,2600,0.2
00300542,濮阳中建材超白汽车级,003,超白,5,3660,2440,0.2
00300541,濮阳中建材超白汽车级,003,超白,5,3660,2140,0.2
00300540,濮阳中建材超白汽车级,003,超白,5,2440,1830,0.2
00300539,濮阳中建材超白汽车级,003,超白,4.5,3660,2440,0.2
00300538,濮阳中建材超白汽车级,003,超白,4.5,3660,2140,0.2
00300537,濮阳中建材超白汽车级,003,超白,4.5,3300,2134,0.2
00300536,濮阳中建材超白汽车级,003,超白,4.4,3660,2600,0.2
00300535,濮阳中建材超白汽车级,003,超白,4.4,3660,2440,0.2
00300534,濮阳中建材超白汽车级,003,超白,4,3660,2440,0.2
00300533,濮阳中建材超白汽车级,003,超白,4,3660,2140,0.2
00300532,濮阳中建材超白汽车级,003,超白,4,3127,1202,0
00300531,濮阳中建材超白汽车级,003,超白,4,2440,2100,0.2
00300530,濮阳中建材超白汽车级,003,超白,4,2440,1830,0
00300529,濮阳中建材超白汽车级,003,超白,4,2440,1830,0.2
00300528,濮阳中建材超白汽车级,003,超白,4,2440,1560,0.2
00300527,濮阳中建材超白汽车级,003,超白,3.9,3660,2440,0.2
00300526,濮阳中建材超白汽车级,003,超白,3.9,3660,2140,0.2
00300525,濮阳中建材超白汽车级,003,超白,3.2,3660,2440,0
00300524,濮阳中建材超白汽车级,003,超白,3.2,3660,2440,0.2
00300523,濮阳中建材超白汽车级,003,超白,3.2,3660,2140,0
00300522,濮阳中建材超白汽车级,003,超白,3.2,3600,2160,0
00300521,濮阳中建材超白汽车级,003,超白,3.2,3360,2263,0
00300520,濮阳中建材超白汽车级,003,超白,3.2,3350,2400,0
00300519,濮阳中建材超白汽车级,003,超白,3.2,2440,1830,0.2
00300518,濮阳中建材超白汽车级,003,超白,3,3212,2252,0
00300517,濮阳中建材超白建筑级,003,超白,10,3300,2140,0
00300516,濮阳中建材超白建筑级,003,超白,8,3660,2440,0
00300515,濮阳中建材超白建筑级,003,超白,8,3050,2140,0
00300514,濮阳中建材超白建筑级,003,超白,7.5,3660,2440,0.2
00300513,濮阳中建材超白建筑级,003,超白,6,3660,2440,0
00300512,濮阳中建材超白建筑级,003,超白,6,3300,2440,0
00300511,濮阳中建材超白建筑级,003,超白,5,3660,2440,0.2
00300510,濮阳中建材超白建筑级,003,超白,5,3300,2440,0.2
00300509,濮阳中建材超白建筑级,003,超白,4.5,3660,2440,0.2
00300508,濮阳中建材超白建筑级,003,超白,4.4,3660,2440,0.2
00300507,濮阳中建材超白建筑级,003,超白,4,3660,2440,0
00300506,濮阳中建材超白建筑级,003,超白,4,3660,2440,0.2
00300505,濮阳中建材超白建筑级,003,超白,4,2440,1830,0.2
00300504,濮阳中建材超白建筑级,003,超白,3.2,3660,2385,0
00300503,濮阳中建材超白建筑级,003,超白,3.2,3660,2160,0
00300502,濮阳中建材超白建筑级,003,超白,3.2,3660,2150,0
00300501,濮阳中建材超白建筑级,003,超白,3.2,3600,2385,0
00300500,濮阳中建材超白建筑级,003,超白,3.2,3600,2160,0
00300499,濮阳中建材超白建筑级,003,超白,3.2,3600,2150,0
00300498,濮阳中建材超白建筑级,003,超白,3.2,3450,2400,0
00300497,濮阳中建材超白建筑级,003,超白,3.2,3360,2263,0
00300496,濮阳中建材超白建筑级,003,超白,3.2,3350,2400,0
00300495,濮阳中建材超白建筑级,003,超白,3.2,3350,2200,0.2
00300494,濮阳中建材超白建筑级,003,超白,3.2,2440,1830,0.2
00300493,宁夏金晶超白汽车级,003,超白,12,3660,2800,0.2
00300492,宁夏金晶超白汽车级,003,超白,12,3660,2600,0.2
00300491,宁夏金晶超白汽车级,003,超白,12,3660,2440,0.2
00300490,宁夏金晶超白汽车级,003,超白,12,3660,2140,0.2
00300489,宁夏金晶超白汽车级,003,超白,10,3660,2800,0.2
00300488,宁夏金晶超白汽车级,003,超白,10,3660,2600,0.2
00300487,宁夏金晶超白汽车级,003,超白,10,3660,2440,0.2
00300486,宁夏金晶超白汽车级,003,超白,10,3660,2140,0.2
00300485,宁夏金晶超白汽车级,003,超白,8,3660,2800,0.2
00300484,宁夏金晶超白汽车级,003,超白,8,3660,2600,0.2
00300483,宁夏金晶超白汽车级,003,超白,8,3660,2440,0.2
00300482,宁夏金晶超白汽车级,003,超白,8,3660,2140,0.2
00300481,宁夏金晶超白汽车级,003,超白,8,3300,2440,0.2
00300480,宁夏金晶超白汽车级,003,超白,8,2440,1830,0.2
00300479,宁夏金晶超白汽车级,003,超白,6,3660,2800,0.2
00300478,宁夏金晶超白汽车级,003,超白,6,3660,2600,0.2
00300477,宁夏金晶超白汽车级,003,超白,6,3660,2440,0.2
00300476,宁夏金晶超白汽车级,003,超白,6,3660,2280,0.2
00300475,宁夏金晶超白汽车级,003,超白,6,3660,2140,0.2
00300474,宁夏金晶超白汽车级,003,超白,6,2440,1830,0.2
00300473,宁夏金晶超白汽车级,003,超白,5,3660,2800,0.2
00300472,宁夏金晶超白汽车级,003,超白,5,3660,2600,0.2
00300471,宁夏金晶超白汽车级,003,超白,5,3660,2440,0.2
00300470,宁夏金晶超白汽车级,003,超白,5,3660,2280,0.2
00300469,宁夏金晶超白汽车级,003,超白,5,3660,2140,0.2
00300468,宁夏金晶超白汽车级,003,超白,5,2800,1830,0.2
00300467,宁夏金晶超白汽车级,003,超白,5,2600,1830,0.2
00300466,宁夏金晶超白汽车级,003,超白,5,2440,2000,0.2
00300465,宁夏金晶超白汽车级,003,超白,5,2440,1830,0.2
00300464,宁夏金晶超白汽车级,003,超白,5,2440,1660,0.2
00300463,宁夏金晶超白汽车级,003,超白,4.6,3660,2440,0.2
00300462,宁夏金晶超白汽车级,003,超白,4.5,3660,2800,0.2
00300461,宁夏金晶超白汽车级,003,超白,4.5,3660,2600,0.2
00300460,宁夏金晶超白汽车级,003,超白,4.5,3660,2440,0.2
00300459,宁夏金晶超白汽车级,003,超白,4.5,3660,2140,0.2
00300458,宁夏金晶超白汽车级,003,超白,4.5,3500,2440,0
00300457,宁夏金晶超白汽车级,003,超白,4.5,2800,1830,0.2
00300456,宁夏金晶超白汽车级,003,超白,4.5,2440,1830,0.2
00300455,宁夏金晶超白汽车级,003,超白,4,3660,2440,0.2
00300454,宁夏金晶超白汽车级,003,超白,4,3660,2140,0.2
00300453,宁夏金晶超白汽车级,003,超白,4,2440,1830,0.2
00300452,宁夏金晶超白汽车级,003,超白,3.9,3660,2800,0
00300451,宁夏金晶超白汽车级,003,超白,3.9,3660,2600,0
00300450,宁夏金晶超白汽车级,003,超白,3.9,3660,2440,0.2
00300449,宁夏金晶超白汽车级,003,超白,3.9,3660,2140,0.2
00300448,宁夏金晶超白汽车级,003,超白,3.9,2440,1830,0.2
00300447,宁夏金晶超白汽车级,003,超白,3.6,2440,1830,0.2
00300446,宁夏金晶超白建筑级,003,超白,12,3660,2440,0.2
00300445,宁夏金晶超白建筑级,003,超白,10,3660,2800,0.2
00300444,宁夏金晶超白建筑级,003,超白,10,3660,2440,0.2
00300443,宁夏金晶超白建筑级,003,超白,8,3660,2800,0.2
00300442,宁夏金晶超白建筑级,003,超白,8,3660,2440,0.2
00300441,宁夏金晶超白建筑级,003,超白,8,3300,2440,0.2
00300440,宁夏金晶超白建筑级,003,超白,6,3660,2600,0.2
00300439,宁夏金晶超白建筑级,003,超白,6,3660,2440,0.2
00300438,宁夏金晶超白建筑级,003,超白,6,2440,1830,0.2
00300437,宁夏金晶超白建筑级,003,超白,5,3660,2440,0.2
00300436,宁夏金晶超白建筑级,003,超白,5,3660,2140,0.2
00300435,宁夏金晶超白建筑级,003,超白,5,2440,1830,0.2
00300434,宁夏金晶超白建筑级,003,超白,4.5,3660,2600,0.2
00300433,宁夏金晶超白建筑级,003,超白,4.5,3660,2440,0.2
00300432,宁夏金晶超白建筑级,003,超白,4.5,2440,1830,0.2
00300431,宁夏金晶超白建筑级,003,超白,4,3660,2440,0.2
00300430,宁夏金晶超白建筑级,003,超白,4,3660,2140,0.2
00300429,宁夏金晶超白建筑级,003,超白,4,2440,1830,0.2
00300428,宁夏金晶超白建筑级,003,超白,3.9,3660,2440,0.2
00300427,宁夏金晶超白建筑级,003,超白,3.9,3660,2140,0.2
00300426,宁夏金晶超白建筑级,003,超白,3.9,2440,1830,0.2
00300425,宁夏金晶超白建筑级,003,超白,3.9,2200,1650,0.2
00300424,宁夏金晶超白建筑级,003,超白,3.6,2440,1830,0.2
00300423,河北南玻超白汽车级,003,超白,19,3660,2800,0.2
00300422,河北南玻超白汽车级,003,超白,19,3660,2440,0.2
00300421,河北南玻超白汽车级,003,超白,19,3300,2800,0.2
00300420,河北南玻超白汽车级,003,超白,19,3300,2600,0
00300419,河北南玻超白汽车级,003,超白,19,3300,2440,0.2
00300418,河北南玻超白汽车级,003,超白,19,3200,2800,0
00300417,河北南玻超白汽车级,003,超白,15,6000,3300,0
00300416,河北南玻超白汽车级,003,超白,15,5000,3300,0
00300415,河北南玻超白汽车级,003,超白,15,4580,3300,0
00300414,河北南玻超白汽车级,003,超白,15,4280,956,0
00300413,河北南玻超白汽车级,003,超白,15,4110,1056,0
00300412,河北南玻超白汽车级,003,超白,15,4110,1026,0
00300411,河北南玻超白汽车级,003,超白,15,4000,3300,0
00300410,河北南玻超白汽车级,003,超白,15,3660,3300,0
00300409,河北南玻超白汽车级,003,超白,15,3660,2800,0.2
00300408,河北南玻超白汽车级,003,超白,15,3660,2740,0
00300407,河北南玻超白汽车级,003,超白,15,3660,2728,0.2
00300406,河北南玻超白汽车级,003,超白,15,3660,2600,0.2
00300405,河北南玻超白汽车级,003,超白,15,3660,2440,0.2
00300404,河北南玻超白汽车级,003,超白,15,3660,2140,0.2
00300403,河北南玻超白汽车级,003,超白,15,3300,2800,0.2
00300402,河北南玻超白汽车级,003,超白,15,3300,2440,0.2
00300401,河北南玻超白汽车级,003,超白,15,3300,2250,0.2
00300400,河北南玻超白汽车级,003,超白,15,3050,3300,0
00300399,河北南玻超白汽车级,003,超白,12,4880,3300,0
00300398,河北南玻超白汽车级,003,超白,12,4700,3300,0
00300397,河北南玻超白汽车级,003,超白,12,4580,3300,0
00300396,河北南玻超白汽车级,003,超白,12,4550,3300,0
00300395,河北南玻超白汽车级,003,超白,12,4500,3300,0
00300394,河北南玻超白汽车级,003,超白,12,4000,3300,0
00300393,河北南玻超白汽车级,003,超白,12,3800,2440,0.2
00300392,河北南玻超白汽车级,003,超白,12,3660,3050,0.2
00300391,河北南玻超白汽车级,003,超白,12,3660,2800,0.2
00300390,河北南玻超白汽车级,003,超白,12,3660,2740,0.2
00300389,河北南玻超白汽车级,003,超白,12,3660,2600,0.2
00300388,河北南玻超白汽车级,003,超白,12,3660,2440,0.2
00300387,河北南玻超白汽车级,003,超白,12,3660,2140,0.2
00300386,河北南玻超白汽车级,003,超白,12,3660,2050,0
00300385,河北南玻超白汽车级,003,超白,12,3660,1950,0.2
00300384,河北南玻超白汽车级,003,超白,12,3500,2050,0.2
00300383,河北南玻超白汽车级,003,超白,12,3300,3100,0
00300382,河北南玻超白汽车级,003,超白,12,3300,3050,0
00300381,河北南玻超白汽车级,003,超白,12,3300,2900,0
00300380,河北南玻超白汽车级,003,超白,12,3300,2810,0.2
00300379,河北南玻超白汽车级,003,超白,12,3300,2800,0.2
00300378,河北南玻超白汽车级,003,超白,12,3300,2740,0.2
00300377,河北南玻超白汽车级,003,超白,12,3300,2600,0.2
00300376,河北南玻超白汽车级,003,超白,12,3300,2440,0.2
00300375,河北南玻超白汽车级,003,超白,12,3300,2180,0.2
00300374,河北南玻超白汽车级,003,超白,12,3300,2140,0
00300373,河北南玻超白汽车级,003,超白,12,3300,2050,0
00300372,河北南玻超白汽车级,003,超白,12,3300,2040,0
00300371,河北南玻超白汽车级,003,超白,12,3300,1950,0.2
00300370,河北南玻超白汽车级,003,超白,12,3300,1910,0.2
00300369,河北南玻超白汽车级,003,超白,12,3050,2740,0
00300368,河北南玻超白汽车级,003,超白,12,3050,2440,0.2
00300367,河北南玻超白汽车级,003,超白,12,3050,2140,0.2
00300366,河北南玻超白汽车级,003,超白,10,5000,3300,0
00300365,河北南玻超白汽车级,003,超白,10,4880,3300,0
00300364,河北南玻超白汽车级,003,超白,10,4580,3300,0
00300363,河北南玻超白汽车级,003,超白,10,4580,3200,0
00300362,河北南玻超白汽车级,003,超白,10,4300,3050,0
00300361,河北南玻超白汽车级,003,超白,10,4280,3300,0
00300360,河北南玻超白汽车级,003,超白,10,4000,3300,0
00300359,河北南玻超白汽车级,003,超白,10,3750,3050,0
00300358,河北南玻超白汽车级,003,超白,10,3660,3300,0
00300357,河北南玻超白汽车级,003,超白,10,3660,3050,0
00300356,河北南玻超白汽车级,003,超白,10,3660,3000,0
00300355,河北南玻超白汽车级,003,超白,10,3660,2800,0.2
00300354,河北南玻超白汽车级,003,超白,10,3660,2740,0
00300353,河北南玻超白汽车级,003,超白,10,3660,2600,0.2
00300352,河北南玻超白汽车级,003,超白,10,3660,2560,0.2
00300351,河北南玻超白汽车级,003,超白,10,3660,2440,0.2
00300350,河北南玻超白汽车级,003,超白,10,3660,2300,0.2
00300349,河北南玻超白汽车级,003,超白,10,3660,2250,0.2
00300348,河北南玻超白汽车级,003,超白,10,3660,2140,0.2
00300347,河北南玻超白汽车级,003,超白,10,3300,3050,0
00300346,河北南玻超白汽车级,003,超白,10,3300,2800,0.2
00300345,河北南玻超白汽车级,003,超白,10,3300,2740,0.2
00300344,河北南玻超白汽车级,003,超白,10,3300,2600,0
00300343,河北南玻超白汽车级,003,超白,10,3300,2440,0.2
00300342,河北南玻超白汽车级,003,超白,10,3300,2140,0
00300341,河北南玻超白汽车级,003,超白,10,3050,2740,0.2
00300340,河北南玻超白汽车级,003,超白,10,3050,2440,0.2
00300339,河北南玻超白汽车级,003,超白,8,4880,3300,0
00300338,河北南玻超白汽车级,003,超白,8,4800,3300,0
00300337,河北南玻超白汽车级,003,超白,8,4700,3300,0
00300336,河北南玻超白汽车级,003,超白,8,4580,3300,0
00300335,河北南玻超白汽车级,003,超白,8,4450,3300,0
00300334,河北南玻超白汽车级,003,超白,8,4280,3300,0
00300333,河北南玻超白汽车级,003,超白,8,4250,3300,0
00300332,河北南玻超白汽车级,003,超白,8,4250,3050,0
00300331,河北南玻超白汽车级,003,超白,8,3810,2740,0.2
00300330,河北南玻超白汽车级,003,超白,8,3660,3300,0
00300329,河北南玻超白汽车级,003,超白,8,3660,3050,0.2
00300328,河北南玻超白汽车级,003,超白,8,3660,3000,0
00300327,河北南玻超白汽车级,003,超白,8,3660,2871,0
00300326,河北南玻超白汽车级,003,超白,8,3660,2800,0.2
00300325,河北南玻超白汽车级,003,超白,8,3660,2740,0.2
00300324,河北南玻超白汽车级,003,超白,8,3660,2700,0
00300323,河北南玻超白汽车级,003,超白,8,3660,2657,0
00300322,河北南玻超白汽车级,003,超白,8,3660,2650,0
00300321,河北南玻超白汽车级,003,超白,8,3660,2600,0.2
00300320,河北南玻超白汽车级,003,超白,8,3660,2440,0.2
00300319,河北南玻超白汽车级,003,超白,8,3660,2250,0
00300318,河北南玻超白汽车级,003,超白,8,3660,2140,0.2
00300317,河北南玻超白汽车级,003,超白,8,3660,2000,0
00300316,河北南玻超白汽车级,003,超白,8,3660,1850,0
00300315,河北南玻超白汽车级,003,超白,8,3660,1830,0
00300314,河北南玻超白汽车级,003,超白,8,3660,2201,0
00300313,河北南玻超白汽车级,003,超白,8,3660,1650,0
00300312,河北南玻超白汽车级,003,超白,8,3600,2440,0.2
00300311,河北南玻超白汽车级,003,超白,8,3560,2800,0
00300310,河北南玻超白汽车级,003,超白,8,3560,2740,0
00300309,河北南玻超白汽车级,003,超白,8,3560,2440,0
00300308,河北南玻超白汽车级,003,超白,8,3500,2800,0.2
00300307,河北南玻超白汽车级,003,超白,8,3300,3050,0
00300306,河北南玻超白汽车级,003,超白,8,3300,3000,0
00300305,河北南玻超白汽车级,003,超白,8,3300,2850,0
00300304,河北南玻超白汽车级,003,超白,8,3300,2800,0.2
00300303,河北南玻超白汽车级,003,超白,8,3300,2740,0
00300302,河北南玻超白汽车级,003,超白,8,3300,2700,0
00300301,河北南玻超白汽车级,003,超白,8,3300,2650,0
00300300,河北南玻超白汽车级,003,超白,8,3300,2600,0.2
00300299,河北南玻超白汽车级,003,超白,8,3300,2506,0
00300298,河北南玻超白汽车级,003,超白,8,3300,2440,0.2
00300297,河北南玻超白汽车级,003,超白,8,3300,2350,0.2
00300296,河北南玻超白汽车级,003,超白,8,3300,2300,0
00300295,河北南玻超白汽车级,003,超白,8,3300,2140,0.2
00300294,河北南玻超白汽车级,003,超白,8,3300,1800,0
00300293,河北南玻超白汽车级,003,超白,8,3300,4000,0
00300292,河北南玻超白汽车级,003,超白,8,3300,1450,0
00300291,河北南玻超白汽车级,003,超白,8,3250,3050,0
00300290,河北南玻超白汽车级,003,超白,8,3200,2440,0
00300289,河北南玻超白汽车级,003,超白,8,3050,2900,0
00300288,河北南玻超白汽车级,003,超白,8,3050,2860,0
00300287,河北南玻超白汽车级,003,超白,8,3050,2850,0
00300286,河北南玻超白汽车级,003,超白,8,3050,2800,0
00300285,河北南玻超白汽车级,003,超白,8,3050,2740,0.2
00300284,河北南玻超白汽车级,003,超白,8,3050,2600,0
00300283,河北南玻超白汽车级,003,超白,8,3050,2500,0
00300282,河北南玻超白汽车级,003,超白,8,3050,2440,0.2
00300281,河北南玻超白汽车级,003,超白,8,3050,2378,0
00300280,河北南玻超白汽车级,003,超白,7.3,3660,2440,0.2
00300279,河北南玻超白汽车级,003,超白,7.3,3660,2140,0
00300278,河北南玻超白汽车级,003,超白,7.2,3660,2440,0
00300277,河北南玻超白汽车级,003,超白,7.2,3660,2250,0.2
00300276,河北南玻超白汽车级,003,超白,7,3660,2440,0.2
00300275,河北南玻超白汽车级,003,超白,7,3660,2250,0.2
00300274,河北南玻超白汽车级,003,超白,7,3660,2140,0.2
00300273,河北南玻超白汽车级,003,超白,6.8,3660,2250,0.2
00300272,河北南玻超白汽车级,003,超白,6,33100,2440,0.2
00300271,河北南玻超白汽车级,003,超白,6,4880,3300,0
00300270,河北南玻超白汽车级,003,超白,6,4880,3200,0
00300269,河北南玻超白汽车级,003,超白,6,4580,3200,0
00300268,河北南玻超白汽车级,003,超白,6,3660,3050,0
00300267,河北南玻超白汽车级,003,超白,6,3660,2800,0.2
00300266,河北南玻超白汽车级,003,超白,6,3660,2740,0
00300265,河北南玻超白汽车级,003,超白,6,3660,2600,0.2
00300264,河北南玻超白汽车级,003,超白,6,3660,2530,0
00300263,河北南玻超白汽车级,003,超白,6,3660,2500,0
00300262,河北南玻超白汽车级,003,超白,6,3660,2440,0.2
00300261,河北南玻超白汽车级,003,超白,6,3660,2250,0
00300260,河北南玻超白汽车级,003,超白,6,3660,2230,0
00300259,河北南玻超白汽车级,003,超白,6,3660,2140,0.2
00300258,河北南玻超白汽车级,003,超白,6,3300,3050,0
00300257,河北南玻超白汽车级,003,超白,6,3300,2800,0
00300256,河北南玻超白汽车级,003,超白,6,3300,2740,0
00300255,河北南玻超白汽车级,003,超白,6,3300,2600,0.2
00300254,河北南玻超白汽车级,003,超白,6,3300,2440,0.2
00300253,河北南玻超白汽车级,003,超白,6,3300,2250,0.2
00300252,河北南玻超白汽车级,003,超白,6,3300,2220,0
00300251,河北南玻超白汽车级,003,超白,6,3300,2140,0.2
00300250,河北南玻超白汽车级,003,超白,6,3250,2440,0
00300249,河北南玻超白汽车级,003,超白,6,3050,2800,0
00300248,河北南玻超白汽车级,003,超白,6,3050,2740,0.2
00300247,河北南玻超白汽车级,003,超白,6,3050,2440,0
00300246,河北南玻超白汽车级,003,超白,6,3050,2140,0.2
00300245,河北南玻超白汽车级,003,超白,6,3050,2088,0
00300244,河北南玻超白汽车级,003,超白,5,3660,2800,0.2
00300243,河北南玻超白汽车级,003,超白,5,3660,2740,0.2
00300242,河北南玻超白汽车级,003,超白,5,3660,2600,0.2
00300241,河北南玻超白汽车级,003,超白,5,3660,2440,0.2
00300240,河北南玻超白汽车级,003,超白,5,3660,2140,0.2
00300239,河北南玻超白汽车级,003,超白,5,3300,2800,0
00300238,河北南玻超白汽车级,003,超白,5,3300,2740,0
00300237,河北南玻超白汽车级,003,超白,5,3300,2600,0
00300236,河北南玻超白汽车级,003,超白,5,3300,2440,0.2
00300235,河北南玻超白汽车级,003,超白,4.5,3660,2600,0.2
00300234,河北南玻超白汽车级,003,超白,4,3660,2440,0.2
00300233,河北南玻超白汽车级,003,超白,4,3660,2140,0.2
00300232,河北南玻超白汽车级,003,超白,4,2440,1830,0.2
00300231,河北南玻超白汽车级,003,超白,3.8,3660,2140,0
00300230,河北南玻超白汽车级,003,超白,3.2,3660,2440,0
00300229,河北南玻超白汽车级,003,超白,3.2,2440,1830,0.2
00300228,河北南玻超白汽车级,003,超白,3,2440,1830,0.2
00300227,河北南玻超白建筑级,003,超白,15,3660,2440,0.2
00300226,河北南玻超白建筑级,003,超白,12,3660,2440,0.2
00300225,河北南玻超白建筑级,003,超白,12,3660,2140,0.2
00300224,河北南玻超白建筑级,003,超白,12,3300,2440,0.2
00300223,河北南玻超白建筑级,003,超白,10,3660,2440,0.2
00300222,河北南玻超白建筑级,003,超白,10,3300,2440,0.2
00300221,河北南玻超白建筑级,003,超白,10,3050,2440,0.2
00300220,河北南玻超白建筑级,003,超白,8,3660,2800,0.2
00300219,河北南玻超白建筑级,003,超白,8,3660,2440,0.2
00300218,河北南玻超白建筑级,003,超白,8,3300,2440,0.2
00300217,河北南玻超白建筑级,003,超白,8,3300,2140,0.2
00300216,河北南玻超白建筑级,003,超白,8,3050,2440,0.2
00300215,河北南玻超白建筑级,003,超白,7.2,3660,2440,0.2
00300214,河北南玻超白建筑级,003,超白,6,3660,2440,0.2
00300213,河北南玻超白建筑级,003,超白,6,3660,2140,0.2
00300212,河北南玻超白建筑级,003,超白,5,3660,2440,0.2
00300211,河北南玻超白建筑级,003,超白,3.2,2440,1830,0.2
00300210,福建瑞玻超白汽车级,003,超白,12,4880,3300,0.2
00300209,福建瑞玻超白汽车级,003,超白,12,4880,3050,0.2
00300208,福建瑞玻超白汽车级,003,超白,12,4880,2800,0.2
00300207,福建瑞玻超白汽车级,003,超白,12,4880,2440,0.2
00300206,福建瑞玻超白汽车级,003,超白,12,4580,2630,0.2
00300205,福建瑞玻超白汽车级,003,超白,12,4580,2440,0.2
00300204,福建瑞玻超白汽车级,003,超白,10,4880,3050,0.2
00300203,福建瑞玻超白汽车级,003,超白,10,4880,2600,0.2
00300202,福建瑞玻超白汽车级,003,超白,10,4880,2440,0.2
00300201,福建瑞玻超白汽车级,003,超白,10,4400,3050,0.2
00300200,福建瑞玻超白汽车级,003,超白,10,4280,2440,0.2
00300199,福建瑞玻超白汽车级,003,超白,8,4280,2440,0.2
00300198,福建瑞玻超白汽车级,003,超白,5,4280,2440,0.2
00300197,福建瑞玻超白汽车级,003,超白,4.5,3660,2440,0.2
00300196,福建瑞玻超白汽车级,003,超白,4,3660,2440,0.2
00300195,福建瑞玻超白汽车级,003,超白,3.9,3660,2440,0.2
00300194,东台中玻超白汽车级,003,超白,4,3660,2440,0
00300193,东台中玻超白汽车级,003,超白,3.9,2440,1830,0
00300192,东台中玻超白汽车级,003,超白,3.2,3660,2440,0
00300191,东台中玻超白汽车级,003,超白,3.2,2440,1830,0
00300190,东莞信义超白汽车级,003,超白,8,3660,2440,0.2
00300189,成都南玻超白汽车级,003,超白,15,7000,2800,0
00300188,成都南玻超白汽车级,003,超白,15,6000,2440,0
00300187,成都南玻超白汽车级,003,超白,15,5500,2440,0
00300186,成都南玻超白汽车级,003,超白,15,5050,2740,0
00300185,成都南玻超白汽车级,003,超白,15,5000,2440,0
00300184,成都南玻超白汽车级,003,超白,15,4880,2800,0
00300183,成都南玻超白汽车级,003,超白,15,4880,2440,0
00300182,成都南玻超白汽车级,003,超白,15,3660,2440,0
00300181,成都南玻超白汽车级,003,超白,12,6500,2440,0
00300180,成都南玻超白汽车级,003,超白,12,5500,2880,0
00300179,成都南玻超白汽车级,003,超白,12,5500,2360,0
00300178,成都南玻超白汽车级,003,超白,12,4880,2600,0
00300177,成都南玻超白汽车级,003,超白,12,4880,2440,0
00300176,成都南玻超白汽车级,003,超白,12,4800,2351,0
00300175,成都南玻超白汽车级,003,超白,12,4580,2440,0
00300174,成都南玻超白汽车级,003,超白,12,3660,2440,0
00300173,成都南玻超白汽车级,003,超白,12,3300,2740,0
00300172,成都南玻超白汽车级,003,超白,12,3300,2460,0
00300171,成都南玻超白汽车级,003,超白,10,6050,2740,0
00300170,成都南玻超白汽车级,003,超白,10,5000,2440,0
00300169,成都南玻超白汽车级,003,超白,10,4880,2440,0
00300168,成都南玻超白汽车级,003,超白,10,4880,2340,0
00300167,成都南玻超白汽车级,003,超白,10,4880,2280,0
00300166,成都南玻超白汽车级,003,超白,10,3660,2440,0
00300165,成都南玻超白汽车级,003,超白,10,3300,2740,0
00300164,成都南玻超白汽车级,003,超白,8,5000,2440,0
00300163,成都南玻超白汽车级,003,超白,8,4880,2800,0
00300162,成都南玻超白汽车级,003,超白,8,4880,2440,0
00300161,成都南玻超白汽车级,003,超白,8,3660,2440,0
00300160,成都南玻超白汽车级,003,超白,6.8,3660,2440,0
00300159,成都南玻超白汽车级,003,超白,6.8,3660,2140,0
00300158,成都南玻超白汽车级,003,超白,6,4580,2800,0
00300157,成都南玻超白汽车级,003,超白,6,3660,2440,0
00300156,成都南玻超白汽车级,003,超白,5,3660,2440,0
00300155,成都南玻超白汽车级,003,超白,4,3660,2440,0
00300154,安彩超白汽车级,003,超白,15,4580,3300,0
00300153,安彩超白汽车级,003,超白,15,3660,3050,0
00300152,安彩超白汽车级,003,超白,15,3660,2900,0
00300151,安彩超白汽车级,003,超白,15,3660,2800,0.2
00300150,安彩超白汽车级,003,超白,15,3660,2740,0
00300149,安彩超白汽车级,003,超白,15,3660,2600,0.2
00300148,安彩超白汽车级,003,超白,15,3660,2440,0.2
00300147,安彩超白汽车级,003,超白,15,3660,2250,0.2
00300146,安彩超白汽车级,003,超白,15,3300,3050,0
00300145,安彩超白汽车级,003,超白,15,3300,2800,0.2
00300144,安彩超白汽车级,003,超白,15,3300,2440,0.2
00300143,安彩超白汽车级,003,超白,12,4880,3300,0
00300142,安彩超白汽车级,003,超白,12,4580,3300,0.2
00300141,安彩超白汽车级,003,超白,12,4400,3300,0
00300140,安彩超白汽车级,003,超白,12,4280,3300,0
00300139,安彩超白汽车级,003,超白,12,4100,3300,0.2
00300138,安彩超白汽车级,003,超白,12,4050,3300,0.2
00300137,安彩超白汽车级,003,超白,12,4000,3300,0.2
00300136,安彩超白汽车级,003,超白,12,3880,3300,0.2
00300135,安彩超白汽车级,003,超白,12,3850,3300,0.2
00300134,安彩超白汽车级,003,超白,12,3800,3300,0.2
00300133,安彩超白汽车级,003,超白,12,3660,4280,0
00300132,安彩超白汽车级,003,超白,12,3660,3810,0
00300131,安彩超白汽车级,003,超白,12,3660,3300,0.2
00300130,安彩超白汽车级,003,超白,12,3660,3050,0.2
00300129,安彩超白汽车级,003,超白,12,3660,3000,0.2
00300128,安彩超白汽车级,003,超白,12,3660,2900,0
00300127,安彩超白汽车级,003,超白,12,3660,2840,0.2
00300126,安彩超白汽车级,003,超白,12,3660,2800,0.2
00300125,安彩超白汽车级,003,超白,12,3660,2740,0.2
00300124,安彩超白汽车级,003,超白,12,3660,2700,0.2
00300123,安彩超白汽车级,003,超白,12,3660,2600,0.2
00300122,安彩超白汽车级,003,超白,12,3660,2440,0.2
00300121,安彩超白汽车级,003,超白,12,3660,2250,0.2
00300120,安彩超白汽车级,003,超白,12,3660,2140,0.2
00300119,安彩超白汽车级,003,超白,12,3300,3050,0.2
00300118,安彩超白汽车级,003,超白,12,3300,3000,0
00300117,安彩超白汽车级,003,超白,12,3300,2900,0.2
00300116,安彩超白汽车级,003,超白,12,3300,2800,0.2
00300115,安彩超白汽车级,003,超白,12,3300,2600,0
00300114,安彩超白汽车级,003,超白,12,3300,2440,0.2
00300113,安彩超白汽车级,003,超白,12,3300,2250,0.2
00300112,安彩超白汽车级,003,超白,12,3300,2140,0.2
00300111,安彩超白汽车级,003,超白,10,4880,3300,0.2
00300110,安彩超白汽车级,003,超白,10,4580,3300,0.2
00300109,安彩超白汽车级,003,超白,10,4280,3300,0
00300108,安彩超白汽车级,003,超白,10,4000,3300,0.2
00300107,安彩超白汽车级,003,超白,10,3660,3050,0
00300106,安彩超白汽车级,003,超白,10,3660,3000,0
00300105,安彩超白汽车级,003,超白,10,3660,2900,0.2
00300104,安彩超白汽车级,003,超白,10,3660,2800,0.2
00300103,安彩超白汽车级,003,超白,10,3660,2740,0
00300102,安彩超白汽车级,003,超白,10,3660,2600,0.2
00300101,安彩超白汽车级,003,超白,10,3660,2440,0.2
00300100,安彩超白汽车级,003,超白,10,3660,2140,0.2
00300099,安彩超白汽车级,003,超白,10,3300,3050,0.2
00300098,安彩超白汽车级,003,超白,10,3300,2900,0
00300097,安彩超白汽车级,003,超白,10,3300,2800,0
00300096,安彩超白汽车级,003,超白,10,3300,2740,0.2
00300095,安彩超白汽车级,003,超白,10,3300,2600,0.2
00300094,安彩超白汽车级,003,超白,10,3300,2440,0.2
00300093,安彩超白汽车级,003,超白,10,3300,2280,0
00300092,安彩超白汽车级,003,超白,10,3300,2250,0.2
00300091,安彩超白汽车级,003,超白,10,3300,2140,0
00300090,安彩超白汽车级,003,超白,10,3050,3000,0
00300089,安彩超白汽车级,003,超白,8,4880,3300,0
00300088,安彩超白汽车级,003,超白,8,4650,3050,0
00300087,安彩超白汽车级,003,超白,8,4580,3300,0
00300086,安彩超白汽车级,003,超白,8,4580,3050,0
00300085,安彩超白汽车级,003,超白,8,4000,3050,0
00300084,安彩超白汽车级,003,超白,8,3780,3300,0.2
00300083,安彩超白汽车级,003,超白,8,3724,3000,0
00300082,安彩超白汽车级,003,超白,8,3660,3300,0.2
00300081,安彩超白汽车级,003,超白,8,3660,3100,0
00300080,安彩超白汽车级,003,超白,8,3660,3050,0.2
00300079,安彩超白汽车级,003,超白,8,3660,3000,0
00300078,安彩超白汽车级,003,超白,8,3660,2810,0.2
00300077,安彩超白汽车级,003,超白,8,3660,2800,0.2
00300076,安彩超白汽车级,003,超白,8,3660,2740,0.2
00300075,安彩超白汽车级,003,超白,8,3660,2600,0.2
00300074,安彩超白汽车级,003,超白,8,3660,2440,0.2
00300073,安彩超白汽车级,003,超白,8,3660,2250,0.2
00300072,安彩超白汽车级,003,超白,8,3660,2140,0.2
00300071,安彩超白汽车级,003,超白,8,3300,4880,0.2
00300070,安彩超白汽车级,003,超白,8,3300,4580,0.2
00300069,安彩超白汽车级,003,超白,8,3300,4280,0.2
00300068,安彩超白汽车级,003,超白,8,3300,4000,0.2
00300067,安彩超白汽车级,003,超白,8,3300,3050,0.2
00300066,安彩超白汽车级,003,超白,8,3300,2800,0.2
00300065,安彩超白汽车级,003,超白,8,3300,2740,0.2
00300064,安彩超白汽车级,003,超白,8,3300,2700,0.2
00300063,安彩超白汽车级,003,超白,8,3300,2600,0.2
00300062,安彩超白汽车级,003,超白,8,3300,2440,0.2
00300061,安彩超白汽车级,003,超白,8,3300,2250,0.2
00300060,安彩超白汽车级,003,超白,8,3300,2140,0.2
00300059,安彩超白汽车级,003,超白,8,3300,1900,0.2
00300058,安彩超白汽车级,003,超白,8,3050,4000,0.2
00300057,安彩超白汽车级,003,超白,8,3050,2800,0.2
00300056,安彩超白汽车级,003,超白,8,3050,2700,0
00300055,安彩超白汽车级,003,超白,8,3050,2600,0
00300054,安彩超白汽车级,003,超白,8,3050,2140,0
00300053,安彩超白汽车级,003,超白,7.1,3660,2440,0.2
00300052,安彩超白汽车级,003,超白,6.8,3660,2440,0.2
00300051,安彩超白汽车级,003,超白,6.7,3660,2440,0.2
00300050,安彩超白汽车级,003,超白,6.7,3660,2250,0.2
00300049,安彩超白汽车级,003,超白,6.7,3660,2140,0.2
00300048,安彩超白汽车级,003,超白,6.5,3660,2440,0
00300047,安彩超白汽车级,003,超白,6.5,3660,2140,0.2
00300046,安彩超白汽车级,003,超白,6,4880,3300,0
00300045,安彩超白汽车级,003,超白,6,4580,3300,0
00300044,安彩超白汽车级,003,超白,6,4280,3300,0
00300043,安彩超白汽车级,003,超白,6,4000,3300,0
00300042,安彩超白汽车级,003,超白,6,4000,3050,0
00300041,安彩超白汽车级,003,超白,6,3660,3300,0
00300040,安彩超白汽车级,003,超白,6,3660,3050,0.2
00300039,安彩超白汽车级,003,超白,6,3660,2900,0
00300038,安彩超白汽车级,003,超白,6,3660,2800,0.2
00300037,安彩超白汽车级,003,超白,6,3660,2740,0.2
00300036,安彩超白汽车级,003,超白,6,3660,2650,0.2
00300035,安彩超白汽车级,003,超白,6,3660,2600,0.2
00300034,安彩超白汽车级,003,超白,6,3660,2540,0
00300033,安彩超白汽车级,003,超白,6,3660,2440,0.2
00300032,安彩超白汽车级,003,超白,6,3660,2250,0
00300031,安彩超白汽车级,003,超白,6,3660,2140,0.2
00300030,安彩超白汽车级,003,超白,6,3660,2000,0.2
00300029,安彩超白汽车级,003,超白,6,3300,4000,0.2
00300028,安彩超白汽车级,003,超白,6,3300,3050,0.2
00300027,安彩超白汽车级,003,超白,6,3300,2900,0
00300026,安彩超白汽车级,003,超白,6,3300,2800,0.2
00300025,安彩超白汽车级,003,超白,6,3300,2740,0.2
00300024,安彩超白汽车级,003,超白,6,3300,2600,0
00300023,安彩超白汽车级,003,超白,6,3300,2440,0.2
00300022,安彩超白汽车级,003,超白,6,3300,2140,0.2
00300021,安彩超白汽车级,003,超白,6,3300,2000,0.2
00300020,安彩超白汽车级,003,超白,6,3050,3300,0.2
00300019,安彩超白汽车级,003,超白,6,3050,2800,0
00300018,安彩超白汽车级,003,超白,6,3050,2440,0
00300017,安彩超白汽车级,003,超白,6,3050,2250,0
00300016,安彩超白汽车级,003,超白,5,3660,3000,0
00300015,安彩超白汽车级,003,超白,5,3660,2800,0.2
00300014,安彩超白汽车级,003,超白,5,3660,2740,0.2
00300013,安彩超白汽车级,003,超白,5,3660,2600,0.2
00300012,安彩超白汽车级,003,超白,5,3660,2440,0.2
00300011,安彩超白汽车级,003,超白,5,3660,2250,0.2
00300010,安彩超白汽车级,003,超白,5,3660,2140,0.2
00300009,安彩超白汽车级,003,超白,5,3300,2800,0.2
00300008,安彩超白汽车级,003,超白,5,3300,2600,0.2
00300007,安彩超白汽车级,003,超白,5,3300,2440,0.2
00300006,安彩超白汽车级,003,超白,5,3300,2140,0.2
00300005,安彩超白汽车级,003,超白,4.8,3660,2440,0.2
00300004,安彩超白汽车级,003,超白,4.5,3660,2440,0.2
00300003,安彩超白汽车级,003,超白,4.3,3660,2440,0.2
00300002,安彩超白汽车级,003,超白,4,3660,2440,0.2
00300001,安彩超白汽车级,003,超白,4,2440,1830,0.2
00201303,单向透视,002,lowe,10,1550,650,0.2
00201302,子创华府绿LOWE,002,lowe,5,3660,2440,0.2
00201301,子创lowe180,002,lowe,5,3660,2440,0.2
00201300,子创lowe170,002,lowe,8,3660,2440,0.2
00201299,子创lowe170,002,lowe,6,3660,2600,0.2
00201298,子创lowe170,002,lowe,6,3660,2440,0.2
00201297,子创lowe170,002,lowe,6,3660,2250,0.2
00201296,子创lowe170,002,lowe,6,3660,2140,0.2
00201295,子创lowe170,002,lowe,5,3660,2600,0.2
00201294,子创lowe170,002,lowe,5,3660,2440,0.2
00201293,子创lowe170,002,lowe,5,3660,2280,0.2
00201292,子创lowe170,002,lowe,5,3660,2250,0.2
00201291,子创lowe170,002,lowe,5,3660,2140,0.2
00201290,子创lowe170,002,lowe,5,3660,2134,0.2
00201289,子创lowe170,002,lowe,4.6,3660,2440,0.2
00201288,子创lowe170,002,lowe,4.5,3660,2440,0.2
00201287,子创lowe160,002,lowe,8,3660,2440,0.2
00201286,子创Lowe160,002,lowe,6,3660,2600,0.2
00201285,子创Lowe160,002,lowe,6,3660,2440,0.2
00201284,子创Lowe160,002,lowe,6,3660,2280,0.2
00201283,子创Lowe160,002,lowe,6,3660,2250,0.2
00201282,子创lowe160,002,lowe,6,3660,2140,0.2
00201281,子创Lowe160,002,lowe,6,3660,2134,0.2
00201280,子创Lowe160,002,lowe,6,3300,2600,0.2
00201279,子创Lowe160,002,lowe,6,3300,2250,0.2
00201278,子创Lowe160,002,lowe,6,3300,2140,0.2
00201277,子创lowe160,002,lowe,5,3660,2600,0.2
00201276,子创Lowe160,002,lowe,5,3660,2440,0.2
00201275,子创lowe160,002,lowe,5,3660,2280,0.2
00201274,子创lowe160,002,lowe,5,3660,2250,0.2
00201273,子创lowe160,002,lowe,5,3660,2140,0.2
00201272,子创lowe160,002,lowe,5,3660,2134,0.2
00201271,子创lowe160,002,lowe,4.6,3660,2440,0.2
00201270,子创lowe150,002,lowe,6,3660,2440,0.2
00201269,子创lowe150,002,lowe,6,3660,2140,0.2
00201268,子创lowe150,002,lowe,6,3300,2250,0.2
00201267,子创lowe150,002,lowe,5,3660,2440,0.2
00201266,淄博金晶在线lowe80高透,002,lowe,10,3660,3300,0
00201265,淄博金晶在线lowe80高透,002,lowe,10,3300,2800,0
00201264,淄博金晶在线lowe80高透,002,lowe,10,3300,2440,0
00201263,淄博金晶在线lowe80高透,002,lowe,10,3300,2134,0
00201262,淄博金晶在线lowe80高透,002,lowe,8,3660,2440,0
00201261,淄博金晶在线lowe80高透,002,lowe,8,3300,2600,0
00201260,淄博金晶在线lowe80高透,002,lowe,8,3300,2440,0
00201259,淄博金晶在线lowe80高透,002,lowe,8,3300,2134,0
00201258,淄博金晶在线lowe80高透,002,lowe,6,3660,2600,0
00201257,淄博金晶在线lowe80高透,002,lowe,6,3660,2440,0
00201256,淄博金晶在线lowe80高透,002,lowe,6,3660,2134,0
00201255,淄博金晶在线lowe80高透,002,lowe,6,3300,2800,0
00201254,淄博金晶在线lowe80高透,002,lowe,6,3300,2600,0
00201253,淄博金晶在线lowe80高透,002,lowe,6,3300,2440,0
00201252,淄博金晶在线lowe80高透,002,lowe,6,3300,2134,0
00201251,淄博金晶在线lowe80高透,002,lowe,5,3660,2800,0
00201250,淄博金晶在线lowe80高透,002,lowe,5,3660,2600,0
00201249,淄博金晶在线lowe80高透,002,lowe,5,3660,2440,0
00201248,淄博金晶在线lowe80高透,002,lowe,5,3660,2134,0
00201247,淄博金晶在线lowe80高透,002,lowe,5,3300,2800,0
00201246,淄博金晶在线lowe80高透,002,lowe,5,3300,2600,0
00201245,淄博金晶在线lowe80高透,002,lowe,5,3300,2440,0.2
00201244,淄博金晶在线lowe80高透,002,lowe,5,3300,2134,0
00201243,淄博金晶在线lowe80高透,002,lowe,4,3300,2440,0
00201242,淄博金晶在线lowe80高透,002,lowe,4,3300,2134,0
00201241,淄博金晶loweS83,002,lowe,6,3300,2440,0
00201240,淄博金晶loweS83,002,lowe,5,3300,2440,0
00201239,淄博金晶loweS70,002,lowe,5,3300,2800,0
00201238,淄博金晶loweS70,002,lowe,5,3300,2440,0
00201237,淄博金晶loweD80,002,lowe,6,3300,2440,0
00201236,淄博金晶loweD80,002,lowe,5,3300,2800,0
00201235,中联双银lowe160,002,lowe,6,3660,2250,0
00201234,中联双银lowe160,002,lowe,5,3660,2250,0
00201233,中联单银lowe160,002,lowe,6,3660,2140,0
00201232,中联单银lowe170,002,lowe,5,3660,2440,0
00201231,中玻双银lowe180,002,lowe,10,4580,2440,0.2
00201230,中玻双银lowe180,002,lowe,10,4580,2200,0.2
00201229,中玻双银lowe180,002,lowe,10,4580,2140,0.2
00201228,中玻双银lowe180,002,lowe,10,3660,2740,0.2
00201227,中玻双银lowe180,002,lowe,8,3660,2440,0.2
00201226,中玻双银lowe180,002,lowe,8,3660,2280,0.2
00201225,中玻双银lowe180,002,lowe,8,3300,2600,0.2
00201224,中玻双银lowe180,002,lowe,6,3660,2440,0.2
00201223,中玻双银lowe180,002,lowe,6,3300,2600,0.2
00201222,中玻双银lowe180,002,lowe,6,3300,2440,0.2
00201221,中玻双银lowe180,002,lowe,5,3660,2440,0.2
00201220,中玻双银lowe180,002,lowe,5,3660,2250,0.2
00201219,中玻双银lowe180,002,lowe,5,3300,2600,0.2
00201218,中玻双银lowe180,002,lowe,5,3300,2440,0.2
00201217,中玻双银lowe180,002,lowe,5,3300,2250,0.2
00201216,中玻双银lowe180,002,lowe,5,3300,2134,0.2
00201215,中玻双银lowe170,002,lowe,8,4880,3050,0.2
00201214,中玻双银lowe170,002,lowe,8,3660,2440,0.2
00201213,中玻双银lowe170,002,lowe,8,3300,2440,0.2
00201212,中玻双银lowe170,002,lowe,6,3300,2440,0.2
00201211,中玻双银lowe170,002,lowe,5,3660,2600,0.2
00201210,中玻双银lowe170,002,lowe,5,3660,2440,0.2
00201209,中玻双银lowe170,002,lowe,5,3300,2440,0.2
00201208,中玻双银lowe170,002,lowe,5,3300,2280,0.2
00201207,中玻双银lowe160,002,lowe,5,3660,2440,0.2
00201206,中玻双银lowe160,002,lowe,5,3300,2440,0.2
00201205,中玻lowe170,002,lowe,5,3660,2280,0.2
00201204,中玻lowe185,002,lowe,6,3660,2140,0.2
00201203,中玻Lowe185,002,lowe,6,3300,2440,0.2
00201202,中玻lowe185,002,lowe,6,3300,2140,0.2
00201201,中玻lowe185,002,lowe,5,3300,2740,0.2
00201200,中玻lowe185,002,lowe,5,3300,2440,0.2
00201199,中玻lowe185,002,lowe,5,3300,2140,0.2
00201198,中玻lowe181双银,002,lowe,6,3300,2440,0.2
00201197,中玻lowe181双银,002,lowe,5,3300,2440,0.2
00201196,中玻lowe181双银,002,lowe,5,3300,2134,0.2
00201195,中玻Lowe181,002,lowe,10,3660,2740,0.2
00201194,中玻Lowe181,002,lowe,10,3660,2440,0.2
00201193,中玻lowe181,002,lowe,8,4880,3300,0.2
00201192,中玻Lowe181,002,lowe,8,3660,2740,0.2
00201191,中玻Lowe181,002,lowe,8,3660,2600,0.2
00201190,中玻Lowe181,002,lowe,8,3660,2440,0.2
00201189,中玻lowe181,002,lowe,8,3660,2280,0.2
00201188,中玻Lowe181,002,lowe,8,3660,2140,0.2
00201187,中玻Lowe181,002,lowe,8,3660,2134,0.2
00201186,中玻Lowe181,002,lowe,8,3300,2600,0.2
00201185,中玻Lowe181,002,lowe,8,3300,2440,0.2
00201184,中玻Lowe181,002,lowe,8,3300,2250,0.2
00201183,中玻Lowe181,002,lowe,8,3300,2140,0.2
00201182,中玻lowe181,002,lowe,6,4880,3300,0.2
00201181,中玻Lowe181,002,lowe,6,4880,2250,0.2
00201180,中玻Lowe181,002,lowe,6,3660,2740,0.2
00201179,中玻Lowe181,002,lowe,6,3660,2600,0.2
00201178,中玻Lowe181,002,lowe,6,3660,2440,0.2
00201177,中玻Lowe181,002,lowe,6,3660,2280,0.2
00201176,中玻Lowe181,002,lowe,6,3660,2250,0.2
00201175,中玻Lowe181,002,lowe,6,3660,2140,0.2
00201174,中玻Lowe181,002,lowe,6,3300,2800,0.2
00201173,中玻Lowe181,002,lowe,6,3300,2740,0.2
00201172,中玻Lowe181,002,lowe,6,3300,2600,0.2
00201171,中玻Lowe181,002,lowe,6,3300,2440,0.2
00201170,中玻lowe181,002,lowe,6,3300,2280,0.2
00201169,中玻Lowe181,002,lowe,6,3300,2250,0.2
00201168,中玻lowe181,002,lowe,6,3300,2140,0.2
00201167,中玻Lowe181,002,lowe,6,3300,2134,0.2
00201166,中玻lowe181,002,lowe,6,3300,2080,0.2
00201165,中玻Lowe181,002,lowe,5,3660,2600,0.2
00201164,中玻Lowe181,002,lowe,5,3660,2440,0.2
00201163,中玻Lowe181,002,lowe,5,3300,2740,0.2
00201162,中玻Lowe181,002,lowe,5,3300,2600,0.2
00201161,中玻Lowe181,002,lowe,5,3300,2440,0.2
00201160,中玻Lowe181,002,lowe,5,3300,2280,0.2
00201159,中玻Lowe181,002,lowe,5,3300,2250,0.2
00201158,中玻Lowe181,002,lowe,5,3300,2140,0.2
00201157,中玻Lowe181,002,lowe,5,3300,2134,0.2
00201156,中玻lowe180双银,002,lowe,6,3300,2740,0.2
00201155,中玻lowe180双银,002,lowe,5,3660,2440,0.2
00201154,中玻lowe180双银,002,lowe,5,3300,2740,0.2
00201153,中玻lowe170双银,002,lowe,10,3660,2600,0.2
00201152,中玻lowe170双银,002,lowe,10,3660,2140,0.2
00201151,中玻lowe170双银,002,lowe,8,3660,2440,0.2
00201150,中玻lowe170双银,002,lowe,8,3660,2140,0.2
00201149,中玻lowe170双银,002,lowe,6,3660,2440,0.2
00201148,中玻lowe170双银,002,lowe,6,3300,2600,0.2
00201147,中玻lowe170双银,002,lowe,6,3300,2440,0.2
00201146,中玻lowe170双银,002,lowe,6,3300,2280,0.2
00201145,中玻lowe170双银,002,lowe,5,3660,2440,0.2
00201144,中玻lowe170双银,002,lowe,5,3300,2600,0.2
00201143,中玻lowe170双银,002,lowe,5,3300,2440,0.2
00201142,中玻lowe170双银,002,lowe,5,3300,2280,0.2
00201141,中玻lowe170,002,lowe,12,3660,2740,0.2
00201140,中玻lowe170,002,lowe,12,3660,2440,0.2
00201139,中玻lowe170,002,lowe,10,4880,2700,0.2
00201138,中玻lowe170,002,lowe,10,4880,2440,0.2
00201137,中玻lowe170,002,lowe,10,4880,2140,0.2
00201136,中玻lowe170,002,lowe,10,3660,2740,0.2
00201135,中玻lowe170,002,lowe,10,3660,2600,0.2
00201134,中玻lowe170,002,lowe,10,3660,2440,0.2
00201133,中玻lowe170,002,lowe,10,3660,2140,0.2
00201132,中玻lowe170,002,lowe,10,3300,2440,0.2
00201131,中玻lowe170,002,lowe,8,4880,2800,0.2
00201130,中玻lowe170,002,lowe,8,4880,2440,0.2
00201129,中玻lowe170,002,lowe,8,4880,2140,0.2
00201128,中玻lowe170,002,lowe,8,4200,2440,0.2
00201127,中玻lowe170,002,lowe,8,3660,2800,0.2
00201126,中玻lowe170,002,lowe,8,3660,2740,0.2
00201125,中玻lowe170,002,lowe,8,3660,2600,0.2
00201124,中玻lowe170,002,lowe,8,3660,2440,0.2
00201123,中玻lowe170,002,lowe,8,3660,2140,0.2
00201122,中玻lowe170,002,lowe,8,3300,2800,0.2
00201121,中玻lowe170,002,lowe,8,3300,2740,0.2
00201120,中玻lowe170,002,lowe,8,3300,2600,0.2
00201119,中玻lowe170,002,lowe,8,3300,2440,0.2
00201118,中玻lowe170,002,lowe,8,3300,2280,0.2
00201117,中玻lowe170,002,lowe,8,3300,2250,0.2
00201116,中玻lowe170,002,lowe,8,3300,2140,0.2
00201115,中玻lowe170,002,lowe,7.1,3660,2134,0.2
00201114,中玻lowe170,002,lowe,6,4880,3300,0.2
00201113,中玻lowe170,002,lowe,6,4880,3050,0.2
00201112,中玻lowe170,002,lowe,6,4880,2800,0.2
00201111,中玻lowe170,002,lowe,6,4880,2280,0.2
00201110,中玻lowe170,002,lowe,6,3660,2800,0.2
00201109,中玻lowe170,002,lowe,6,3660,2740,0.2
00201108,中玻lowe170,002,lowe,6,3660,2600,0.2
00201107,中玻lowe170,002,lowe,6,3660,2440,0.2
00201106,中玻lowe170,002,lowe,6,3660,2280,0.2
00201105,中玻lowe170,002,lowe,6,3660,2140,0.2
00201104,中玻lowe170,002,lowe,6,3660,2134,0.2
00201103,中玻lowe170,002,lowe,6,3300,2800,0.2
00201102,中玻lowe170,002,lowe,6,3300,2740,0.2
00201101,中玻lowe170,002,lowe,6,3300,2600,0.2
00201100,中玻lowe170,002,lowe,6,3300,2440,0.2
00201099,中玻lowe170,002,lowe,6,3300,2280,0.2
00201098,中玻lowe170,002,lowe,6,3300,2250,0.2
00201097,中玻lowe170,002,lowe,6,3300,2140,0.2
00201096,中玻lowe170,002,lowe,6,3300,2134,0.2
00201095,中玻lowe170,002,lowe,6,3300,2080,0.2
00201094,中玻lowe170,002,lowe,5,3660,2740,0.2
00201093,中玻lowe170,002,lowe,5,3660,2600,0.2
00201092,中玻lowe170,002,lowe,5,3660,2440,0.2
00201091,中玻lowe170,002,lowe,5,3660,2140,0.2
00201090,中玻lowe170,002,lowe,5,3300,2800,0.2
00201089,中玻lowe170,002,lowe,5,3300,2740,0.2
00201088,中玻lowe170,002,lowe,5,3300,2630,0.2
00201087,中玻lowe170,002,lowe,5,3300,2600,0.2
00201086,中玻lowe170,002,lowe,5,3300,2440,0.2
00201085,中玻lowe170,002,lowe,5,3300,2280,0.2
00201084,中玻lowe170,002,lowe,5,3300,2250,0.2
00201083,中玻lowe170,002,lowe,5,3300,2140,0.2
00201082,中玻lowe170,002,lowe,5,3300,2134,0.2
00201081,中玻Lowe160双银,002,lowe,8,3660,2440,0.2
00201080,中玻Lowe160双银,002,lowe,6,3300,2740,0.2
00201079,中玻Lowe160双银,002,lowe,6,3300,2440,0.2
00201078,中玻Lowe160双银,002,lowe,5,3300,2440,0.2
00201077,中玻lowe160,002,lowe,12,3660,2440,0.2
00201076,中玻lowe160,002,lowe,10,3660,2440,0.2
00201075,中玻lowe160,002,lowe,8,3660,2800,0.2
00201074,中玻lowe160,002,lowe,8,3660,2740,0.2
00201073,中玻lowe160,002,lowe,8,3660,2440,0.2
00201072,中玻lowe160,002,lowe,8,3300,2600,0.2
00201071,中玻lowe160,002,lowe,8,3300,2440,0.2
00201070,中玻lowe160,002,lowe,8,3300,2140,0.2
00201069,中玻lowe160,002,lowe,6,4880,3300,0.2
00201068,中玻lowe160,002,lowe,6,4880,3050,0.2
00201067,中玻lowe160,002,lowe,6,3900,2440,0.2
00201066,中玻lowe160,002,lowe,6,3660,2800,0.2
00201065,中玻lowe160,002,lowe,6,3660,2740,0.2
00201064,中玻lowe160,002,lowe,6,3660,2600,0.2
00201063,中玻lowe160,002,lowe,6,3660,2440,0.2
00201062,中玻lowe160,002,lowe,6,3660,2140,0.2
00201061,中玻lowe160,002,lowe,6,3660,2134,0.2
00201060,中玻lowe160,002,lowe,6,3300,2800,0.2
00201059,中玻lowe160,002,lowe,6,3300,2740,0.2
00201058,中玻lowe160,002,lowe,6,3300,2600,0.2
00201057,中玻lowe160,002,lowe,6,3300,2440,0.2
00201056,中玻lowe160,002,lowe,6,3300,2280,0.2
00201055,中玻lowe160,002,lowe,6,3300,2250,0.2
00201054,中玻lowe160,002,lowe,6,3300,2140,0.2
00201053,中玻lowe160,002,lowe,6,3300,2134,0.2
00201052,中玻lowe160,002,lowe,5,3660,2600,0.2
00201051,中玻lowe160,002,lowe,5,3660,2440,0.2
00201050,中玻lowe160,002,lowe,5,3660,2280,0.2
00201049,中玻lowe160,002,lowe,5,3300,2740,0.2
00201048,中玻lowe160,002,lowe,5,3300,2600,0.2
00201047,中玻lowe160,002,lowe,5,3300,2440,0.2
00201046,中玻lowe160,002,lowe,5,3300,2280,0.2
00201045,中玻lowe160,002,lowe,5,3300,2250,0.2
00201044,中玻lowe160,002,lowe,5,3300,2140,0.2
00201043,中玻lowe160,002,lowe,5,3300,2134,0.2
00201042,中玻lowe150,002,lowe,6,3660,2440,0.2
00201041,中玻lowe150,002,lowe,6,3300,2800,0.2
00201040,中玻lowe150,002,lowe,6,3300,2740,0.2
00201039,中玻lowe150,002,lowe,6,3300,2600,0.2
00201038,中玻lowe150,002,lowe,6,3300,2440,0.2
00201037,中玻lowe150,002,lowe,6,3300,2250,0.2
00201036,中玻lowe150,002,lowe,6,3300,2140,0.2
00201035,中玻lowe150,002,lowe,6,3300,2134,0.2
00201034,中玻lowe150,002,lowe,5,3660,2440,0.2
00201033,中玻lowe150,002,lowe,5,3300,2600,0.2
00201032,中玻lowe150,002,lowe,5,3300,2440,0.2
00201031,中玻lowe150,002,lowe,5,3300,2250,0.2
00201030,中玻lowe150,002,lowe,5,3300,2134,0.2
00201029,中玻lowe140,002,lowe,6,3300,2440,0.2
00201028,中玻lowe140,002,lowe,5,3300,2440,0.2
00201027,漳州旗滨离线绿镀膜,002,lowe,3.6,2440,1830,0.4
00201026,张家港信义XETB0170,002,lowe,6,3300,2440,0
00201025,张家港信义XETB0170,002,lowe,6,3300,2290,0
00201024,张家港信义XETB0160,002,lowe,6,3300,2440,0
00201023,在线Sun-E(T)水晶蓝VT83LA,002,lowe,5,3660,2440,0
00201022,营口信义XETNO187,002,lowe,5,3300,2440,0
00201021,营口信义XETNO187,002,lowe,5,3300,2290,0
00201020,营口信义XETNO180,002,lowe,12,4880,3300,0
00201019,营口信义XETNO180,002,lowe,10,4880,3300,0
00201018,营口信义XETNO180,002,lowe,10,3660,2740,0
00201017,营口信义XETNO180,002,lowe,10,3300,2740,0
00201016,营口信义XETNO180,002,lowe,10,3050,2740,0
00201015,营口信义XETNO180,002,lowe,8,4880,3050,0
00201014,营口信义XETNO180,002,lowe,6,4880,3300,0
00201013,营口信义XETNO180,002,lowe,6,4580,3300,0
00201012,营口信义XETNO180,002,lowe,6,3660,2440,0
00201011,营口信义XETNO180,002,lowe,6,3300,2740,0
00201010,营口信义XETNO180,002,lowe,6,3300,2600,0
00201009,营口信义XETNO180,002,lowe,6,3300,2440,0
00201008,营口信义XETNO180,002,lowe,5,4880,3300,0
00201007,营口信义XETNO180,002,lowe,5,3660,2440,0
00201006,营口信义XETNO180,002,lowe,5,3660,2140,0
00201005,营口信义XETNO180,002,lowe,5,3300,2740,0
00201004,营口信义XETNO180,002,lowe,5,3300,2440,0
00201003,营口信义XETNO170,002,lowe,6,3660,2440,0
00201002,营口信义XETNO170,002,lowe,6,3660,2140,0
00201001,营口信义XETNO170,002,lowe,6,3300,2440,0
00201000,营口信义XETNO170,002,lowe,5,3660,2440,0
00200999,营口信义XETNO170,002,lowe,5,3300,2740,0
00200998,营口信义XETNO170,002,lowe,5,3300,2440,0
00200997,营口信义XETN0180,002,lowe,10,4880,3050,0
00200996,营口信义XETN0180,002,lowe,6,4880,3050,0
00200995,营口信义XETGO160,002,lowe,12,4880,3300,0
00200994,营口信义XETGO160,002,lowe,10,4580,3300,0
00200993,营口信义XETGO160,002,lowe,8,3660,2740,0
00200992,营口信义XETGO160,002,lowe,8,3660,2440,0
00200991,营口信义XETGO160,002,lowe,8,3660,2140,0
00200990,营口信义XETGO160,002,lowe,8,3300,2740,0
00200989,营口信义XETGO160,002,lowe,8,3300,2440,0
00200988,营口信义XETGO160,002,lowe,6,4880,3300,0
00200987,营口信义XETGO160,002,lowe,6,3300,2440,0
00200986,营口信义XETGO160,002,lowe,6,3300,2140,0
00200985,营口信义XETGO160,002,lowe,5,3660,2440,0
00200984,营口信义XETBO170,002,lowe,6,3660,2440,0
00200983,营口信义XETBO160,002,lowe,6,3300,2290,0
00200982,营口信义XETBO160,002,lowe,5,3660,2440,0
00200981,营口信义XETBO160,002,lowe,5,3300,2440,0
00200980,营口信义XETBO160,002,lowe,5,3300,2290,0
00200979,营口信义XETB0170,002,lowe,5,3660,2440,0
00200978,营口信义XETB0170,002,lowe,5,3300,2740,0
00200977,营口信义XETB0170,002,lowe,5,3300,2440,0
00200976,营口信义XESS0170,002,lowe,6,3300,2440,0
00200975,营口信义XESS0170,002,lowe,5,3300,2440,0
00200974,营口信义XDTNO180,002,lowe,5,3660,2440,0
00200973,营口信义XDTN0180,002,lowe,8,3660,2440,0
00200972,营口信义XDTN0180,002,lowe,8,3300,2740,0
00200971,营口信义XDTN0180,002,lowe,8,3300,2440,0
00200970,营口信义XDTN0180,002,lowe,8,3300,2140,0
00200969,营口信义XDTN0180,002,lowe,6,3660,2740,0
00200968,营口信义XDTN0180,002,lowe,6,3660,2440,0
00200967,营口信义XDTN0180,002,lowe,6,3660,2290,0
00200966,营口信义XDTN0180,002,lowe,6,3400,2440,0
00200965,营口信义XDTN0180,002,lowe,6,3300,2740,0
00200964,营口信义XDTN0180,002,lowe,6,3300,2440,0
00200963,营口信义XDTN0180,002,lowe,6,3300,2140,0
00200962,营口信义XDTN0180,002,lowe,5,3660,2740,0
00200961,营口信义XDTN0180,002,lowe,5,3300,2140,0
00200960,营口信义XDTB0170,002,lowe,6,3660,2600,0
00200959,营口信义XDTB0170,002,lowe,6,3660,2440,0
00200958,营口信义XDTB0170,002,lowe,6,3660,2140,0
00200957,营口信义XDTB0170,002,lowe,6,3300,2440,0
00200956,营口信义XDTB0170,002,lowe,6,3050,2140,0
00200955,耀皮在线Lowe80,002,lowe,5,3300,2440,0.2
00200954,耀皮lowe180,002,lowe,6,3660,2440,0
00200953,耀皮lowe180,002,lowe,6,3660,2140,0
00200952,耀皮lowe170,002,lowe,6,3660,2440,0
00200951,耀华双银70,002,lowe,6,3660,2540,0.2
00200950,耀华双银70,002,lowe,6,3660,2440,0.2
00200949,炫蓝（南玻超白）,002,lowe,10,3660,2480,0.2
00200948,炫蓝（南玻超白）,002,lowe,10,3660,2440,0.2
00200947,鑫隆信lowe40,002,lowe,6,3660,2440,0
00200946,咸阳中玻水晶灰在线Sun-E(T)合格品,002,lowe,6,3660,2250,0
00200945,咸阳中玻水晶灰在线Sun-E(T)合格品,002,lowe,6,3660,2140,0
00200944,咸阳中玻水晶灰在线Sun-E(T),002,lowe,8,3660,2440,0
00200943,咸阳中玻水晶灰在线Sun-E(T),002,lowe,6,3660,2440,0
00200942,咸阳中玻水晶灰在线Sun-E(T),002,lowe,5,3660,2440,0
00200941,咸阳台玻lowe78A,002,lowe,5,3660,2600,0
00200940,咸阳台玻lowe78A,002,lowe,5,3300,2440,0
00200939,咸阳台玻lowe78A,002,lowe,5,3300,2240,0
00200938,咸阳台玻lowe70B,002,lowe,5,3300,2800,0
00200937,咸阳台玻lowe70B,002,lowe,5,3300,2440,0
00200936,咸宁南玻loweSuper II G,002,lowe,8,3660,2440,0
00200935,咸宁南玻loweSuper II G,002,lowe,8,3660,2300,0
00200934,咸宁南玻loweSuper II,002,lowe,8,3660,2440,0
00200933,咸宁南玻loweSuper II,002,lowe,6,3660,2280,0
00200932,咸宁南玻loweSuper II,002,lowe,6,3300,2440,0
00200931,咸宁南玻loweSuper II,002,lowe,6,3300,2140,0
00200930,芜湖信义XETB0160,002,lowe,10,4880,3050,0
00200929,芜湖信义XETB0160,002,lowe,8,4880,2440,0
00200928,芜湖信义XETB0160,002,lowe,8,4580,2800,0
00200927,芜湖信义XETB0160,002,lowe,5,3660,2440,0
00200926,威海中玻离线lowe50,002,lowe,6,3300,2440,0
00200925,威海水晶灰Sun-E(T)60,002,lowe,6,3660,2440,0.2
00200924,威海水晶蓝Sun-E(T)VT83协议品,002,lowe,5,3660,2440,0
00200923,威海水晶蓝Sun-E(T)VT83协议品,002,lowe,5,3660,2200,0
00200922,威海水晶蓝Sun-E(T)VT83合格品,002,lowe,5,2440,1830,0
00200921,威海水晶蓝Sun-E(T)185,002,lowe,5,3660,2440,0.2
00200920,威海水晶灰Sun-E(T)70优等品,002,lowe,6,3660,2440,0
00200919,威海水晶灰Sun-E(T)70优等品,002,lowe,6,3660,2140,0
00200918,威海水晶灰Sun-E(T)70优等品,002,lowe,5,3660,2680,0
00200917,威海水晶灰Sun-E(T)70优等品,002,lowe,5,3660,2250,0
00200916,威海水晶灰Sun-E(T)70优等品,002,lowe,5,3660,2140,0
00200915,威海水晶灰Sun-E(T)70协议品,002,lowe,5,3660,2440,0
00200914,威海水晶灰Sun-E(T)70合格品,002,lowe,6,3660,2140,0
00200913,威海水晶灰Sun-E(T)70合格品,002,lowe,5,3660,2680,0
00200912,威海水晶灰Sun-E(T)70,002,lowe,8,3660,2440,0.2
00200911,威海水晶灰Sun-E(T)70,002,lowe,8,3660,2250,0.2
00200910,威海水晶灰Sun-E(T)70,002,lowe,6,3660,2440,0.2
00200909,威海水晶灰Sun-E(T)70,002,lowe,5,3660,2440,0.2
00200908,威海水晶灰Sun-E(T)70,002,lowe,5,2440,1830,0
00200907,威海水晶灰Sun-E(T)60,002,lowe,5,3660,2440,0.2
00200906,威海双银Lowe170,002,lowe,6,3300,2680,0
00200905,威海双银Lowe170,002,lowe,6,3300,2440,0
00200904,威海双银Lowe170,002,lowe,5,3300,2680,0
00200903,威海双银Lowe170,002,lowe,5,3300,2440,0
00200902,威海蓝星雅蓝lowe165,002,lowe,6,3300,2440,0
00200901,威海蓝星雅蓝lowe165,002,lowe,6,3300,2250,0
00200900,威海蓝星雅蓝lowe165,002,lowe,5,3300,2680,0
00200899,威海蓝星雅蓝lowe165,002,lowe,5,3300,2440,0
00200898,威海蓝星雅蓝lowe165,002,lowe,5,3300,2250,0
00200897,威海蓝星浅蓝lowe160,002,lowe,6,3300,2740,0
00200896,威海蓝星浅蓝lowe160,002,lowe,5,3300,2440,0
00200895,威海蓝星离线净色lowe180,002,lowe,6,3300,2680,0
00200894,威海蓝星离线净色lowe180,002,lowe,6,3300,2440,0
00200893,威海蓝星离线净色lowe180,002,lowe,5,3300,2680,0
00200892,威海蓝星离线净色lowe180,002,lowe,5,3300,2440,0
00200891,威海蓝星离线净色lowe180,002,lowe,5,3300,2250,0
00200890,天津中玻lowe181,002,lowe,5,3660,2440,0
00200889,天津中玻lowe170,002,lowe,6,3660,2600,0
00200888,天津中玻lowe170,002,lowe,6,3660,2440,0
00200887,天津中玻lowe170,002,lowe,5,3660,2440,0
00200886,天津信义超白单银80lowe,002,lowe,10,3660,2800,0
00200885,天津信义超白单银80lowe,002,lowe,10,3050,2740,0
00200884,天津信义XETN0180,002,lowe,8,4880,3300,0
00200883,天津信义XETN0180,002,lowe,8,4580,3300,0
00200882,天津信义XETN0180,002,lowe,8,4580,3050,0
00200881,天津信义XETN0180,002,lowe,6,4880,3050,0
00200880,天津信义XETN0180,002,lowe,6,4580,3050,0
00200879,天津信义XETN0180,002,lowe,6,3300,2440,0
00200878,天津信义XETN0180,002,lowe,5,3300,2440,0
00200877,天津信义XETG0060,002,lowe,6,4880,3300,0
00200876,天津信义XETB0170,002,lowe,12,4880,3050,0
00200875,天津信义XETB0170,002,lowe,10,4580,3300,0
00200874,天津信义XETB0170,002,lowe,10,4580,3050,0
00200873,天津信义XETB0170,002,lowe,8,4880,3300,0
00200872,天津信义XETB0170,002,lowe,8,4580,3050,0
00200871,天津信义XETB0170,002,lowe,8,4580,2440,0
00200870,天津信义XETB0170,002,lowe,8,3660,2140,0
00200869,天津信义XETB0170,002,lowe,6,4880,3300,0
00200868,天津信义XETB0170,002,lowe,5,3300,2740,0
00200867,天津信义XETB0170,002,lowe,5,3300,2440,0
00200866,天津信义XETB0170,002,lowe,12,4880,3300,0
00200865,天津信义XETB0170,002,lowe,12,4880,2600,0
00200864,天津信义XETB0170,002,lowe,12,4880,2440,0
00200863,天津信义XETB0170,002,lowe,10,4880,3300,0
00200862,天津信义XETB0170,002,lowe,10,4880,2740,0
00200861,天津信义XETB0170,002,lowe,10,4580,2440,0
00200860,天津信义XETB0170,002,lowe,10,3660,2740,0
00200859,天津信义XETB0170,002,lowe,10,3660,2440,0
00200858,天津信义XETB0170,002,lowe,8,3660,2440,0
00200857,天津信义XETB0170,002,lowe,6,3300,2440,0
00200856,天津信义XETB0160,002,lowe,8,4580,3300,0
00200855,天津信义XETB0160,002,lowe,8,3300,6000,0
00200854,天津信义XETB0160,002,lowe,8,3300,4880,0
00200853,天津信义XETB0160,002,lowe,6,3660,2440,0
00200852,天津信义XETB0160,002,lowe,6,3300,2740,0
00200851,天津信义XETB0160,002,lowe,6,3300,2440,0
00200850,天津信义XETB0160,002,lowe,5,3300,2740,0
00200849,天津信义XETB0160,002,lowe,5,3300,2440,0
00200848,天津信义XESS-T170,002,lowe,5,3660,2440,0
00200847,天津信义XESS0170,002,lowe,5,3300,2440,0
00200846,天津信义XDTG0056,002,lowe,8,4580,3050,0
00200845,天津信义XDTG0056,002,lowe,8,4280,3050,0
00200844,天津信义XDTB0180,002,lowe,6,4880,3050,0
00200843,天津信义XDTB0180,002,lowe,6,3660,2440,0
00200842,天津信义XDTB0180,002,lowe,6,3300,2740,0
00200841,天津信义XDTB0170,002,lowe,8,4880,3300,0
00200840,天津信义XDTB0170,002,lowe,6,4880,3300,0
00200839,天津信义XDTB0170,002,lowe,6,3660,2440,0
00200838,天津信义XDTB0170,002,lowe,6,3300,2440,0
00200837,天津信义52双银LOWE,002,lowe,12,4880,2250,0
00200836,天津信义52双银LOWE,002,lowe,12,4880,2140,0
00200835,天津信义52双银LOWE,002,lowe,12,3660,2250,0
00200834,天津信义52双银LOWE,002,lowe,12,3050,2140,0
00200833,天津信义52双银LOWE,002,lowe,10,3660,2440,0
00200832,天津信义52双银LOWE,002,lowe,8,3300,2600,0
00200831,天津台玻双银PDE80A,002,lowe,5,3300,2800,0
00200830,天津台玻PLE80lowe,002,lowe,6,3660,2440,0
00200829,天津台玻PLE80lowe,002,lowe,5,3300,2800,0
00200828,天津台玻PLE80lowe,002,lowe,5,3300,2440,0
00200827,天津台玻PLE70Alowe,002,lowe,6,3300,2800,0
00200826,天津台玻PLE70A,002,lowe,8,3300,2440,0
00200825,天津台玻PLE70A,002,lowe,6,3660,2440,0
00200824,天津台玻PLE70A,002,lowe,6,3300,2440,0
00200823,天津台玻PLE70A,002,lowe,5,3300,2440,0
00200822,天津台玻PDE60B02,002,lowe,8,3660,2800,0
00200821,天津台玻PDE60B02,002,lowe,6,3660,2440,0
00200820,天津旗滨双银D1,002,lowe,5,3660,2800,0
00200819,天津旗滨双银D1,002,lowe,5,3660,2740,0
00200818,天津旗滨双银D1,002,lowe,5,3660,2440,0
00200817,天津旗滨双银D1,002,lowe,5,3660,2439,0
00200816,天津旗滨双银D1,002,lowe,5,3660,2349,0
00200815,天津旗滨双银D1,002,lowe,5,3660,2340,0
00200814,天津旗滨双银D1,002,lowe,5,3460,2340,0
00200813,天津旗滨双银D1,002,lowe,5,3300,2440,0
00200812,天津旗滨双银D1,002,lowe,5,3299,2440,0
00200811,天津旗滨单银loweS80,002,lowe,8,3660,2800,0
00200810,天津旗滨单银loweS80,002,lowe,6,3660,2800,0
00200809,天津旗滨单银loweS80,002,lowe,6,3660,2740,0
00200808,天津旗滨单银loweS80,002,lowe,6,3660,2440,0
00200807,天津旗滨单银loweS80,002,lowe,6,3300,2800,0
00200806,天津旗滨单银loweS80,002,lowe,6,3300,2740,0
00200805,天津旗滨单银loweS80,002,lowe,6,3300,2600,0
00200804,天津旗滨单银loweS80,002,lowe,6,3300,2440,0
00200803,天津旗滨单银loweS80,002,lowe,6,3300,2140,0
00200802,天津旗滨单银loweS80,002,lowe,5,3660,2800,0
00200801,天津旗滨单银loweS80,002,lowe,5,3660,2440,0
00200800,天津旗滨单银loweS80,002,lowe,5,3660,2140,0
00200799,天津旗滨单银loweS80,002,lowe,5,3300,2740,0
00200798,天津旗滨单银loweS80,002,lowe,5,3300,2440,0
00200797,天津旗滨单银loweS70,002,lowe,8,3660,2800,0
00200796,天津旗滨单银loweS70,002,lowe,6,3660,2740,0
00200795,天津旗滨单银loweS70,002,lowe,6,3660,2440,0
00200794,天津旗滨单银loweS70,002,lowe,6,3660,2140,0
00200793,天津旗滨单银loweS70,002,lowe,6,3300,2600,0
00200792,天津旗滨单银loweS70,002,lowe,5,3660,2440,0
00200791,天津旗滨单银loweS70,002,lowe,5,3300,2440,0
00200790,天津旗滨单银loweS60,002,lowe,6,3660,2440,0
00200789,天津旗滨单银loweS60,002,lowe,5,3660,2740,0
00200788,天津旗滨单银loweS60,002,lowe,5,3660,2440,0
00200787,天津旗滨超白loweS72,002,lowe,6,3660,2800,0
00200786,天津旗滨超白loweS72,002,lowe,6,3300,2800,0
00200785,天津旗滨超白loweS62,002,lowe,6,3660,2800,0
00200784,天津旗滨超白loweS62,002,lowe,6,3660,2440,0
00200783,天津旗滨超白loweS62,002,lowe,6,3050,2440,0
00200782,天津南玻超白双银lowe170,002,lowe,6,3660,3300,0
00200781,天津南玻lowe（SUPER-SE-2A）,002,lowe,5,3660,2440,0
00200780,天津南玻70lowe（D0UBLE-1）,002,lowe,6,3660,2440,0
00200779,天津南玻70lowe（D0UBLE-1）,002,lowe,5,3660,2740,0
00200778,天津南玻70lowe （SUPER-SE-2 ）,002,lowe,6,3660,2440,0
00200777,天津南玻60lowe（SUPER-SE-3）,002,lowe,8,3660,2440,0
00200776,天津南玻60lowe（SUPER-SE-3）,002,lowe,6,3660,2440,0
00200775,天津南玻50lowe（SUPER-SE-4A ）,002,lowe,6,3660,2440,0
00200774,滕州金晶loweUS83,002,lowe,12,4880,2800,0
00200773,滕州金晶loweUS83,002,lowe,10,4880,2800,0
00200772,滕州金晶loweUS83,002,lowe,6,3300,4880,0
00200771,滕州金晶loweUS83,002,lowe,6,3300,2800,0
00200770,滕州金晶loweUS83,002,lowe,6,3300,2600,0
00200769,滕州金晶loweUS83,002,lowe,6,3300,2440,0
00200768,滕州金晶loweUS83,002,lowe,5,3300,2440,0
00200767,滕州金晶loweUS60,002,lowe,6,3300,2440,0
00200766,滕州金晶loweS83,002,lowe,12,4880,3300,0
00200765,滕州金晶loweS83,002,lowe,12,4880,2440,0
00200764,滕州金晶loweS83,002,lowe,12,3660,2440,0
00200763,滕州金晶loweS83,002,lowe,10,4880,3300,0
00200762,滕州金晶loweS83,002,lowe,10,4880,2600,0
00200761,滕州金晶loweS83,002,lowe,10,4880,2440,0
00200760,滕州金晶loweS83,002,lowe,10,4880,2250,0
00200759,滕州金晶loweS83,002,lowe,10,3660,2440,0
00200758,滕州金晶loweS83,002,lowe,8,4880,3300,0
00200757,滕州金晶loweS83,002,lowe,8,4880,2600,0
00200756,滕州金晶loweS83,002,lowe,8,4880,2440,0
00200755,滕州金晶loweS83,002,lowe,8,4500,2600,0
00200754,滕州金晶loweS83,002,lowe,8,3660,2440,0
00200753,滕州金晶loweS83,002,lowe,8,3300,2800,0
00200752,滕州金晶loweS83,002,lowe,6,3660,2440,0
00200751,滕州金晶loweS83,002,lowe,6,3300,2800,0
00200750,滕州金晶loweS83,002,lowe,6,3300,2600,0
00200749,滕州金晶loweS83,002,lowe,6,3300,2440,0
00200748,滕州金晶loweS83,002,lowe,5,4880,3300,0
00200747,滕州金晶loweS83,002,lowe,5,4880,2600,0
00200746,滕州金晶loweS83,002,lowe,5,3660,2440,0
00200745,滕州金晶loweS83,002,lowe,5,3300,2800,0
00200744,滕州金晶loweS83,002,lowe,5,3300,2600,0
00200743,滕州金晶loweS83,002,lowe,5,3300,2440,0
00200742,滕州金晶loweS83,002,lowe,5,3300,2280,0
00200741,滕州金晶loweS83,002,lowe,5,3300,2140,0
00200740,滕州金晶loweS70,002,lowe,12,4880,2300,0
00200739,滕州金晶loweS70,002,lowe,10,4880,3300,0
00200738,滕州金晶loweS70,002,lowe,10,4880,2440,0
00200737,滕州金晶loweS70,002,lowe,10,4580,2800,0
00200736,滕州金晶loweS70,002,lowe,10,4580,2600,0
00200735,滕州金晶loweS70,002,lowe,10,3660,2440,0
00200734,滕州金晶loweS70,002,lowe,8,4880,2800,0
00200733,滕州金晶loweS70,002,lowe,8,4580,3300,0
00200732,滕州金晶loweS70,002,lowe,8,4580,2800,0
00200731,滕州金晶loweS70,002,lowe,8,4580,2600,0
00200730,滕州金晶loweS70,002,lowe,8,3660,2440,0
00200729,滕州金晶loweS70,002,lowe,8,3300,2800,0
00200728,滕州金晶loweS70,002,lowe,8,3300,2440,0
00200727,滕州金晶loweS70,002,lowe,6,4880,2800,0
00200726,滕州金晶loweS70,002,lowe,6,3660,2440,0
00200725,滕州金晶loweS70,002,lowe,6,3660,2140,0
00200724,滕州金晶loweS70,002,lowe,6,3300,2800,0
00200723,滕州金晶loweS70,002,lowe,6,3300,2600,0
00200722,滕州金晶loweS70,002,lowe,6,3300,2440,0
00200721,滕州金晶loweS70,002,lowe,6,3300,2280,0
00200720,滕州金晶loweS70,002,lowe,6,3300,2250,0
00200719,滕州金晶loweS70,002,lowe,6,3300,2140,0
00200718,滕州金晶loweS70,002,lowe,5,3300,2800,0
00200717,滕州金晶loweS70,002,lowe,5,3300,2600,0
00200716,滕州金晶loweS70,002,lowe,5,3300,2440,0
00200715,滕州金晶loweS70,002,lowe,5,3300,2280,0
00200714,滕州金晶loweS70,002,lowe,5,3300,2250,0
00200713,滕州金晶loweS70,002,lowe,5,3300,2140,0
00200712,滕州金晶loweS60,002,lowe,8,4880,3300,0
00200711,滕州金晶loweS60,002,lowe,8,4580,3300,0
00200710,滕州金晶loweS60,002,lowe,6,4580,3300,0
00200709,滕州金晶loweS60,002,lowe,6,4450,3300,0
00200708,滕州金晶loweS60,002,lowe,6,3300,2800,0
00200707,滕州金晶loweS60,002,lowe,6,3300,2600,0
00200706,滕州金晶loweS60,002,lowe,6,3300,2440,0
00200705,滕州金晶loweS60,002,lowe,6,3300,2140,0
00200704,滕州金晶loweS60,002,lowe,5,3300,2800,0
00200703,滕州金晶loweS60,002,lowe,5,3300,2600,0
00200702,滕州金晶loweS60,002,lowe,5,3300,2440,0
00200701,滕州金晶loweS60,002,lowe,5,3300,2280,0
00200700,滕州金晶loweS60,002,lowe,5,3300,2140,0
00200699,滕州金晶loweS1.16,002,lowe,6,3300,2800,0
00200698,滕州金晶loweS1.16,002,lowe,5,3300,2800,0
00200697,滕州金晶loweS1.16,002,lowe,5,3300,2600,0
00200696,滕州金晶loweS1.16,002,lowe,5,3300,2440,0
00200695,滕州金晶loweS1.16,002,lowe,5,3300,2140,0
00200694,石家庄玉晶双银lowe180,002,lowe,5,3660,2440,0.2
00200693,石家庄玉晶双银lowe170,002,lowe,8,3660,2440,0.3
00200692,石家庄玉晶双银lowe170,002,lowe,6,3660,2440,0.2
00200691,石家庄玉晶双银lowe170,002,lowe,5,3660,2440,0.2
00200690,石家庄玉晶双银lowe160,002,lowe,8,3660,2440,0.3
00200689,石家庄玉晶双银lowe160,002,lowe,6,3660,2440,0.2
00200688,石家庄玉晶lowe180,002,lowe,12,4880,2440,0.3
00200687,石家庄玉晶lowe180,002,lowe,12,3660,2440,0.3
00200686,石家庄玉晶lowe180,002,lowe,10,4880,2440,0.3
00200685,石家庄玉晶lowe180,002,lowe,10,4580,2440,0.3
00200684,石家庄玉晶lowe180,002,lowe,10,4580,2140,0.3
00200683,石家庄玉晶lowe180,002,lowe,10,4280,2440,0.3
00200682,石家庄玉晶lowe180,002,lowe,10,4200,2800,0.3
00200681,石家庄玉晶lowe180,002,lowe,10,4200,2440,0.3
00200680,石家庄玉晶lowe180,002,lowe,10,3660,2440,0.3
00200679,石家庄玉晶lowe180,002,lowe,8,4880,2440,0.3
00200678,石家庄玉晶lowe180,002,lowe,8,4580,2440,0.3
00200677,石家庄玉晶lowe180,002,lowe,8,4280,2800,0.3
00200676,石家庄玉晶lowe180,002,lowe,8,4280,2440,0.3
00200675,石家庄玉晶lowe180,002,lowe,8,3660,2440,0.3
00200674,石家庄玉晶lowe180,002,lowe,8,3050,2440,0.3
00200673,石家庄玉晶lowe180,002,lowe,6,3660,2800,0.2
00200672,石家庄玉晶lowe180,002,lowe,6,3660,2600,0.2
00200671,石家庄玉晶lowe180,002,lowe,6,3660,2440,0.2
00200670,石家庄玉晶lowe180,002,lowe,6,3660,2250,0.2
00200669,石家庄玉晶lowe180,002,lowe,6,3660,2140,0.2
00200668,石家庄玉晶lowe180,002,lowe,5,3660,2800,0.2
00200667,石家庄玉晶lowe180,002,lowe,5,3660,2600,0.2
00200666,石家庄玉晶lowe180,002,lowe,5,3660,2440,0.2
00200665,石家庄玉晶lowe180,002,lowe,5,3660,2250,0.2
00200664,石家庄玉晶lowe180,002,lowe,5,3660,2140,0.2
00200663,石家庄玉晶lowe180,002,lowe,5,3300,2440,0.2
00200662,石家庄玉晶lowe170,002,lowe,12,4880,2440,0.3
00200661,石家庄玉晶lowe170,002,lowe,12,4580,2600,0.3
00200660,石家庄玉晶lowe170,002,lowe,12,4580,2440,0.3
00200659,石家庄玉晶lowe170,002,lowe,12,4280,2800,0.3
00200658,石家庄玉晶lowe170,002,lowe,12,3660,2440,0.3
00200657,石家庄玉晶lowe170,002,lowe,10,4580,2440,0.3
00200656,石家庄玉晶lowe170,002,lowe,10,4580,2250,0.3
00200655,石家庄玉晶lowe170,002,lowe,10,4580,2140,0.3
00200654,石家庄玉晶lowe170,002,lowe,10,4280,2440,0.3
00200653,石家庄玉晶lowe170,002,lowe,10,4200,2800,0.3
00200652,石家庄玉晶lowe170,002,lowe,10,3660,2800,0.3
00200651,石家庄玉晶lowe170,002,lowe,10,3660,2600,0.3
00200650,石家庄玉晶lowe170,002,lowe,10,3660,2440,0.3
00200649,石家庄玉晶lowe170,002,lowe,10,3300,2140,0.3
00200648,石家庄玉晶lowe170,002,lowe,10,3050,2800,0.3
00200647,石家庄玉晶lowe170,002,lowe,10,3050,2440,0.3
00200646,石家庄玉晶lowe170,002,lowe,8,4880,2440,0.3
00200645,石家庄玉晶lowe170,002,lowe,8,4880,2140,0.3
00200644,石家庄玉晶lowe170,002,lowe,8,4580,2800,0.3
00200643,石家庄玉晶lowe170,002,lowe,8,4580,2440,0.3
00200642,石家庄玉晶lowe170,002,lowe,8,4280,2800,0.3
00200641,石家庄玉晶lowe170,002,lowe,8,4280,2440,0.3
00200640,石家庄玉晶lowe170,002,lowe,8,4280,2250,0.3
00200639,石家庄玉晶lowe170,002,lowe,8,4280,2140,0.3
00200638,石家庄玉晶lowe170,002,lowe,8,4200,2440,0.3
00200637,石家庄玉晶lowe170,002,lowe,8,4000,2800,0.3
00200636,石家庄玉晶lowe170,002,lowe,8,4000,2600,0.3
00200635,石家庄玉晶lowe170,002,lowe,8,4000,2440,0.3
00200634,石家庄玉晶lowe170,002,lowe,8,3660,2800,0.3
00200633,石家庄玉晶lowe170,002,lowe,8,3660,2600,0.3
00200632,石家庄玉晶lowe170,002,lowe,8,3660,2440,0.3
00200631,石家庄玉晶lowe170,002,lowe,8,3660,2280,0.3
00200630,石家庄玉晶lowe170,002,lowe,8,3660,2250,0.3
00200629,石家庄玉晶lowe170,002,lowe,8,3660,2140,0.3
00200628,石家庄玉晶lowe170,002,lowe,8,3300,2250,0.3
00200627,石家庄玉晶lowe170,002,lowe,6,4880,2800,0.2
00200626,石家庄玉晶lowe170,002,lowe,6,4880,2250,0.2
00200625,石家庄玉晶lowe170,002,lowe,6,4580,2250,0.2
00200624,石家庄玉晶lowe170,002,lowe,6,4280,2800,0.2
00200623,石家庄玉晶lowe170,002,lowe,6,4000,2440,0.2
00200622,石家庄玉晶lowe170,002,lowe,6,4000,2250,0.2
00200621,石家庄玉晶lowe170,002,lowe,6,3660,2800,0.2
00200620,石家庄玉晶lowe170,002,lowe,6,3660,2740,0.2
00200619,石家庄玉晶lowe170,002,lowe,6,3660,2600,0.2
00200618,石家庄玉晶lowe170,002,lowe,6,3660,2440,0.2
00200617,石家庄玉晶lowe170,002,lowe,6,3660,2250,0.2
00200616,石家庄玉晶lowe170,002,lowe,6,3660,2140,0.2
00200615,石家庄玉晶lowe170,002,lowe,6,3300,2800,0.2
00200614,石家庄玉晶lowe170,002,lowe,6,3300,2600,0.2
00200613,石家庄玉晶lowe170,002,lowe,6,3300,2440,0.2
00200612,石家庄玉晶lowe170,002,lowe,6,3050,2440,0.2
00200611,石家庄玉晶lowe170,002,lowe,5,4200,2440,0.2
00200610,石家庄玉晶lowe170,002,lowe,5,3660,2800,0.2
00200609,石家庄玉晶lowe170,002,lowe,5,3660,2600,0.2
00200608,石家庄玉晶lowe170,002,lowe,5,3660,2440,0.2
00200607,石家庄玉晶lowe170,002,lowe,5,3660,2250,0.2
00200606,石家庄玉晶lowe170,002,lowe,5,3660,2140,0.2
00200605,石家庄玉晶lowe170,002,lowe,5,3300,2440,0.2
00200604,石家庄玉晶lowe170,002,lowe,5,3300,2250,0.2
00200603,石家庄玉晶lowe170,002,lowe,5,2600,1830,0.2
00200602,石家庄玉晶lowe170,002,lowe,5,2440,2000,0.2
00200601,石家庄玉晶lowe170,002,lowe,5,2440,1830,0.2
00200600,石家庄玉晶lowe170,002,lowe,5,2440,1660,0.2
00200599,石家庄玉晶lowe170,002,lowe,5,2250,1830,0.2
00200598,石家庄玉晶lowe170,002,lowe,4.5,3660,2440,0.2
00200597,石家庄玉晶lowe160,002,lowe,10,3660,2800,0.3
00200596,石家庄玉晶lowe160,002,lowe,10,3660,2440,0.3
00200595,石家庄玉晶lowe160,002,lowe,10,3300,2800,0.3
00200594,石家庄玉晶lowe160,002,lowe,8,4280,2800,0.3
00200593,石家庄玉晶lowe160,002,lowe,8,4280,2250,0.3
00200592,石家庄玉晶lowe160,002,lowe,8,4200,2440,0.3
00200591,石家庄玉晶lowe160,002,lowe,8,3660,2800,0.3
00200590,石家庄玉晶lowe160,002,lowe,8,3660,2600,0.3
00200589,石家庄玉晶lowe160,002,lowe,8,3660,2440,0.3
00200588,石家庄玉晶lowe160,002,lowe,8,3660,2140,0.3
00200587,石家庄玉晶lowe160,002,lowe,8,3300,2600,0.3
00200586,石家庄玉晶lowe160,002,lowe,6,4000,2600,0.2
00200585,石家庄玉晶lowe160,002,lowe,6,3660,2800,0.2
00200584,石家庄玉晶lowe160,002,lowe,6,3660,2600,0.2
00200583,石家庄玉晶lowe160,002,lowe,6,3660,2440,0.2
00200582,石家庄玉晶lowe160,002,lowe,6,3660,2250,0.2
00200581,石家庄玉晶lowe160,002,lowe,6,3660,2140,0.2
00200580,石家庄玉晶lowe160,002,lowe,5,3660,2800,0.2
00200579,石家庄玉晶lowe160,002,lowe,5,3660,2600,0.2
00200578,石家庄玉晶lowe160,002,lowe,5,3660,2440,0.2
00200577,石家庄玉晶lowe160,002,lowe,5,3660,2250,0.2
00200576,石家庄玉晶lowe160,002,lowe,5,3660,2140,0.2
00200575,石家庄玉晶lowe150,002,lowe,8,3300,2800,0.3
00200574,石家庄玉晶lowe150,002,lowe,6,3660,2800,0.2
00200573,石家庄玉晶lowe150,002,lowe,6,3660,2600,0.2
00200572,石家庄玉晶lowe150,002,lowe,6,3660,2440,0.2
00200571,石家庄玉晶lowe150,002,lowe,6,3300,2180,0.2
00200570,石家庄玉晶lowe150,002,lowe,5,3660,2440,0.2
00200569,石家庄玉晶lowe150,002,lowe,5,3660,2250,0.2
00200568,荣越双银lowe70,002,lowe,8,3660,2440,0.2
00200567,荣越双银lowe70,002,lowe,6,3660,2440,0.2
00200566,荣越双银lowe70,002,lowe,5,3660,2440,0.2
00200565,荣越双银lowe60,002,lowe,6,3660,2440,0.2
00200564,荣越双银lowe60,002,lowe,5,3660,2440,0.2
00200563,荣越双银lowe60,002,lowe,5,3300,2440,0.2
00200562,荣越HES11-0350T,002,lowe,6,3660,2440,0.2
00200561,荣越180lowe双银,002,lowe,5,3660,2440,0.2
00200560,秦皇岛耀华lowe180,002,lowe,5,3660,2440,0
00200559,旗滨双银loweNE2,002,lowe,6,3660,2440,0
00200558,旗滨loweNE2,002,lowe,6,3353,2440,0
00200557,旗滨loweNE2,002,lowe,6,3300,2440,0.2
00200556,旗滨D54Alowe,002,lowe,8,3300,2440,0
00200555,欧灰lowe83,002,lowe,8,3660,2440,0.2
00200554,欧灰lowe83,002,lowe,8,3660,2140,0.2
00200553,欧灰lowe83,002,lowe,6,3660,2440,0.2
00200552,欧灰lowe83,002,lowe,6,3660,2140,0.2
00200551,欧灰lowe83,002,lowe,7,3660,2140,0.2
00200550,内蒙玉晶双银lowe170,002,lowe,6,3660,2600,0
00200549,内蒙玉晶双银lowe170,002,lowe,6,3660,2440,0
00200548,内蒙玉晶lowe180,002,lowe,6,3660,2800,0
00200547,内蒙玉晶lowe180,002,lowe,6,3660,2600,0
00200546,内蒙玉晶lowe180,002,lowe,6,3660,2440,0
00200545,内蒙玉晶lowe180,002,lowe,5,3660,2800,0
00200544,内蒙玉晶lowe180,002,lowe,5,3660,2600,0
00200543,内蒙玉晶lowe180,002,lowe,5,3660,2440,0
00200542,内蒙玉晶lowe170,002,lowe,8,3660,2440,0
00200541,内蒙玉晶lowe170,002,lowe,8,3660,2140,0
00200540,内蒙玉晶lowe170,002,lowe,6,3660,2800,0
00200539,内蒙玉晶lowe170,002,lowe,6,3660,2600,0
00200538,内蒙玉晶lowe170,002,lowe,6,3660,2440,0
00200537,内蒙玉晶lowe170,002,lowe,6,3660,2280,0
00200536,内蒙玉晶lowe170,002,lowe,6,3660,2140,0
00200535,内蒙玉晶lowe170,002,lowe,5,3660,2800,0
00200534,内蒙玉晶lowe170,002,lowe,5,3660,2600,0
00200533,内蒙玉晶lowe170,002,lowe,5,3660,2440,0
00200532,内蒙玉晶lowe170,002,lowe,5,3660,2280,0
00200531,内蒙玉晶lowe170,002,lowe,5,3660,2250,0
00200530,内蒙玉晶lowe170,002,lowe,5,3660,2140,0
00200529,内蒙玉晶lowe160,002,lowe,8,3660,2800,0
00200528,内蒙玉晶lowe160,002,lowe,8,3660,2600,0
00200527,内蒙玉晶lowe160,002,lowe,8,3660,2440,0
00200526,内蒙玉晶lowe160,002,lowe,6,3660,2800,0
00200525,内蒙玉晶lowe160,002,lowe,6,3660,2600,0
00200524,内蒙玉晶lowe160,002,lowe,6,3660,2440,0
00200523,内蒙玉晶lowe160,002,lowe,6,3660,2250,0
00200522,内蒙玉晶lowe160,002,lowe,6,3660,2140,0
00200521,内蒙玉晶lowe160,002,lowe,5,3660,2800,0
00200520,内蒙玉晶lowe160,002,lowe,5,3660,2600,0
00200519,内蒙玉晶lowe160,002,lowe,5,3660,2440,0
00200518,内蒙玉晶lowe160,002,lowe,5,3660,2280,0
00200517,内蒙玉晶lowe160,002,lowe,5,3660,2140,0
00200516,内蒙玉晶lowe150,002,lowe,6,3660,2800,0
00200515,内蒙玉晶lowe150,002,lowe,6,3660,2600,0
00200514,内蒙玉晶lowe150,002,lowe,6,3660,2440,0
00200513,内蒙古玉晶lowe160,002,lowe,5,3660,2440,0
00200512,南玻单银super-3,002,lowe,8,3660,2440,0
00200511,南玻loweSuper1G,002,lowe,8,3660,1700,0
00200510,南玻loweSuper1G,002,lowe,6,3660,2440,0
00200509,南玻loweSuper1G,002,lowe,6,3660,2280,0
00200508,南玻loweSuper1G,002,lowe,6,3300,2600,0
00200507,南玻loweSuper1G,002,lowe,6,3300,2440,0
00200506,南玻loweSuper1G,002,lowe,6,3300,2280,0
00200505,南玻loweSuper1G,002,lowe,6,3300,2140,0
00200504,洛阳龙昊lowe70,002,lowe,8,3660,2800,0
00200503,洛阳龙昊lowe70,002,lowe,8,3660,2440,0
00200502,洛阳龙昊lowe70,002,lowe,6,3660,2600,0
00200501,洛阳龙昊lowe70,002,lowe,6,3660,2440,0
00200500,洛阳龙昊lowe70,002,lowe,6,3660,2140,0
00200499,洛阳龙昊lowe70,002,lowe,6,3300,2600,0
00200498,洛阳龙昊lowe70,002,lowe,6,3300,2440,0
00200497,洛阳龙昊lowe70,002,lowe,6,3300,2250,0
00200496,洛阳龙昊lowe70,002,lowe,5,3660,2600,0
00200495,洛阳龙昊lowe70,002,lowe,5,3660,2440,0
00200494,洛阳龙昊lowe70,002,lowe,5,3660,2250,0
00200493,洛阳龙昊lowe70,002,lowe,5,3660,2140,0
00200492,洛阳龙昊lowe70,002,lowe,5,3300,2250,0
00200491,洛阳龙昊lowe60,002,lowe,8,3660,2800,0
00200490,洛阳龙昊lowe60,002,lowe,8,3660,2440,0
00200489,洛阳龙昊lowe60,002,lowe,6,3660,2800,0
00200488,洛阳龙昊lowe60,002,lowe,6,3660,2740,0
00200487,洛阳龙昊lowe60,002,lowe,6,3660,2600,0
00200486,洛阳龙昊lowe60,002,lowe,6,3660,2440,0
00200485,洛阳龙昊lowe60,002,lowe,6,3660,2250,0
00200484,洛阳龙昊lowe60,002,lowe,6,3660,2140,0
00200483,洛阳龙昊lowe60,002,lowe,6,3300,2800,0
00200482,洛阳龙昊lowe60,002,lowe,6,3300,2440,0
00200481,洛阳龙昊lowe60,002,lowe,5,3660,2600,0
00200480,洛阳龙昊lowe60,002,lowe,5,3660,2440,0
00200479,洛阳龙昊lowe50,002,lowe,5,3660,2440,0
00200478,龙昊CET160T,002,lowe,6,3660,2440,0
00200477,龙昊CET160T,002,lowe,6,3660,2250,0
00200476,龙昊CET160T,002,lowe,6,3300,2440,0
00200475,离线绿镀膜,002,lowe,3.5,2440,1830,0.2
00200474,离线超白lowe180,002,lowe,6,3660,2440,0.2
00200473,巨润lowe8011,002,lowe,8,4200,2600,0
00200472,巨润lowe8011,002,lowe,8,3660,2800,0
00200471,巨润lowe8011,002,lowe,8,3660,2440,0
00200470,巨润lowe8011,002,lowe,8,3300,2800,0
00200469,巨润lowe8011,002,lowe,6,3660,2440,0
00200468,巨润lowe8011,002,lowe,6,3300,2440,0
00200467,巨润lowe8011,002,lowe,6,3300,2134,0
00200466,巨润lowe8011,002,lowe,5,3660,2440,0
00200465,巨润lowe8011,002,lowe,5,3660,2280,0
00200464,巨润lowe8011,002,lowe,5,3300,2800,0
00200463,巨润lowe8011,002,lowe,5,3300,2600,0
00200462,巨润lowe8011,002,lowe,5,3300,2440,0
00200461,巨润lowe8011,002,lowe,5,3300,2280,0
00200460,巨润lowe8011,002,lowe,5,3300,2134,0
00200459,巨润lowe7031,002,lowe,10,4200,2800,0
00200458,巨润lowe7031,002,lowe,8,4200,2600,0
00200457,巨润lowe7031,002,lowe,8,4200,2440,0
00200456,巨润lowe7031,002,lowe,8,3660,2440,0
00200455,巨润lowe7031,002,lowe,8,3300,2800,0
00200454,巨润lowe7031,002,lowe,8,3300,2440,0
00200453,巨润lowe7031,002,lowe,8,3300,2134,0
00200452,巨润lowe7031,002,lowe,6,4200,2440,0
00200451,巨润lowe7031,002,lowe,6,3660,2900,0
00200450,巨润lowe7031,002,lowe,6,3660,2800,0
00200449,巨润lowe7031,002,lowe,6,3660,2600,0
00200448,巨润lowe7031,002,lowe,6,3660,2440,0
00200447,巨润lowe7031,002,lowe,6,3660,2134,0
00200446,巨润lowe7031,002,lowe,6,3300,2440,0
00200445,巨润lowe7031,002,lowe,6,3300,2280,0
00200444,巨润lowe7031,002,lowe,5,3660,2440,0
00200443,巨润lowe7031,002,lowe,5,3300,2800,0
00200442,巨润lowe7031,002,lowe,5,3300,2600,0
00200441,巨润lowe7031,002,lowe,5,3300,2440,0
00200440,巨润lowe7031,002,lowe,5,3300,2280,0
00200439,巨润lowe7031,002,lowe,5,3300,2134,0
00200438,巨润lowe6011,002,lowe,10,3660,2440,0
00200437,巨润lowe6011,002,lowe,8,4200,2800,0
00200436,巨润lowe6011,002,lowe,8,4200,2440,0
00200435,巨润lowe6011,002,lowe,8,3300,2440,0
00200434,巨润lowe6011,002,lowe,6,3900,2800,0
00200433,巨润lowe6011,002,lowe,6,3300,2800,0
00200432,巨润lowe6011,002,lowe,6,3300,2600,0
00200431,巨润lowe6011,002,lowe,6,3300,2440,0
00200430,巨润lowe6011,002,lowe,6,3300,2280,0
00200429,巨润lowe6011,002,lowe,6,3300,2134,0
00200428,巨润lowe6011,002,lowe,5,3300,2800,0
00200427,巨润lowe6011,002,lowe,5,3300,2600,0
00200426,巨润lowe6011,002,lowe,5,3300,2440,0
00200425,巨润lowe6011,002,lowe,5,3300,2280,0
00200424,巨润lowe6011,002,lowe,5,3300,2134,0
00200423,金石信远lowe181,002,lowe,5,3660,2440,0.2
00200422,金石信远lowe180,002,lowe,6,3660,2600,0.2
00200421,金石信远lowe180,002,lowe,6,3660,2440,0.2
00200420,金石信远lowe180,002,lowe,5,3660,2600,0.2
00200419,金石信远lowe180,002,lowe,5,3660,2440,0.2
00200418,金石信远lowe170双银,002,lowe,6,3660,2440,0.2
00200417,金石信远lowe170,002,lowe,10,3660,2440,0.2
00200416,金石信远lowe170,002,lowe,8,3660,2600,0.2
00200415,金石信远lowe170,002,lowe,8,3660,2440,0.2
00200414,金石信远lowe170,002,lowe,6,3660,2600,0.2
00200413,金石信远lowe170,002,lowe,6,3660,2440,0.2
00200412,金石信远lowe170,002,lowe,6,3660,2280,0.2
00200411,金石信远lowe170,002,lowe,6,3660,2250,0.2
00200410,金石信远lowe170,002,lowe,6,3660,2140,0.2
00200409,金石信远lowe170,002,lowe,6,3660,2134,0.2
00200408,金石信远lowe170,002,lowe,5,3660,2600,0.2
00200407,金石信远lowe170,002,lowe,5,3660,2440,0.2
00200406,金石信远lowe170,002,lowe,5,3660,2280,0.2
00200405,金石信远lowe170,002,lowe,5,3660,2250,0.2
00200404,金石信远lowe170,002,lowe,5,3660,2140,0.2
00200403,金石信远lowe170,002,lowe,5,3660,2134,0.2
00200402,金石信远lowe170,002,lowe,5,3300,2600,0.2
00200401,金石信远lowe170,002,lowe,5,3300,2440,0.2
00200400,金石信远lowe170,002,lowe,4.6,3660,2600,0.2
00200399,金石信远lowe170,002,lowe,4.6,3660,2440,0.2
00200398,金石信远lowe160,002,lowe,8,3660,2440,0.2
00200397,金石信远lowe160,002,lowe,6,3660,2600,0.2
00200396,金石信远lowe160,002,lowe,6,3660,2440,0.2
00200395,金石信远lowe160,002,lowe,6,3660,2250,0.2
00200394,金石信远lowe160,002,lowe,6,3660,2140,0.2
00200393,金石信远lowe160,002,lowe,5,3660,2600,0.2
00200392,金石信远lowe160,002,lowe,5,3660,2440,0.2
00200391,金石信远lowe160,002,lowe,5,3660,2280,0.2
00200390,金石信远lowe160,002,lowe,5,3660,2250,0.2
00200389,金石信远lowe160,002,lowe,5,3660,2140,0.2
00200388,金石信远lowe160,002,lowe,4.6,3660,2440,0.2
00200387,金石信远lowe150,002,lowe,6,3660,2440,0.2
00200386,金石信远lowe150,002,lowe,5,3660,2440,0.2
00200385,金华晶160lowe,002,lowe,8,4000,2440,0.2
00200384,金华晶180lowe,002,lowe,8,3660,2600,0.2
00200383,金华晶180lowe,002,lowe,8,3660,2440,0.2
00200382,金华晶180lowe,002,lowe,6,3660,2600,0.2
00200381,金华晶180lowe,002,lowe,6,3660,2440,0.2
00200380,金华晶180lowe,002,lowe,6,3660,2140,0.2
00200379,金华晶180lowe,002,lowe,5,3660,2600,0.2
00200378,金华晶180lowe,002,lowe,5,3660,2440,0.2
00200377,金华晶180lowe,002,lowe,5,3660,2250,0.2
00200376,金华晶170lowe,002,lowe,10,3660,2440,0.2
00200375,金华晶170lowe,002,lowe,8,3660,2440,0.2
00200374,金华晶170lowe,002,lowe,6,3660,2600,0.2
00200373,金华晶170lowe,002,lowe,6,3660,2440,0.2
00200372,金华晶170lowe,002,lowe,6,3660,2250,0.2
00200371,金华晶170lowe,002,lowe,6,3660,2140,0.2
00200370,金华晶170lowe,002,lowe,5,4000,2600,0.2
00200369,金华晶170lowe,002,lowe,5,4000,2440,0.2
00200368,金华晶170lowe,002,lowe,5,4000,2250,0.2
00200367,金华晶170lowe,002,lowe,5,3660,2800,0.2
00200366,金华晶170lowe,002,lowe,5,3660,2600,0.2
00200365,金华晶170lowe,002,lowe,5,3660,2440,0.2
00200364,金华晶170lowe,002,lowe,5,3660,2250,0.2
00200363,金华晶170lowe,002,lowe,5,3660,2134,0.2
00200362,金华晶170lowe,002,lowe,4.6,3660,2440,0.2
00200361,金华晶160lowe,002,lowe,8,4000,2600,0.2
00200360,金华晶160lowe,002,lowe,8,3660,2600,0.2
00200359,金华晶160lowe,002,lowe,8,3660,2440,0.2
00200358,金华晶160lowe,002,lowe,6,4000,2440,0.2
00200357,金华晶160lowe,002,lowe,6,3660,2600,0.2
00200356,金华晶160lowe,002,lowe,6,3660,2440,0.2
00200355,金华晶160lowe,002,lowe,6,3660,2140,0.2
00200354,金华晶160lowe,002,lowe,5,3660,2600,0.2
00200353,金华晶160lowe,002,lowe,5,3660,2440,0.2
00200352,金华晶160lowe,002,lowe,5,3660,2250,0.2
00200351,金华晶160lowe,002,lowe,5,3660,2140,0.2
00200350,金华晶160lowe,002,lowe,4.6,3660,2250,0.2
00200349,金华晶160lowe,002,lowe,4.5,3660,2600,0.2
00200348,金华晶160lowe,002,lowe,4.5,3660,2440,0.2
00200347,金华晶150lowe,002,lowe,6,3660,2440,0.2
00200346,金华晶150lowe,002,lowe,5,3660,2440,0.2
00200345,金华晶140lowe,002,lowe,5,3660,2440,0.2
00200344,蓟县中玻lowe170,002,lowe,8,3660,2440,0.2
00200343,蓟县中玻lowe170,002,lowe,8,3660,2140,0.2
00200342,汇晶lowe180,002,lowe,6,3660,2440,0.2
00200341,汇晶lowe180,002,lowe,5,3660,2440,0.2
00200340,汇晶lowe180,002,lowe,5,1742,758,0.2
00200339,汇晶lowe180,002,lowe,5,1578,850,0.2
00200338,汇晶lowe180,002,lowe,5,1500,765,0.2
00200337,汇晶lowe180,002,lowe,5,842,758,0.2
00200336,汇晶lowe170,002,lowe,10,3300,2440,0.2
00200335,汇晶lowe170,002,lowe,6,3660,2440,0.2
00200334,汇晶lowe170,002,lowe,6,3660,2134,0.2
00200333,汇晶lowe170,002,lowe,5,3660,2440,0.2
00200332,汇晶Lowe160,002,lowe,6,3660,2440,0.2
00200331,汇晶170lowe双银,002,lowe,6,3660,2440,0.2
00200330,汇晶170lowe双银,002,lowe,5,3660,2440,0.2
00200329,汇晶160lowe双银,002,lowe,5,3660,2440,0.2
00200328,灰镀膜（鸿昇一等）,002,lowe,3.5,2440,1830,0.2
00200327,湖北亿钧lowe180优等品,002,lowe,6,3660,2740,0
00200326,湖北亿钧lowe180优等品,002,lowe,6,3660,2600,0
00200325,湖北亿钧lowe180优等品,002,lowe,6,3660,2440,0
00200324,湖北亿钧lowe180优等品,002,lowe,6,3660,2280,0
00200323,湖北亿钧lowe180优等品,002,lowe,6,3660,2140,0
00200322,湖北亿钧lowe180优等品,002,lowe,6,3300,2600,0
00200321,湖北亿钧lowe180优等品,002,lowe,6,3300,2280,0
00200320,湖北亿钧lowe170优等品,002,lowe,6,3660,2740,0
00200319,湖北亿钧lowe170优等品,002,lowe,6,3660,2600,0
00200318,湖北亿钧lowe170优等品,002,lowe,6,3660,2440,0
00200317,湖北亿钧lowe170优等品,002,lowe,6,3660,2280,0
00200316,湖北亿钧lowe170优等品,002,lowe,6,3300,2740,0
00200315,湖北亿钧lowe170优等品,002,lowe,6,3300,2600,0
00200314,湖北亿钧lowe170优等品,002,lowe,6,3300,2280,0
00200313,湖北亿钧lowe170优等品,002,lowe,5,3660,2600,0
00200312,湖北亿钧lowe170优等品,002,lowe,5,3660,2440,0
00200311,湖北亿钧lowe160优等品,002,lowe,8,3660,2440,0
00200310,湖北亿钧lowe160优等品,002,lowe,6,3660,2740,0
00200309,湖北亿钧lowe160优等品,002,lowe,6,3660,2600,0
00200308,湖北亿钧lowe160优等品,002,lowe,6,3660,2440,0
00200307,湖北亿钧lowe160优等品,002,lowe,6,3660,2280,0
00200306,湖北亿钧lowe160优等品,002,lowe,6,3300,2280,0
00200305,湖北亿钧lowe160优等品,002,lowe,5,3660,2740,0
00200304,湖北亿钧lowe160优等品,002,lowe,5,3660,2440,0
00200303,湖北亿钧lowe160优等品,002,lowe,5,3300,2740,0
00200302,湖北亿钧lowe160合格品,002,lowe,5,3660,2440,0
00200301,湖北亿钧lowe160合格品,002,lowe,5,3300,2140,0
00200300,湖北亿钧lowe160,002,lowe,5,3300,2600,0
00200299,湖北亿钧lowe160,002,lowe,5,3300,2440,0
00200298,湖北三峡lowe80,002,lowe,6,3660,2280,0
00200297,湖北明弘lowe160,002,lowe,6,3660,2440,0
00200296,湖北荆州亿均lowe170,002,lowe,6,3660,2660,0
00200295,湖北荆州亿均lowe170,002,lowe,6,3660,2600,0
00200294,湖北荆州亿均lowe170,002,lowe,6,3660,2440,0
00200293,湖北荆州亿均lowe170,002,lowe,6,3300,2600,0
00200292,湖北荆州亿均lowe170,002,lowe,6,3300,2140,0
00200291,湖北荆州亿均lowe170,002,lowe,5,3660,2440,0
00200290,湖北荆州亿均lowe160,002,lowe,6,3660,2600,0
00200289,湖北荆州亿均lowe160,002,lowe,6,3660,2440,0
00200288,湖北荆州亿均lowe160,002,lowe,6,3300,2600,0
00200287,湖北荆州亿均lowe160,002,lowe,6,3300,2440,0
00200286,湖北荆州亿均lowe160,002,lowe,6,3300,2280,0
00200285,湖北荆州亿均lowe160,002,lowe,5,3660,2740,0
00200284,湖北荆州亿均lowe160,002,lowe,5,3660,2440,0
00200283,湖北金晶lowe70,002,lowe,8,3660,2440,0
00200282,湖北金晶lowe70,002,lowe,6,3660,2740,0
00200281,湖北金晶lowe70,002,lowe,6,3660,2600,0
00200280,湖北金晶lowe70,002,lowe,6,3660,2440,0
00200279,湖北金晶lowe70,002,lowe,6,3660,2280,0
00200278,湖北金晶lowe70,002,lowe,5,3660,2600,0
00200277,湖北金晶lowe70,002,lowe,5,3660,2440,0
00200276,湖北金晶lowe70,002,lowe,5,3660,2280,0
00200275,湖北金晶lowe70,002,lowe,5,3660,2140,0
00200274,湖北金晶lowe60,002,lowe,10,3660,2440,0
00200273,湖北金晶lowe60,002,lowe,8,3660,2740,0
00200272,湖北金晶lowe60,002,lowe,8,3660,2600,0
00200271,湖北金晶lowe60,002,lowe,8,3660,2140,0
00200270,湖北金晶lowe60,002,lowe,8,3300,2440,0
00200269,湖北金晶lowe60,002,lowe,6,3660,2740,0
00200268,湖北金晶lowe60,002,lowe,6,3660,2600,0
00200267,湖北金晶lowe60,002,lowe,6,3660,2440,0
00200266,湖北金晶lowe60,002,lowe,6,3660,2280,0
00200265,湖北金晶lowe60,002,lowe,6,3660,2140,0
00200264,湖北金晶lowe60,002,lowe,6,3300,2740,0
00200263,湖北金晶lowe60,002,lowe,6,3300,2600,0
00200262,湖北金晶lowe60,002,lowe,6,3300,2440,0
00200261,湖北金晶lowe60,002,lowe,6,3300,2280,0
00200260,湖北金晶lowe60,002,lowe,6,3300,2140,0
00200259,湖北金晶lowe60,002,lowe,5,3660,2800,0
00200258,湖北金晶lowe60,002,lowe,5,3660,2740,0
00200257,湖北金晶lowe60,002,lowe,5,3660,2600,0
00200256,湖北金晶lowe60,002,lowe,5,3660,2440,0
00200255,湖北金晶lowe60,002,lowe,5,3660,2280,0
00200254,湖北金晶lowe60,002,lowe,5,3660,2140,0
00200253,湖北金晶lowe60,002,lowe,5,3300,2740,0
00200252,湖北金晶lowe60,002,lowe,5,3300,2600,0
00200251,湖北金晶lowe60,002,lowe,5,3300,2440,0
00200250,湖北金晶lowe60,002,lowe,5,3300,2280,0
00200249,湖北金晶lowe60,002,lowe,5,3300,2140,0
00200248,湖北金晶lowe60,002,lowe,5,2440,1950,0
00200247,湖北金晶lowe50,002,lowe,5,3660,2440,0
00200246,湖北金晶lowe50,002,lowe,5,3660,2280,0
00200245,湖北金晶lowe50,002,lowe,5,3660,2140,0
00200244,庚昌lowe185,002,lowe,5,3660,2440,0.2
00200243,庚昌lowe185,002,lowe,5,3660,2250,0.2
00200242,庚昌lowe185,002,lowe,5,3660,2140,0.2
00200241,庚昌lowe185,002,lowe,5,3300,2440,0.2
00200240,庚昌lowe180,002,lowe,6,3660,2440,0.2
00200239,庚昌lowe180,002,lowe,5,3660,2440,0.2
00200238,庚昌lowe178,002,lowe,6,3660,2440,0.2
00200237,庚昌lowe178,002,lowe,6,3660,2250,0.2
00200236,庚昌lowe178,002,lowe,6,3660,2134,0.2
00200235,庚昌lowe170,002,lowe,8,3660,2440,0.2
00200234,庚昌lowe170,002,lowe,6,3660,2440,0.2
00200233,庚昌lowe170,002,lowe,6,3660,2280,0.2
00200232,庚昌lowe170,002,lowe,6,3660,2250,0.2
00200231,庚昌lowe170,002,lowe,6,3660,2140,0.2
00200230,庚昌lowe170,002,lowe,6,3660,2134,0.2
00200229,庚昌lowe170,002,lowe,6,3300,2440,0.1
00200228,庚昌lowe170,002,lowe,5,3660,2440,0.2
00200227,庚昌lowe170,002,lowe,5,3660,2250,0.2
00200226,庚昌lowe170,002,lowe,5,3660,2140,0.2
00200225,庚昌lowe170,002,lowe,5,3660,2134,0.2
00200224,庚昌lowe160B,002,lowe,6,3660,2440,0.2
00200223,庚昌lowe160B,002,lowe,6,3660,2134,0.2
00200222,庚昌lowe160B,002,lowe,5,3660,2440,0.2
00200221,庚昌lowe160,002,lowe,8,3300,2440,0.2
00200220,庚昌lowe160,002,lowe,6,3660,2140,0.2
00200219,庚昌lowe160,002,lowe,5,3660,2134,0.2
00200218,东台中玻离线LOW-ECNG-SS 70,002,lowe,5,3660,2600,0
00200217,东台中玻离线LOW-ECNG-SS 70,002,lowe,5,3660,2140,0
00200216,东台水晶灰Sun-E(T)70,002,lowe,8,3660,2440,0
00200215,东台水晶灰Sun-E(T)70,002,lowe,6,3660,2800,0
00200214,东台水晶灰Sun-E(T)70,002,lowe,6,3660,2600,0
00200213,东台水晶灰Sun-E(T)70,002,lowe,6,3660,2440,0.2
00200212,东台水晶灰Sun-E(T)70,002,lowe,6,3660,2250,0
00200211,东台水晶灰Sun-E(T)70,002,lowe,6,3660,2140,0.2
00200210,东台水晶灰Sun-E(T)70,002,lowe,5,3660,2800,0.2
00200209,东台水晶灰Sun-E(T)70,002,lowe,5,3660,2600,0.2
00200208,东台水晶灰Sun-E(T)70,002,lowe,5,3660,2440,0
00200207,东台水晶灰Sun-E(T)70,002,lowe,5,3660,2440,0.2
00200206,东台水晶灰Sun-E(T)70,002,lowe,5,3660,2250,0
00200205,东台水晶灰Sun-E(T)70,002,lowe,5,3660,2250,0.2
00200204,东台水晶灰Sun-E(T)70,002,lowe,5,3660,2140,0
00200203,东台水晶灰Sun-E(T)60,002,lowe,6,3660,2600,0
00200202,东台水晶灰Sun-E(T)60,002,lowe,6,3660,2440,0
00200201,东台水晶灰Sun-E(T)60,002,lowe,6,3660,2250,0
00200200,东台水晶灰Sun-E(T)60,002,lowe,6,3660,2140,0
00200199,东台水晶灰Sun-E(T)60,002,lowe,5,3660,2440,0
00200198,东台水晶灰Sun-E(T)60,002,lowe,5,3660,2250,0
00200197,德阳信义双银52lowe,002,lowe,12,3300,2080,0
00200196,德阳信义双银52lowe,002,lowe,10,3660,2800,0
00200195,德阳信义双银52lowe,002,lowe,10,3300,2800,0
00200194,德阳信义双银52lowe,002,lowe,8,4880,2740,0
00200193,德阳信义双银52lowe,002,lowe,8,3800,2140,0
00200192,德阳信义双银52lowe,002,lowe,8,3660,2140,0
00200191,德阳信义双银52lowe,002,lowe,6,3660,2440,0
00200190,德阳信义双银52lowe,002,lowe,6,3300,2440,0
00200189,德阳信义双银52lowe,002,lowe,6,3300,2280,0
00200188,德阳信义双银52lowe,002,lowe,6,3300,2200,0
00200187,德阳信义双银52lowe,002,lowe,6,3300,2140,0
00200186,单项透视,002,lowe,10,3660,2440,0.2
00200185,单项透视,002,lowe,8,1667,2303,0.2
00200184,单项透视,002,lowe,8,1337,2303,0.2
00200183,单项透视,002,lowe,8,1007,2303,0.2
00200182,单项透视,002,lowe,8,667,2303,0.2
00200181,单项透视,002,lowe,8,662,1007,0.2
00200180,单项透视,002,lowe,6,2012,1630,0.2
00200179,单项透视,002,lowe,6,1891,691,0.2
00200178,单项透视,002,lowe,6,1190,1286,0.2
00200177,单项透视,002,lowe,6,1190,1276,0.2
00200176,单项透视,002,lowe,5,3660,2440,0.2
00200175,单向透视,002,lowe,12,4280,3300,0.2
00200174,单向透视,002,lowe,12,3250,1560,0.2
00200173,单向透视,002,lowe,12,3040,1920,0.2
00200172,单向透视,002,lowe,12,1520,1920,0.2
00200171,单向透视,002,lowe,12,1500,900,0.2
00200170,单向透视,002,lowe,10,1670,970,0.2
00200169,单向透视,002,lowe,10,1000,800,0.2
00200168,单向透视,002,lowe,8,1857,870,0.2
00200167,单向透视,002,lowe,8,1847,870,0.2
00200166,单向透视,002,lowe,8,1784,632,0.2
00200165,单向透视,002,lowe,8,1738,540,0.2
00200164,单向透视,002,lowe,8,905,810,0.2
00200163,单向透视,002,lowe,6,3660,2140,0.2
00200162,单向透视,002,lowe,6,2300,900,0.2
00200161,单向透视,002,lowe,5,3660,2440,0.2
00200160,单向透视,002,lowe,5,1380,860,0.2
00200159,单向透视,002,lowe,5,1380,790,0.2
00200158,大连旭硝子在线高透lowe80,002,lowe,6,3300,2440,0.2
00200157,大连旭硝子在线高透lowe80,002,lowe,5,3300,2440,0.2
00200156,常熟耀皮在线lowe,002,lowe,8,3300,2800,0
00200155,常熟耀皮在线lowe,002,lowe,8,3300,2600,0
00200154,常熟耀皮在线lowe,002,lowe,6,3300,2600,0
00200153,常熟耀皮在线lowe,002,lowe,6,3300,2440,0
00200152,本溪玉晶lowe181,002,lowe,5,3660,2440,0
00200151,本溪玉晶lowe180合格品,002,lowe,10,3660,2440,0
00200150,本溪玉晶lowe180合格品,002,lowe,5,3660,2440,0
00200149,本溪玉晶lowe180,002,lowe,10,3660,2440,0
00200148,本溪玉晶lowe180,002,lowe,8,3660,2740,0
00200147,本溪玉晶lowe180,002,lowe,8,3660,2440,0
00200146,本溪玉晶lowe180,002,lowe,8,3660,2140,0
00200145,本溪玉晶lowe180,002,lowe,8,3300,2440,0
00200144,本溪玉晶lowe180,002,lowe,6,3660,2740,0
00200143,本溪玉晶lowe180,002,lowe,6,3660,2600,0
00200142,本溪玉晶lowe180,002,lowe,6,3660,2440,0
00200141,本溪玉晶lowe180,002,lowe,6,3660,2250,0
00200140,本溪玉晶lowe180,002,lowe,6,3660,2140,0
00200139,本溪玉晶lowe180,002,lowe,6,3300,2440,0
00200138,本溪玉晶lowe180,002,lowe,5,3660,2740,0
00200137,本溪玉晶lowe180,002,lowe,5,3660,2600,0
00200136,本溪玉晶lowe180,002,lowe,5,3660,2440,0
00200135,本溪玉晶lowe180,002,lowe,5,3660,2250,0
00200134,本溪玉晶lowe180,002,lowe,5,3660,2140,0
00200133,本溪玉晶lowe180,002,lowe,5,3300,2440,0
00200132,本溪玉晶lowe171,002,lowe,6,3660,2440,0
00200131,本溪玉晶lowe171,002,lowe,5,3660,2440,0
00200130,本溪玉晶lowe170,002,lowe,10,3660,2440,0
00200129,本溪玉晶lowe170,002,lowe,8,3660,2740,0
00200128,本溪玉晶lowe170,002,lowe,8,3660,2440,0
00200127,本溪玉晶lowe170,002,lowe,8,3660,2140,0
00200126,本溪玉晶lowe170,002,lowe,6,3660,2800,0
00200125,本溪玉晶lowe170,002,lowe,6,3660,2740,0
00200124,本溪玉晶lowe170,002,lowe,6,3660,2600,0
00200123,本溪玉晶lowe170,002,lowe,6,3660,2440,0
00200122,本溪玉晶lowe170,002,lowe,6,3660,2250,0
00200121,本溪玉晶lowe170,002,lowe,6,3660,2140,0
00200120,本溪玉晶lowe170,002,lowe,6,3300,2440,0
00200119,本溪玉晶lowe170,002,lowe,5,3660,2800,0
00200118,本溪玉晶lowe170,002,lowe,5,3660,2740,0
00200117,本溪玉晶lowe170,002,lowe,5,3660,2600,0
00200116,本溪玉晶lowe170,002,lowe,5,3660,2440,0
00200115,本溪玉晶lowe170,002,lowe,5,3660,2250,0
00200114,本溪玉晶lowe170,002,lowe,5,3660,2140,0
00200113,本溪玉晶lowe170,002,lowe,5,3300,2740,0
00200112,本溪玉晶lowe170,002,lowe,5,3300,2440,0
00200111,本溪玉晶lowe170,002,lowe,5,3300,2140,0
00200110,本溪玉晶lowe161,002,lowe,5,3660,2440,0
00200109,本溪玉晶lowe160合格品,002,lowe,5,3660,2740,0
00200108,本溪玉晶lowe160合格品,002,lowe,5,3660,2440,0
00200107,本溪玉晶lowe160,002,lowe,8,3660,2740,0
00200106,本溪玉晶lowe160,002,lowe,8,3660,2440,0
00200105,本溪玉晶lowe160,002,lowe,6,3660,2800,0
00200104,本溪玉晶lowe160,002,lowe,6,3660,2740,0
00200103,本溪玉晶lowe160,002,lowe,6,3660,2440,0
00200102,本溪玉晶lowe160,002,lowe,6,3660,2250,0
00200101,本溪玉晶lowe160,002,lowe,6,3660,2140,0
00200100,本溪玉晶lowe160,002,lowe,6,3300,2440,0
00200099,本溪玉晶lowe160,002,lowe,5,3660,2740,0
00200098,本溪玉晶lowe160,002,lowe,5,3660,2440,0
00200097,本溪玉晶lowe160,002,lowe,5,3660,2250,0
00200096,本溪玉晶lowe160,002,lowe,5,3660,2140,0
00200095,本溪玉晶lowe160,002,lowe,5,3300,2440,0
00200094,本溪玉晶lowe150,002,lowe,8,3660,2440,0
00200093,本溪玉晶lowe150,002,lowe,6,3660,2800,0
00200092,本溪玉晶lowe150,002,lowe,6,3660,2740,0
00200091,本溪玉晶lowe150,002,lowe,6,3660,2440,0
00200090,本溪玉晶lowe150,002,lowe,5,3660,2740,0
00200089,本溪玉晶lowe150,002,lowe,5,3660,2440,0
00200088,本溪玉晶lowe150,002,lowe,5,3660,2140,0
00200087,北玻lowe180,002,lowe,8,3660,2440,0.2
00200086,北玻lowe180,002,lowe,6,3660,2600,0.2
00200085,北玻lowe180,002,lowe,6,3660,2440,0.2
00200084,北玻lowe180,002,lowe,5,3660,2440,0.2
00200083,北玻lowe170,002,lowe,8,3660,2440,0.2
00200082,北玻lowe170,002,lowe,6,3660,2600,0.2
00200081,北玻lowe170,002,lowe,6,3660,2440,0.2
00200080,北玻lowe170,002,lowe,5,3660,2600,0.2
00200079,北玻lowe170,002,lowe,5,3660,2440,0.2
00200078,北玻lowe170,002,lowe,5,3660,2250,0.2
00200077,北玻lowe160,002,lowe,6,4000,2600,0.2
00200076,北玻Lowe160,002,lowe,6,3660,2600,0.2
00200075,北玻Lowe160,002,lowe,6,3660,2440,0.2
00200074,北玻lowe160,002,lowe,6,3660,2250,0.2
00200073,北玻Lowe160,002,lowe,6,3660,2140,0.2
00200072,北玻lowe160,002,lowe,6,3600,2250,0.2
00200071,北玻lowe160,002,lowe,5,3660,2600,0.2
00200070,北玻Lowe160,002,lowe,5,3660,2440,0.2
00200069,北玻Lowe160,002,lowe,5,3660,2250,0.2
00200068,安强lowe双银180,002,lowe,6,3660,2440,0.2
00200067,安强lowe双银180,002,lowe,5,3660,2440,0.2
00200066,安强lowe双银160,002,lowe,5,3660,2440,0.2
00200065,安强lowe双银170,002,lowe,6,3660,2600,0.2
00200064,安强lowe双银170,002,lowe,6,3300,2600,0.2
00200063,安强lowe双银170,002,lowe,5,3660,2440,0.2
00200062,安强lowe双银170,002,lowe,5,3660,2140,0.2
00200061,安强lowe180,002,lowe,8,3660,2600,0.2
00200060,安强lowe180,002,lowe,6,3660,2600,0.2
00200059,安强lowe180,002,lowe,6,3660,2440,0.2
00200058,安强lowe180,002,lowe,6,3660,2140,0.2
00200057,安强lowe180,002,lowe,5,3660,2600,0.2
00200056,安强lowe180,002,lowe,5,3660,2440,0.2
00200055,安强lowe170,002,lowe,12,3660,2440,0.2
00200054,安强lowe170,002,lowe,10,3660,2600,0.2
00200053,安强lowe170,002,lowe,10,3660,2440,0.2
00200052,安强lowe170,002,lowe,10,3660,2140,0.2
00200051,安强lowe170,002,lowe,8,4200,2440,0.2
00200050,安强lowe170,002,lowe,8,3660,2600,0.2
00200049,安强lowe170,002,lowe,8,3660,2440,0.2
00200048,安强lowe170,002,lowe,8,3660,2140,0.2
00200047,安强lowe170,002,lowe,6,4000,2440,0.2
00200046,安强lowe170,002,lowe,6,3660,2600,0.2
00200045,安强lowe170,002,lowe,6,3660,2440,0.2
00200044,安强lowe170,002,lowe,6,3660,2250,0.2
00200043,安强lowe170,002,lowe,6,3660,2140,0.2
00200042,安强lowe170,002,lowe,6,3300,2600,0.2
00200041,安强lowe170,002,lowe,6,3300,2440,0.2
00200040,安强lowe170,002,lowe,6,2440,2000,0.2
00200039,安强lowe170,002,lowe,5,3660,2600,0.2
00200038,安强lowe170,002,lowe,5,3660,2440,0.2
00200037,安强lowe170,002,lowe,5,3660,2250,0.2
00200036,安强lowe170,002,lowe,5,3660,2140,0.2
00200035,安强lowe170,002,lowe,5,3300,2600,0.2
00200034,安强lowe170,002,lowe,5,3300,2440,0.2
00200033,安强lowe170,002,lowe,4.6,3660,2440,0.2
00200032,安强lowe170,002,lowe,4.6,3300,2440,0.2
00200031,安强lowe160,002,lowe,10,3660,2440,0.2
00200030,安强lowe160,002,lowe,8,3660,2600,0.2
00200029,安强lowe160,002,lowe,8,3660,2440,0.2
00200028,安强lowe160,002,lowe,8,3300,2440,0.2
00200027,安强lowe160,002,lowe,6,4000,2440,0.2
00200026,安强lowe160,002,lowe,6,3660,2600,0.2
00200025,安强lowe160,002,lowe,6,3660,2440,0.2
00200024,安强lowe160,002,lowe,6,3660,2250,0.2
00200023,安强lowe160,002,lowe,6,3660,2140,0.2
00200022,安强lowe160,002,lowe,6,3300,2600,0.2
00200021,安强lowe160,002,lowe,6,3300,2440,0.2
00200020,安强lowe160,002,lowe,6,2440,2000,0.2
00200019,安强lowe160,002,lowe,5,3660,2600,0.2
00200018,安强lowe160,002,lowe,5,3660,2440,0.2
00200017,安强lowe160,002,lowe,5,3660,2140,0.2
00200016,安强lowe160,002,lowe,5,3300,2600,0.2
00200015,安强lowe160,002,lowe,5,3300,2440,0.2
00200014,安强lowe160,002,lowe,5,2440,2000,0.2
00200013,安强lowe160,002,lowe,4.6,3660,2600,0.2
00200012,安强lowe160,002,lowe,4.6,3660,2440,0.2
00200011,安强lowe160,002,lowe,4.6,2200,2000,0.2
00200010,安强lowe150,002,lowe,6,3660,2600,0.2
00200009,安强lowe150,002,lowe,6,3660,2440,0.2
00200008,安强lowe150,002,lowe,5,3660,2600,0.2
00200007,安强lowe150,002,lowe,5,3660,2440,0.2
00200006,安强lowe140,002,lowe,6,3660,2440,0.2
00200005,安强lowe140,002,lowe,5,3660,2600,0.2
00200004,安强lowe140,002,lowe,5,3660,2440,0.2
00200003,安强lowe140,002,lowe,5,3660,2250,0.2
00200002,安强lowe140,002,lowe,5,3660,2134,0.2
00200001,安强1owe180,002,lowe,8,3660,2440,0.2
00104498,淄博金晶白玻制镜级,001,白玻,6,3660,2440,0
00104497,淄博金晶白玻制镜级,001,白玻,6,3660,2140,0
00104496,淄博金晶白玻制镜级,001,白玻,5,3660,2800,0
00104495,淄博金晶白玻制镜级,001,白玻,5,3660,2440,0
00104494,淄博金晶白玻汽车级,001,白玻,12,3660,2800,0
00104493,淄博金晶白玻汽车级,001,白玻,12,3300,2440,0
00104492,淄博金晶白玻汽车级,001,白玻,10,3660,2440,0
00104491,淄博金晶白玻汽车级,001,白玻,10,3300,2440,0
00104490,淄博金晶白玻汽车级,001,白玻,8,3660,2800,0.2
00104489,淄博金晶白玻汽车级,001,白玻,8,3660,2800,0
00104488,淄博金晶白玻汽车级,001,白玻,8,3660,2440,0
00104487,淄博金晶白玻汽车级,001,白玻,8,3300,2440,0
00104486,淄博金晶白玻汽车级,001,白玻,6,4880,3300,0
00104485,淄博金晶白玻汽车级,001,白玻,6,3660,2800,0
00104484,淄博金晶白玻汽车级,001,白玻,6,3660,2760,0
00104483,淄博金晶白玻汽车级,001,白玻,6,3660,2600,0
00104482,淄博金晶白玻汽车级,001,白玻,6,3660,2440,0
00104481,淄博金晶白玻汽车级,001,白玻,6,3660,2140,0
00104480,淄博金晶白玻汽车级,001,白玻,6,3660,2110,0
00104479,淄博金晶白玻汽车级,001,白玻,6,3300,2800,0
00104478,淄博金晶白玻汽车级,001,白玻,6,3300,2600,0
00104477,淄博金晶白玻汽车级,001,白玻,6,3300,2440,0
00104476,淄博金晶白玻汽车级,001,白玻,6,3300,2140,0
00104475,淄博金晶白玻汽车级,001,白玻,6,3300,2050,0
00104474,淄博金晶白玻汽车级,001,白玻,6,3050,2440,0
00104473,淄博金晶白玻汽车级,001,白玻,5,3660,2800,0
00104472,淄博金晶白玻汽车级,001,白玻,5,3660,2760,0
00104471,淄博金晶白玻汽车级,001,白玻,5,3660,2600,0
00104470,淄博金晶白玻汽车级,001,白玻,5,3660,2440,0
00104469,淄博金晶白玻汽车级,001,白玻,5,3660,2250,0
00104468,淄博金晶白玻汽车级,001,白玻,5,3660,2140,0
00104467,淄博金晶白玻汽车级,001,白玻,5,3300,2440,0
00104466,淄博金晶白玻汽车级,001,白玻,5,3300,2250,0
00104465,淄博金晶白玻汽车级,001,白玻,4.4,3660,2440,0
00104464,淄博金晶白玻汽车级,001,白玻,4.3,3660,2440,0
00104463,淄博金晶白玻汽车级,001,白玻,4.3,3300,2440,0
00104462,淄博金晶白玻汽车级,001,白玻,4,3660,2440,0
00104461,淄博金晶白玻汽车级,001,白玻,4,3660,2250,0
00104460,淄博金晶白玻汽车级,001,白玻,4,3660,2140,0
00104459,淄博金晶白玻汽车级,001,白玻,4,3300,2750,0
00104458,淄博金晶白玻汽车级,001,白玻,4,3300,2440,0
00104457,淄博金晶白玻汽车级,001,白玻,4,3300,2250,0
00104456,淄博金晶白玻汽车级,001,白玻,4,3300,2140,0
00104455,淄博金晶白玻汽车级,001,白玻,4,3050,2440,0
00104454,淄博金晶白玻汽车级,001,白玻,3.5,3660,2440,0
00104453,淄博金晶白玻汽车级,001,白玻,3.5,3360,2500,0
00104452,淄博金晶白玻汽车级,001,白玻,3.5,3300,2440,0
00104451,淄博金晶白玻汽车级,001,白玻,3.5,3210,2440,0
00104450,淄博金晶白玻汽车级,001,白玻,3.5,2950,2500,0
00104449,淄博金晶白玻汽车级,001,白玻,3.5,2900,1880,0
00104448,淄博金晶白玻汽车级,001,白玻,3.5,2800,1830,0
00104447,淄博金晶白玻汽车级,001,白玻,3.5,2800,1650,0
00104446,淄博金晶白玻汽车级,001,白玻,3.5,2800,1560,0
00104445,淄博金晶白玻汽车级,001,白玻,3.5,2700,1800,0
00104444,淄博金晶白玻汽车级,001,白玻,3.5,2700,1630,0
00104443,淄博金晶白玻汽车级,001,白玻,3.5,2650,1830,0
00104442,淄博金晶白玻汽车级,001,白玻,3.5,2650,1650,0
00104441,淄博金晶白玻汽车级,001,白玻,3.5,2650,1460,0
00104440,淄博金晶白玻汽车级,001,白玻,3.2,3660,2440,0
00104439,淄博金晶白玻汽车级,001,白玻,3.2,3300,2440,0
00104438,淄博金晶白玻汽车级,001,白玻,3.2,3050,2440,0
00104437,淄博金晶白玻汽车级,001,白玻,3,3660,2440,0
00104436,淄博金晶白玻汽车级,001,白玻,3,3300,2440,0
00104435,淄博金晶白玻汽车级,001,白玻,2.9,3660,1830,0
00104434,淄博金晶白玻汽车级,001,白玻,2.9,3050,2440,0
00104433,淄博金晶白玻汽车级,001,白玻,2.9,3050,2286,0
00104432,淄博金晶白玻汽车级,001,白玻,2.9,3050,2134,0
00104431,淄博金晶白玻汽车级,001,白玻,2.9,3050,1830,0
00104430,淄博金晶白玻汽车级,001,白玻,2.9,2440,1830,0
00104429,淄博金晶白玻建筑级,001,白玻,10,3660,2440,0
00104428,淄博金晶白玻建筑级,001,白玻,8,3660,2440,0
00104427,淄博金晶白玻建筑级,001,白玻,8,3300,2440,0
00104426,淄博金晶白玻建筑级,001,白玻,6,3660,2800,0
00104425,淄博金晶白玻建筑级,001,白玻,6,3660,2440,0
00104424,淄博金晶白玻建筑级,001,白玻,6,3300,2440,0
00104423,淄博金晶白玻建筑级,001,白玻,5,3660,2440,0
00104422,淄博金晶白玻建筑级,001,白玻,5,3300,2440,0
00104421,淄博金晶白玻建筑级,001,白玻,5,3300,2200,0
00104420,淄博金晶白玻建筑级,001,白玻,5,3300,2140,0
00104419,淄博金晶白玻建筑级,001,白玻,5,3050,2440,0
00104418,淄博金晶白玻建筑级,001,白玻,4,3660,2440,0
00104417,淄博金晶白玻建筑级,001,白玻,4,3300,2440,0
00104416,淄博金晶白玻建筑级,001,白玻,3.5,3660,2440,0
00104415,淄博金晶白玻建筑级,001,白玻,3.5,3300,2440,0
00104414,淄博金晶白玻建筑级,001,白玻,3.5,3210,2440,0
00104413,淄博金晶白玻过度,001,白玻,3.9,3660,2440,0
00104412,重庆耀华白玻汽车B级,001,白玻,6,2440,1830,0
00104411,中联普白一等品,001,白玻,3.5,3660,2440,0
00104410,中联普白一等品,001,白玻,3.5,3660,2250,0
00104409,中联普白一等品,001,白玻,3.5,3660,2230,0
00104408,中联普白一等品,001,白玻,3.5,2200,2000,0
00104407,中联普白一等品,001,白玻,3.1,2440,1830,0
00104406,中联普白一等品,001,白玻,3,2290,1820,0
00104405,中联普白一等品,001,白玻,3,2005,1635,0
00104404,中联普白一等品,001,白玻,2.9,3660,2140,0
00104403,中联普白一等品,001,白玻,2.9,3050,2134,0
00104402,中联普白一等品,001,白玻,2.8,2200,2000,0
00104401,中联普白一等品,001,白玻,2.7,2440,1830,0
00104400,中联普白一等品,001,白玻,2.7,2200,2000,0
00104399,中联普白一等品,001,白玻,2.5,2440,2000,0
00104398,中联普白一等品,001,白玻,2.5,2440,1830,0
00104397,中联普白一等品,001,白玻,2.3,2440,1830,0
00104396,中联普白一等品,001,白玻,1.85,2440,1830,0
00104395,中联普白合格品,001,白玻,3.5,2200,2000,0
00104394,中联普白合格品,001,白玻,2.9,2332,1957,0
00104393,中联超白汽车级,001,白玻,12,6500,3300,0
00104392,中联超白汽车级,001,白玻,7.1,3660,2440,0.1
00104391,中联白玻优等品,001,白玻,3.2,3300,2440,0
00104390,中联白玻优等品,001,白玻,2.3,2200,2000,0.2
00104389,中联白玻一等品,001,白玻,6,3660,2440,0
00104388,中联白玻一等品,001,白玻,4.1,3660,2440,0
00104387,中联白玻一等品,001,白玻,4,3660,2250,0
00104386,中联白玻一等品,001,白玻,4,3660,2140,0
00104385,中联白玻一等品,001,白玻,3.7,3660,2550,0.2
00104384,中联白玻一等品,001,白玻,3.7,3660,2250,0.2
00104383,中联白玻一等品,001,白玻,3.5,3660,2440,0
00104382,中联白玻一等品,001,白玻,3.5,3660,2250,0
00104381,中联白玻一等品,001,白玻,3.5,3660,2230,0
00104380,中联白玻一等品,001,白玻,3.5,2440,2200,0
00104379,中联白玻一等品,001,白玻,3.5,2200,2000,0
00104378,中联白玻一等品,001,白玻,3.4,3660,2440,0.2
00104377,中联白玻一等品,001,白玻,3.4,3660,2250,0
00104376,中联白玻一等品,001,白玻,3.4,3660,2250,0.1
00104375,中联白玻一等品,001,白玻,3.2,3660,2250,0
00104374,中联白玻一等品,001,白玻,3.2,3660,2140,0
00104373,中联白玻一等品,001,白玻,3.2,3300,2440,0
00104372,中联白玻一等品,001,白玻,3.2,3300,2140,0
00104371,中联白玻一等品,001,白玻,3.1,3660,2440,0
00104370,中联白玻一等品,001,白玻,3,3660,2250,0
00104369,中联白玻一等品,001,白玻,3,3660,2140,0
00104368,中联白玻一等品,001,白玻,3,3300,2250,0
00104367,中联白玻一等品,001,白玻,3,2440,1830,0
00104366,中联白玻一等品,001,白玻,3,2300,2800,0
00104365,中联白玻一等品,001,白玻,3,2300,1800,0
00104364,中联白玻一等品,001,白玻,2,2200,2000,0
00104363,中联白玻一等品,001,白玻,1.85,2440,1830,0
00104362,中联白玻混装品,001,白玻,3.4,3660,2250,0
00104361,中联白玻合格品,001,白玻,3,3660,2250,0
00104360,中联白玻合格品,001,白玻,3,3420,2145,0
00104359,中联白玻合格品,001,白玻,2.9,3660,2140,0
00104358,中联白玻合格品,001,白玻,1.85,2440,1830,0
00104357,中建材普白一等品,001,白玻,8,3660,2600,0
00104356,中建材普白一等品,001,白玻,8,3660,2440,0
00104355,中建材普白一等品,001,白玻,8,3660,2250,0
00104354,中建材普白一等品,001,白玻,7.3,3660,2440,0
00104353,中建材普白一等品,001,白玻,7.2,3660,2440,0
00104352,中建材普白一等品,001,白玻,7.2,3660,2250,0
00104351,中建材普白一等品,001,白玻,7.2,3660,2140,0
00104350,中建材普白一等品,001,白玻,7.2,3660,2000,0
00104349,中建材普白一等品,001,白玻,7.1,3660,2000,0
00104348,中建材普白一等品,001,白玻,6,3660,2600,0
00104347,中建材普白一等品,001,白玻,6,3660,2440,0
00104346,中建材普白一等品,001,白玻,6,3660,2140,0
00104345,中建材普白一等品,001,白玻,6,3300,2440,0
00104344,中建材普白一等品,001,白玻,6,3300,2140,0
00104343,中建材普白一等品,001,白玻,5,3660,2600,0
00104342,中建材普白一等品,001,白玻,5,3660,2440,0
00104341,中建材普白一等品,001,白玻,5,3660,2250,0
00104340,中建材普白一等品,001,白玻,5,3660,2140,0
00104339,中建材普白一等品,001,白玻,5,3300,2440,0
00104338,中建材普白一等品,001,白玻,5,3300,2140,0
00104337,中建材普白一等品,001,白玻,4.5,3660,2440,0
00104336,中建材普白一等品,001,白玻,4.5,3660,2250,0
00104335,中建材普白一等品,001,白玻,4.3,3660,2600,0
00104334,中建材普白一等品,001,白玻,4.3,3660,2440,0
00104333,中建材普白一等品,001,白玻,4.3,3660,2250,0.1
00104332,中建材普白一等品,001,白玻,4.2,3660,2600,0
00104331,中建材普白一等品,001,白玻,4.2,3660,2440,0
00104330,中建材普白一等品,001,白玻,4.2,3660,2250,0.2
00104329,中建材普白一等品,001,白玻,3.9,3660,2250,0
00104328,中建材普白一等品,001,白玻,3.4,3660,2440,0
00104327,中建材普白一等品,001,白玻,3.4,3660,2250,0
00104326,中建材普白一等品,001,白玻,3.3,3660,2440,0.1
00104325,中建材普白一等品,001,白玻,3.3,3660,2250,0
00104324,中建材普白普通级,001,白玻,7.3,3660,2440,0
00104323,中建材普白普通级,001,白玻,6,3660,2440,0
00104322,中建材普白普通级,001,白玻,4.2,3660,2600,0
00104321,中建材普白建筑级,001,白玻,4.2,3660,2440,0
00104320,中建材普白建筑级,001,白玻,3.4,3660,2440,0
00104319,中建材普白建筑级,001,白玻,3.4,3660,2250,0
00104318,中建材白玻优质加工级,001,白玻,6,3660,2440,0
00104317,中建材白玻优质加工级,001,白玻,5,3660,2440,0
00104316,中建材白玻优质加工级,001,白玻,4.9,3660,2600,0
00104315,中建材白玻优质加工级,001,白玻,4.9,3660,2440,0
00104314,中建材白玻优质加工级,001,白玻,4.9,3660,2250,0
00104313,中建材白玻优质加工级,001,白玻,4.3,3660,2440,0
00104312,中建材白玻优质加工级,001,白玻,4.3,3660,2250,0
00104311,中建材白玻一等品,001,白玻,7.3,3660,2250,0
00104310,中建材白玻一等品,001,白玻,7.3,3660,2000,0
00104309,中建材白玻一等品,001,白玻,4.5,3660,2250,0
00104308,中建材白玻一等品,001,白玻,4.3,2440,1830,0
00104307,中建材白玻一等品,001,白玻,4.2,2440,1830,0
00104306,中建材白玻通用级,001,白玻,7.1,3660,2140,0
00104305,中建材白玻通用级,001,白玻,7.1,3660,2000,0
00104304,中建材白玻通用级,001,白玻,4.3,3660,2440,0
00104303,中建材白玻通用级,001,白玻,4.1,3660,2440,0
00104302,中建材白玻普通级,001,白玻,8,3660,2440,0
00104301,中建材白玻普通级,001,白玻,7.2,3660,2440,0
00104300,中建材白玻普通级,001,白玻,6,3660,2600,0
00104299,中建材白玻普通级,001,白玻,6,3660,2540,0
00104298,中建材白玻普通级,001,白玻,6,3660,2440,0
00104297,中建材白玻普通级,001,白玻,6,3660,2250,0
00104296,中建材白玻普通级,001,白玻,6,3660,2140,0
00104295,中建材白玻普通级,001,白玻,5,3660,2440,0
00104294,中建材白玻普通级,001,白玻,5,3660,2250,0
00104293,中建材白玻普通级,001,白玻,5,3660,2140,0
00104292,中建材白玻普通级,001,白玻,4.9,3660,2600,0
00104291,中建材白玻普通级,001,白玻,4.9,3660,2440,0
00104290,中建材白玻普通级,001,白玻,4.9,3660,2250,0
00104289,中建材白玻普通级,001,白玻,4.5,3660,2440,0
00104288,中建材白玻普通级,001,白玻,4.3,3660,2600,0
00104287,中建材白玻普通级,001,白玻,4.3,3660,2440,0
00104286,中建材白玻普通级,001,白玻,4.3,3660,2250,0
00104285,中建材白玻普通级,001,白玻,4.2,3660,2600,0
00104284,中建材白玻普通级,001,白玻,4.2,3660,2440,0
00104283,中建材白玻普通级,001,白玻,4.2,3660,2250,0
00104282,中建材白玻普通级,001,白玻,3.4,3660,2440,0
00104281,中建材白玻普通级,001,白玻,3.4,3660,2250,0
00104280,中建材白玻普通级,001,白玻,3.4,2440,1830,0
00104279,中建材白玻普通级,001,白玻,3.3,3660,2440,0
00104278,中建材白玻普通级,001,白玻,3.3,3660,2250,0
00104277,中建材白玻普通级,001,白玻,3.3,2440,1830,0
00104276,中建材白玻普通级,001,白玻,3.3,2440,1730,0
00104275,中建材白玻建筑级,001,白玻,7.3,3660,2440,0
00104274,中建材白玻建筑级,001,白玻,7.3,3660,2250,0
00104273,中建材白玻建筑级,001,白玻,7.2,3660,2440,0
00104272,中建材白玻建筑级,001,白玻,7.2,3660,2250,0
00104271,中建材白玻建筑级,001,白玻,7.2,3660,2000,0
00104270,中建材白玻建筑级,001,白玻,7.1,3660,2250,0
00104269,中建材白玻建筑级,001,白玻,7.1,3660,2140,0
00104268,中建材白玻建筑级,001,白玻,6,3660,2600,0
00104267,中建材白玻建筑级,001,白玻,6,3660,2440,0
00104266,中建材白玻建筑级,001,白玻,5,3660,2440,0
00104265,中建材白玻建筑级,001,白玻,5,3660,2250,0
00104264,中建材白玻建筑级,001,白玻,5,3660,2140,0
00104263,中建材白玻建筑级,001,白玻,4.5,3660,2600,0
00104262,中建材白玻建筑级,001,白玻,4.5,3660,2440,0
00104261,中建材白玻建筑级,001,白玻,4.3,3660,2600,0
00104260,中建材白玻建筑级,001,白玻,4.3,3660,2440,0
00104259,中建材白玻建筑级,001,白玻,4.3,3660,2250,0
00104258,中建材白玻建筑级,001,白玻,4.2,3660,2600,0
00104257,中建材白玻建筑级,001,白玻,4.2,3660,2440,0
00104256,中建材白玻建筑级,001,白玻,4.2,3660,2250,0
00104255,中建材白玻建筑级,001,白玻,4.1,3660,2440,0
00104254,中建材白玻建筑级,001,白玻,3.4,3660,2250,0
00104253,中建材白玻建筑级,001,白玻,3.3,3660,2440,0
00104252,中建材白玻建筑级,001,白玻,3.3,3660,2250,0
00104251,中建材白玻加工级,001,白玻,8,3660,2600,0
00104250,中建材白玻加工级,001,白玻,8,3660,2440,0
00104249,中建材白玻加工级,001,白玻,8,3660,2250,0
00104248,中建材白玻加工级,001,白玻,7.3,3660,2440,0
00104247,中建材白玻加工级,001,白玻,7.3,3660,2000,0
00104246,中建材白玻加工级,001,白玻,7.2,3660,2440,0
00104245,中建材白玻加工级,001,白玻,7.2,3660,2250,0
00104244,中建材白玻加工级,001,白玻,7.2,3660,2000,0
00104243,中建材白玻加工级,001,白玻,7.1,3660,2250,0
00104242,中建材白玻加工级,001,白玻,7.1,3660,2140,0
00104241,中建材白玻加工级,001,白玻,6,3660,2600,0
00104240,中建材白玻加工级,001,白玻,6,3660,2440,0
00104239,中建材白玻加工级,001,白玻,6,3660,2250,0
00104238,中建材白玻加工级,001,白玻,6,3660,2140,0
00104237,中建材白玻加工级,001,白玻,6,3300,2440,0
00104236,中建材白玻加工级,001,白玻,6,3300,2140,0
00104235,中建材白玻加工级,001,白玻,5,3660,2600,0
00104234,中建材白玻加工级,001,白玻,5,3660,2440,0
00104233,中建材白玻加工级,001,白玻,5,3660,2250,0
00104232,中建材白玻加工级,001,白玻,5,3660,2140,0
00104231,中建材白玻加工级,001,白玻,5,3300,2440,0
00104230,中建材白玻加工级,001,白玻,5,3300,2140,0
00104229,中建材白玻加工级,001,白玻,4.5,3660,2600,0
00104228,中建材白玻加工级,001,白玻,4.5,3660,2440,0
00104227,中建材白玻加工级,001,白玻,4.5,3660,2250,0
00104226,中建材白玻加工级,001,白玻,4.3,3660,2600,0
00104225,中建材白玻加工级,001,白玻,4.3,3660,2440,0
00104224,中建材白玻加工级,001,白玻,4.3,3660,2250,0
00104223,中建材白玻加工级,001,白玻,4.2,3660,2600,0
00104222,中建材白玻加工级,001,白玻,4.2,3660,2440,0
00104221,中建材白玻加工级,001,白玻,4.2,3660,2250,0
00104220,中建材白玻加工级,001,白玻,4.1,3660,2440,0
00104219,中建材白玻加工级,001,白玻,3.3,3660,2440,0
00104218,中建材白玻加工级,001,白玻,3.3,3660,2250,0
00104217,中建材白玻定制级,001,白玻,7.2,3660,2440,0
00104216,中建材白玻定制级,001,白玻,7.2,3660,2250,0
00104215,中建材白玻定制级,001,白玻,7.2,3660,2000,0
00104214,中建材白玻定制级,001,白玻,6,3660,2600,0
00104213,中建材白玻定制级,001,白玻,6,3660,2440,0
00104212,中建材白玻定制级,001,白玻,6,3660,2250,0
00104211,中建材白玻定制级,001,白玻,6,3660,2140,0
00104210,中建材白玻定制级,001,白玻,5,3660,2600,0
00104209,中建材白玻定制级,001,白玻,5,3660,2440,0
00104208,中建材白玻定制级,001,白玻,5,3660,2140,0
00104207,中建材白玻定制级,001,白玻,4.9,3660,2600,0
00104206,中建材白玻定制级,001,白玻,4.5,3660,2600,0
00104205,中建材白玻定制级,001,白玻,4.5,3660,2440,0
00104204,中建材白玻定制级,001,白玻,4.5,3660,2250,0
00104203,中建材白玻定制级,001,白玻,4.3,3660,2600,0
00104202,中建材白玻定制级,001,白玻,4.3,3660,2440,0
00104201,中建材白玻定制级,001,白玻,4.3,3660,2250,0
00104200,中建材白玻定制级,001,白玻,4.3,3300,2440,0
00104199,中建材白玻定制级,001,白玻,4.3,2440,1830,0
00104198,中建材白玻定制级,001,白玻,4.2,3660,2600,0
00104197,中建材白玻定制级,001,白玻,4.2,3660,2440,0
00104196,中建材白玻定制级,001,白玻,4.2,3660,2250,0
00104195,中建材白玻定制级,001,白玻,4.2,2440,1830,0
00104194,中建材白玻定制级,001,白玻,3.4,3660,2440,0
00104193,中建材白玻定制级,001,白玻,3.4,3660,2250,0
00104192,中建材白玻定制级,001,白玻,3.3,3660,2250,0
00104191,中建材白玻定制级,001,白玻,3.3,3660,2140,0
00104190,中建材白玻定制级,001,白玻,3.3,2440,1830,0
00104189,正大一等品,001,白玻,3.8,2000,1500,0.45
00104188,正大一等品,001,白玻,5,3660,2440,0.2
00104187,正大一等品,001,白玻,5,2440,2000,0.2
00104186,正大一等品,001,白玻,5,2440,1830,0.2
00104185,正大一等品,001,白玻,5,2200,2000,0.2
00104184,正大一等品,001,白玻,4.8,3660,2440,0.45
00104183,正大一等品,001,白玻,4.8,2440,2000,0.45
00104182,正大一等品,001,白玻,4.8,2440,1900,0.45
00104181,正大一等品,001,白玻,4.8,2440,1830,0.45
00104180,正大一等品,001,白玻,4.8,2440,1700,0.45
00104179,正大一等品,001,白玻,4.8,2200,2000,0.45
00104178,正大一等品,001,白玻,4.8,2200,1900,0.45
00104177,正大一等品,001,白玻,4.8,2200,1830,0.45
00104176,正大一等品,001,白玻,4,2440,2000,0.25
00104175,正大一等品,001,白玻,4,2440,1900,0.25
00104174,正大一等品,001,白玻,4,2440,1830,0.25
00104173,正大一等品,001,白玻,4,2200,2000,0.25
00104172,正大一等品,001,白玻,4,2200,1900,0.25
00104171,正大一等品,001,白玻,3.8,2440,2000,0.45
00104170,正大一等品,001,白玻,3.8,2440,1900,0.45
00104169,正大一等品,001,白玻,3.8,2440,1830,0.45
00104168,正大一等品,001,白玻,3.8,2440,1700,0.45
00104167,正大一等品,001,白玻,3.8,2200,2000,0.45
00104166,正大一等品,001,白玻,3.8,2200,1900,0.45
00104165,正大一等品,001,白玻,3.8,2200,1830,0.45
00104164,正大合格品,001,白玻,4.8,3660,2440,0.45
00104163,正大合格品,001,白玻,4.8,2440,2000,0.45
00104162,长利一等品,001,白玻,1.6,2440,1830,0
00104161,长红优等品,001,白玻,4,2440,1830,0.2
00104160,长红一等品,001,白玻,4.4,3660,2440,0.25
00104159,长红一等品,001,白玻,4,2440,1830,0.2
00104158,长红一等品,001,白玻,4,2200,1900,0.2
00104157,长红一等品,001,白玻,3.7,2440,1900,0.4
00104156,长红一等品,001,白玻,3.7,2440,1830,0.4
00104155,长红一等品,001,白玻,3.7,2440,1730,0.4
00104154,长红一等品,001,白玻,3.7,2200,2000,0.4
00104153,长红一等品,001,白玻,3.7,2200,1900,0.4
00104152,长红一等品,001,白玻,3.7,2200,1700,0.4
00104151,长红一等品,001,白玻,3.7,2200,1650,0.4
00104150,长城一等品,001,白玻,12,3660,2800,0.2
00104149,长城一等品,001,白玻,12,3660,2750,0.2
00104148,长城一等品,001,白玻,12,3660,2740,0.2
00104147,长城一等品,001,白玻,12,3660,2600,0.2
00104146,长城一等品,001,白玻,12,3660,2440,0.2
00104145,长城一等品,001,白玻,12,3660,2250,0.2
00104144,长城一等品,001,白玻,12,3660,2140,0.2
00104143,长城一等品,001,白玻,12,3660,2134,0.2
00104142,长城一等品,001,白玻,12,3300,2600,0.2
00104141,长城一等品,001,白玻,12,3300,2440,0.2
00104140,长城一等品,001,白玻,12,3300,2250,0.2
00104139,长城一等品,001,白玻,12,3300,2134,0.2
00104138,长城一等品,001,白玻,12,3050,2440,0.2
00104137,长城一等品,001,白玻,12,2440,2000,0.2
00104136,长城一等品,001,白玻,10,3660,2800,0.2
00104135,长城一等品,001,白玻,10,3660,2750,0.2
00104134,长城一等品,001,白玻,10,3660,2600,0.2
00104133,长城一等品,001,白玻,10,3660,2440,0.2
00104132,长城一等品,001,白玻,10,3660,2250,0.2
00104131,长城一等品,001,白玻,10,3660,2140,0.2
00104130,长城一等品,001,白玻,10,3660,2134,0.2
00104129,长城一等品,001,白玻,10,3660,2003,0.2
00104128,长城一等品,001,白玻,10,3660,2000,0.2
00104127,长城一等品,001,白玻,10,3300,2800,0.2
00104126,长城一等品,001,白玻,10,3300,2600,0.2
00104125,长城一等品,001,白玻,10,3300,2440,0.2
00104124,长城一等品,001,白玻,10,3300,2250,0.2
00104123,长城一等品,001,白玻,10,3300,2140,0.2
00104122,长城一等品,001,白玻,10,3300,2134,0.2
00104121,长城一等品,001,白玻,10,3050,2440,0.2
00104120,长城一等品,001,白玻,10,2440,2000,0.2
00104119,长城一等品,001,白玻,10,2440,2000,0.6
00104118,长城一等品,001,白玻,8,3660,2800,0.2
00104117,长城一等品,001,白玻,8,3660,2750,0.2
00104116,长城一等品,001,白玻,8,3660,2600,0.2
00104115,长城一等品,001,白玻,8,3660,2440,0.2
00104114,长城一等品,001,白玻,8,3660,2250,0.2
00104113,长城一等品,001,白玻,8,3660,2140,0.2
00104112,长城一等品,001,白玻,8,3660,2134,0.2
00104111,长城一等品,001,白玻,8,3660,2030,0.2
00104110,长城一等品,001,白玻,8,3660,2003,0.2
00104109,长城一等品,001,白玻,8,3660,2000,0.2
00104108,长城一等品,001,白玻,8,3300,2800,0.2
00104107,长城一等品,001,白玻,8,3300,2600,0.2
00104106,长城一等品,001,白玻,8,3300,2440,0.2
00104105,长城一等品,001,白玻,8,3300,2250,0.2
00104104,长城一等品,001,白玻,8,3300,2140,0.2
00104103,长城一等品,001,白玻,8,3300,2134,0.2
00104102,长城一等品,001,白玻,8,3050,2440,0.2
00104101,长城一等品,001,白玻,8,2440,2000,0.2
00104100,长城一等品,001,白玻,8,2440,1830,0.2
00104099,长城一等品,001,白玻,6,3660,2800,0.2
00104098,长城一等品,001,白玻,6,3660,2600,0.2
00104097,长城一等品,001,白玻,6,3660,2440,0.2
00104096,长城一等品,001,白玻,6,3660,2250,0.2
00104095,长城一等品,001,白玻,6,3660,2140,0.2
00104094,长城一等品,001,白玻,6,3660,2134,0.2
00104093,长城一等品,001,白玻,6,3300,2800,0.2
00104092,长城一等品,001,白玻,6,3300,2600,0.2
00104091,长城一等品,001,白玻,6,3300,2440,0.2
00104090,长城一等品,001,白玻,6,3300,2250,0.2
00104089,长城一等品,001,白玻,6,3300,2140,0.2
00104088,长城一等品,001,白玻,6,3300,2134,0.2
00104087,长城一等品,001,白玻,6,2800,2215,0.2
00104086,长城一等品,001,白玻,6,2800,1445,0.2
00104085,长城一等品,001,白玻,6,2440,2000,0.2
00104084,长城一等品,001,白玻,5,3660,2800,0.2
00104083,长城一等品,001,白玻,5,3660,2600,0.2
00104082,长城一等品,001,白玻,5,3660,2440,0.2
00104081,长城一等品,001,白玻,5,3660,2250,0.2
00104080,长城一等品,001,白玻,5,3660,2147,0.2
00104079,长城一等品,001,白玻,5,3660,2140,0.2
00104078,长城一等品,001,白玻,5,3660,2134,0.2
00104077,长城一等品,001,白玻,5,3300,2800,0.2
00104076,长城一等品,001,白玻,5,3300,2600,0.2
00104075,长城一等品,001,白玻,5,3300,2440,0.2
00104074,长城一等品,001,白玻,5,3300,2250,0.2
00104073,长城一等品,001,白玻,5,3300,2140,0.2
00104072,长城一等品,001,白玻,5,3300,2134,0.2
00104071,长城一等品,001,白玻,5,2440,2000,0.2
00104070,长城一等品,001,白玻,5,2440,1830,0.2
00104069,长城一等品,001,白玻,5,1307,970,0
00104068,长城一等品,001,白玻,5,1297,970,0
00104067,长城一等品,001,白玻,5,1007,970,0
00104066,长城一等品,001,白玻,5,997,970,0
00104065,长城一等品,001,白玻,5,984,1100,0
00104064,长城一等品,001,白玻,4.8,3660,2800,0.3
00104063,长城一等品,001,白玻,4.8,3660,2600,0.3
00104062,长城一等品,001,白玻,4.8,3660,2440,0.3
00104061,长城一等品,001,白玻,4.8,3660,2250,0.3
00104060,长城一等品,001,白玻,4.8,3660,2140,0.3
00104059,长城一等品,001,白玻,4.8,3660,2134,0.3
00104058,长城一等品,001,白玻,4.8,3300,2600,0.3
00104057,长城一等品,001,白玻,4.8,3300,2440,0.3
00104056,长城一等品,001,白玻,4.8,3300,2250,0.3
00104055,长城一等品,001,白玻,4.8,3300,2134,0.3
00104054,长城一等品,001,白玻,4.8,2440,2000,0.4
00104053,长城一等品,001,白玻,4.8,2440,1830,0.4
00104052,长城一等品,001,白玻,4.5,3660,2600,0.3
00104051,长城一等品,001,白玻,4.5,3660,2440,0.3
00104050,长城一等品,001,白玻,4.5,3660,2250,0.3
00104049,长城一等品,001,白玻,4.5,3660,2140,0.3
00104048,长城一等品,001,白玻,4.5,3660,2134,0.2
00104047,长城一等品,001,白玻,4.5,2440,1830,0.2
00104046,长城一等品,001,白玻,4,3660,2440,0.2
00104045,长城一等品,001,白玻,4,3660,2250,0.2
00104044,长城一等品,001,白玻,4,3660,2140,0.2
00104043,长城一等品,001,白玻,4,3660,2134,0.2
00104042,长城一等品,001,白玻,4,3300,2440,0.2
00104041,长城一等品,001,白玻,4,3300,2134,0.2
00104040,长城一等品,001,白玻,4,2440,1830,0.2
00104039,长城一等品,001,白玻,4,2200,2000,0.3
00104038,长城一等品,001,白玻,4,2200,1830,0.2
00104037,长城一等品,001,白玻,4,2200,1650,0.2
00104036,长城合格品,001,白玻,12,3660,2750,0.2
00104035,长城合格品,001,白玻,12,3660,2600,0.2
00104034,长城合格品,001,白玻,12,3660,2440,0.2
00104033,长城合格品,001,白玻,12,3660,2250,0.2
00104032,长城合格品,001,白玻,12,3660,2140,0.2
00104031,长城合格品,001,白玻,12,3660,2134,0.2
00104030,长城合格品,001,白玻,12,3300,2440,0.2
00104029,长城合格品,001,白玻,12,3050,2440,0.2
00104028,长城合格品,001,白玻,10,3660,2800,0.2
00104027,长城合格品,001,白玻,10,3660,2750,0.2
00104026,长城合格品,001,白玻,10,3660,2600,0.2
00104025,长城合格品,001,白玻,10,3660,2440,0.2
00104024,长城合格品,001,白玻,10,3660,2250,0.2
00104023,长城合格品,001,白玻,10,3660,2140,0.2
00104022,长城合格品,001,白玻,10,3660,2134,0.2
00104021,长城合格品,001,白玻,10,3300,2600,0.2
00104020,长城合格品,001,白玻,10,3300,2440,0.2
00104019,长城合格品,001,白玻,10,3300,2250,0.2
00104018,长城合格品,001,白玻,10,3050,2440,0.2
00104017,长城合格品,001,白玻,8,3660,2800,0.2
00104016,长城合格品,001,白玻,8,3660,2600,0.2
00104015,长城合格品,001,白玻,8,3660,2440,0.2
00104014,长城合格品,001,白玻,8,3660,2250,0.2
00104013,长城合格品,001,白玻,8,3660,2140,0.2
00104012,长城合格品,001,白玻,8,3660,2134,0.2
00104011,长城合格品,001,白玻,8,3660,2003,0.2
00104010,长城合格品,001,白玻,8,3660,2000,0.2
00104009,长城合格品,001,白玻,8,3300,2800,0.2
00104008,长城合格品,001,白玻,8,3300,2600,0.2
00104007,长城合格品,001,白玻,8,3300,2440,0.2
00104006,长城合格品,001,白玻,8,3300,2250,0.2
00104005,长城合格品,001,白玻,8,3300,2140,0.2
00104004,长城合格品,001,白玻,8,3300,2134,0.2
00104003,长城合格品,001,白玻,8,3050,2440,0.2
00104002,长城合格品,001,白玻,6,3660,2800,0.2
00104001,长城合格品,001,白玻,6,3660,2600,0.2
00104000,长城合格品,001,白玻,6,3660,2440,0.2
00103999,长城合格品,001,白玻,6,3660,2250,0.2
00103998,长城合格品,001,白玻,6,3660,2140,0.2
00103997,长城合格品,001,白玻,6,3660,2134,0.2
00103996,长城合格品,001,白玻,6,3300,2800,0.2
00103995,长城合格品,001,白玻,6,3300,2600,0.2
00103994,长城合格品,001,白玻,6,3300,2440,0.2
00103993,长城合格品,001,白玻,6,3300,2250,0.2
00103992,长城合格品,001,白玻,6,3300,2140,0.2
00103991,长城合格品,001,白玻,6,3300,2134,0.2
00103990,长城合格品,001,白玻,5,3660,2800,0.2
00103989,长城合格品,001,白玻,5,3660,2600,0.2
00103988,长城合格品,001,白玻,5,3660,2440,0.2
00103987,长城合格品,001,白玻,5,3660,2250,0.2
00103986,长城合格品,001,白玻,5,3660,2147,0.2
00103985,长城合格品,001,白玻,5,3660,2140,0.2
00103984,长城合格品,001,白玻,5,3660,2134,0.2
00103983,长城合格品,001,白玻,5,3300,2800,0.2
00103982,长城合格品,001,白玻,5,3300,2600,0.2
00103981,长城合格品,001,白玻,5,3300,2440,0.2
00103980,长城合格品,001,白玻,5,3300,2250,0.2
00103979,长城合格品,001,白玻,5,3300,2134,0.2
00103978,长城合格品,001,白玻,5,2440,3660,0.2
00103977,长城合格品,001,白玻,5,2440,1830,0.2
00103976,长城合格品,001,白玻,4.8,3660,2800,0.3
00103975,长城合格品,001,白玻,4.8,3660,2600,0.3
00103974,长城合格品,001,白玻,4.8,3660,2440,0.3
00103973,长城合格品,001,白玻,4.8,3660,2250,0.3
00103972,长城合格品,001,白玻,4.8,3660,2134,0.3
00103971,长城合格品,001,白玻,4.8,3300,2440,0.3
00103970,长城合格品,001,白玻,4.8,3300,2250,0.3
00103969,长城合格品,001,白玻,4.8,3300,2134,0.3
00103968,长城合格品,001,白玻,4.8,2440,1830,0.4
00103967,长城合格品,001,白玻,4.5,3660,2600,0.3
00103966,长城合格品,001,白玻,4.5,3660,2440,0.3
00103965,长城合格品,001,白玻,4.5,3660,2250,0.3
00103964,长城合格品,001,白玻,4.5,3660,2140,0.3
00103963,长城合格品,001,白玻,4.5,2440,1830,0.3
00103962,长城合格品,001,白玻,4.5,2200,1650,0.2
00103961,长城合格品,001,白玻,4,3660,2440,0.2
00103960,长城合格品,001,白玻,4,3660,2140,0.2
00103959,长城合格品,001,白玻,4,3300,2440,0.2
00103958,长城合格品,001,白玻,4,2440,1830,0.2
00103957,漳州旗滨欧茶玻优等,001,白玻,4.2,3660,2440,0
00103956,漳州旗滨耐高温隔热玻璃基片,001,白玻,6,3660,2440,0
00103955,漳州旗滨白玻,001,白玻,5,3300,2250,0
00103954,漳州旗滨白玻,001,白玻,4,3660,2440,0
00103953,漳州旗滨白玻,001,白玻,2.5,2440,1830,0
00103952,张家港信义白玻一等品,001,白玻,12,4880,2280,0
00103951,张家港信义白玻一等品,001,白玻,10,4880,3300,0
00103950,张家港信义白玻一等品,001,白玻,10,4280,2800,0
00103949,张家港信义白玻一等品,001,白玻,10,4280,2440,0
00103948,张家港信义白玻一等品,001,白玻,10,3900,2290,0
00103947,张家港信义白玻一等品,001,白玻,10,3050,2140,0
00103946,张家港信义白玻一等品,001,白玻,6,4280,3050,0
00103945,张家港信义白玻一等品,001,白玻,6,3660,2440,0
00103944,张家港信义白玻一等品,001,白玻,6,3660,2290,0
00103943,张家港信义白玻一等品,001,白玻,6,3300,2440,0
00103942,张家港信义白玻一等品,001,白玻,5,3660,2440,0
00103941,营口信义一等品WS级,001,白玻,12,4580,2530,0
00103940,营口信义一等品WS级,001,白玻,10,4880,3300,0
00103939,营口信义一等品,001,白玻,12,4880,3300,0
00103938,营口信义一等品,001,白玻,12,4880,3050,0
00103937,营口信义一等品,001,白玻,12,4880,2740,0
00103936,营口信义一等品,001,白玻,12,4880,2600,0
00103935,营口信义一等品,001,白玻,12,4880,2440,0
00103934,营口信义一等品,001,白玻,12,4880,2400,0
00103933,营口信义一等品,001,白玻,12,4580,3300,0
00103932,营口信义一等品,001,白玻,12,4580,3050,0
00103931,营口信义一等品,001,白玻,12,4580,2440,0
00103930,营口信义一等品,001,白玻,12,4580,2140,0
00103929,营口信义一等品,001,白玻,12,3660,2740,0
00103928,营口信义一等品,001,白玻,12,3660,2440,0
00103927,营口信义一等品,001,白玻,12,3660,2410,0
00103926,营口信义一等品,001,白玻,12,3660,2350,0
00103925,营口信义一等品,001,白玻,12,3660,2250,0
00103924,营口信义一等品,001,白玻,12,3660,2140,0
00103923,营口信义一等品,001,白玻,12,3300,2740,0
00103922,营口信义一等品,001,白玻,12,3300,2140,0
00103921,营口信义一等品,001,白玻,12,3050,2740,0
00103920,营口信义一等品,001,白玻,12,3050,2440,0
00103919,营口信义一等品,001,白玻,12,3050,2350,0
00103918,营口信义一等品,001,白玻,12,3050,2140,0
00103917,营口信义一等品,001,白玻,10,4880,3300,0
00103916,营口信义一等品,001,白玻,10,4880,3050,0
00103915,营口信义一等品,001,白玻,10,4880,2800,0
00103914,营口信义一等品,001,白玻,10,4880,2740,0
00103913,营口信义一等品,001,白玻,10,4880,2600,0
00103912,营口信义一等品,001,白玻,10,4880,2500,0
00103911,营口信义一等品,001,白玻,10,4880,2440,0
00103910,营口信义一等品,001,白玻,10,4880,2250,0
00103909,营口信义一等品,001,白玻,10,4580,3300,0
00103908,营口信义一等品,001,白玻,10,4580,3050,0
00103907,营口信义一等品,001,白玻,10,4580,2740,0
00103906,营口信义一等品,001,白玻,10,4580,2600,0
00103905,营口信义一等品,001,白玻,10,4580,2500,0
00103904,营口信义一等品,001,白玻,10,4580,2440,0
00103903,营口信义一等品,001,白玻,10,4580,2250,0
00103902,营口信义一等品,001,白玻,10,4580,2140,0
00103901,营口信义一等品,001,白玻,10,4580,2030,0
00103900,营口信义一等品,001,白玻,10,3660,2740,0
00103899,营口信义一等品,001,白玻,10,3660,2440,0
00103898,营口信义一等品,001,白玻,10,3660,2320,0
00103897,营口信义一等品,001,白玻,10,3660,2250,0
00103896,营口信义一等品,001,白玻,10,3660,2140,0
00103895,营口信义一等品,001,白玻,10,3300,2740,0
00103894,营口信义一等品,001,白玻,10,3300,2440,0
00103893,营口信义一等品,001,白玻,10,3300,2200,0
00103892,营口信义一等品,001,白玻,10,3300,2140,0
00103891,营口信义一等品,001,白玻,10,3050,2740,0
00103890,营口信义一等品,001,白玻,10,3050,2440,0
00103889,营口信义一等品,001,白玻,10,3000,2420,0
00103888,营口信义一等品,001,白玻,8,4880,3300,0
00103887,营口信义一等品,001,白玻,8,4880,3050,0
00103886,营口信义一等品,001,白玻,8,4880,2830,0
00103885,营口信义一等品,001,白玻,8,4880,2800,0
00103884,营口信义一等品,001,白玻,8,4880,2740,0
00103883,营口信义一等品,001,白玻,8,4880,2680,0
00103882,营口信义一等品,001,白玻,8,4880,2600,0
00103881,营口信义一等品,001,白玻,8,4880,2440,0
00103880,营口信义一等品,001,白玻,8,4880,2400,0
00103879,营口信义一等品,001,白玻,8,4880,2280,0
00103878,营口信义一等品,001,白玻,8,4880,2250,0
00103877,营口信义一等品,001,白玻,8,4880,2100,0
00103876,营口信义一等品,001,白玻,8,4580,3300,0
00103875,营口信义一等品,001,白玻,8,4580,3050,0
00103874,营口信义一等品,001,白玻,8,4580,2740,0
00103873,营口信义一等品,001,白玻,8,4580,2680,0
00103872,营口信义一等品,001,白玻,8,4580,2650,0
00103871,营口信义一等品,001,白玻,8,4580,2440,0
00103870,营口信义一等品,001,白玻,8,4580,2250,0
00103869,营口信义一等品,001,白玻,8,4580,2140,0
00103868,营口信义一等品,001,白玻,8,4580,2030,0
00103867,营口信义一等品,001,白玻,8,3660,2877,0
00103866,营口信义一等品,001,白玻,8,3660,2800,0
00103865,营口信义一等品,001,白玻,8,3660,2740,0
00103864,营口信义一等品,001,白玻,8,3660,2630,0
00103863,营口信义一等品,001,白玻,8,3660,2600,0
00103862,营口信义一等品,001,白玻,8,3660,2440,0
00103861,营口信义一等品,001,白玻,8,3660,2330,0
00103860,营口信义一等品,001,白玻,8,3660,2290,0
00103859,营口信义一等品,001,白玻,8,3660,2280,0
00103858,营口信义一等品,001,白玻,8,3660,2250,0
00103857,营口信义一等品,001,白玻,8,3660,2200,0
00103856,营口信义一等品,001,白玻,8,3660,2140,0
00103855,营口信义一等品,001,白玻,8,3660,2080,0
00103854,营口信义一等品,001,白玻,8,3660,2050,0
00103853,营口信义一等品,001,白玻,8,3300,2740,0
00103852,营口信义一等品,001,白玻,8,3300,2630,0
00103851,营口信义一等品,001,白玻,8,3300,2440,0
00103850,营口信义一等品,001,白玻,8,3300,2290,0
00103849,营口信义一等品,001,白玻,8,3300,2250,0
00103848,营口信义一等品,001,白玻,8,3300,2140,0
00103847,营口信义一等品,001,白玻,8,3300,2050,0
00103846,营口信义一等品,001,白玻,8,3050,2630,0
00103845,营口信义一等品,001,白玻,8,3050,2300,0
00103844,营口信义一等品,001,白玻,6,4880,3300,0
00103843,营口信义一等品,001,白玻,6,4880,3050,0
00103842,营口信义一等品,001,白玻,6,4880,2740,0
00103841,营口信义一等品,001,白玻,6,4580,3300,0
00103840,营口信义一等品,001,白玻,6,4580,3050,0
00103839,营口信义一等品,001,白玻,6,4580,2740,0
00103838,营口信义一等品,001,白玻,6,4580,2440,0
00103837,营口信义一等品,001,白玻,6,3800,2380,0
00103836,营口信义一等品,001,白玻,6,3660,2830,0
00103835,营口信义一等品,001,白玻,6,3660,2800,0
00103834,营口信义一等品,001,白玻,6,3660,2740,0
00103833,营口信义一等品,001,白玻,6,3660,2650,0
00103832,营口信义一等品,001,白玻,6,3660,2630,0
00103831,营口信义一等品,001,白玻,6,3660,2600,0
00103830,营口信义一等品,001,白玻,6,3660,2560,0
00103829,营口信义一等品,001,白玻,6,3660,2440,0
00103828,营口信义一等品,001,白玻,6,3660,2290,0
00103827,营口信义一等品,001,白玻,6,3660,2280,0
00103826,营口信义一等品,001,白玻,6,3660,2250,0
00103825,营口信义一等品,001,白玻,6,3660,2140,0
00103824,营口信义一等品,001,白玻,6,3660,2050,0
00103823,营口信义一等品,001,白玻,6,3520,2680,0
00103822,营口信义一等品,001,白玻,6,3400,2140,0
00103821,营口信义一等品,001,白玻,6,3300,2740,0
00103820,营口信义一等品,001,白玻,6,3300,2680,0
00103819,营口信义一等品,001,白玻,6,3300,2600,0
00103818,营口信义一等品,001,白玻,6,3300,2440,0
00103817,营口信义一等品,001,白玻,6,3300,2290,0
00103816,营口信义一等品,001,白玻,6,3300,2250,0
00103815,营口信义一等品,001,白玻,6,3300,2140,0
00103814,营口信义一等品,001,白玻,6,3050,2740,0
00103813,营口信义一等品,001,白玻,6,3050,2140,0
00103812,营口信义一等品,001,白玻,5,4880,3300,0
00103811,营口信义一等品,001,白玻,5,3660,2740,0
00103810,营口信义一等品,001,白玻,5,3660,2600,0
00103809,营口信义一等品,001,白玻,5,3660,2440,0
00103808,营口信义一等品,001,白玻,5,3660,2380,0
00103807,营口信义一等品,001,白玻,5,3660,2290,0
00103806,营口信义一等品,001,白玻,5,3660,2280,0
00103805,营口信义一等品,001,白玻,5,3660,2250,0
00103804,营口信义一等品,001,白玻,5,3660,2140,0
00103803,营口信义一等品,001,白玻,5,3300,2740,0
00103802,营口信义一等品,001,白玻,5,3300,2630,0
00103801,营口信义一等品,001,白玻,5,3300,2480,0
00103800,营口信义一等品,001,白玻,5,3300,2440,0
00103799,营口信义一等品,001,白玻,5,3300,2250,0
00103798,营口信义一等品,001,白玻,5,3300,2140,0
00103797,营口信义一等品,001,白玻,5,3050,2740,0
00103796,营口信义一等品,001,白玻,5,3050,2440,0
00103795,营口信义一等品,001,白玻,5,3050,2140,0
00103794,营口信义一等品,001,白玻,5,2440,2000,0
00103793,营口信义一等品,001,白玻,5,2440,1830,0
00103792,营口信义一等品,001,白玻,4.5,3660,2440,0
00103791,营口信义一等品,001,白玻,4,3300,2740,0
00103790,营口信义协议品,001,白玻,5,3660,2440,0
00103789,营口信义白玻一等品WS级,001,白玻,12,4880,2140,0
00103788,营口信义白玻一等品WS级,001,白玻,12,4580,2440,0
00103787,营口信义白玻一等品WS级,001,白玻,12,4580,2140,0
00103786,营口信义白玻一等品WS级,001,白玻,10,4880,2140,0
00103785,营口信义白玻一等品,001,白玻,8,4880,2140,0
00103784,营口信义白玻一等品,001,白玻,8,3300,2290,0
00103783,营口信义XP级,001,白玻,6,3660,2440,0
00103782,营口信义VP级,001,白玻,6,3300,2250,0
00103781,营口信义PT级,001,白玻,12,3660,2440,0
00103780,营口信义PT级,001,白玻,10,3660,2440,0
00103779,营口信义PT级,001,白玻,10,3660,2250,0
00103778,营口信义PT级,001,白玻,8,3660,2440,0
00103777,营口信义PT级,001,白玻,8,3660,2140,0
00103776,营口信义PT级,001,白玻,8,3300,2440,0
00103775,营口信义PT级,001,白玻,8,3300,2140,0
00103774,营口信义PT级,001,白玻,6,3660,2440,0
00103773,营口信义PT级,001,白玻,6,3660,2290,0
00103772,营口信义PT级,001,白玻,6,3660,2260,0
00103771,营口信义PT级,001,白玻,6,3660,2250,0
00103770,营口信义PT级,001,白玻,6,3660,2140,0
00103769,营口信义PT级,001,白玻,6,3660,2050,0
00103768,营口信义PT级,001,白玻,6,3660,1950,0
00103767,营口信义PT级,001,白玻,6,3300,2440,0
00103766,营口信义PT级,001,白玻,6,3300,2140,0
00103765,营口信义PT级,001,白玻,5,3660,2440,0
00103764,营口信义PT级,001,白玻,5,3660,2280,0
00103763,营口信义PT级,001,白玻,5,3660,2140,0
00103762,营口信义PT级,001,白玻,5,3300,2440,0
00103761,营口信义PT级,001,白玻,5,3300,2140,0
00103760,营口信义HP级,001,白玻,5,3660,2440,0
00103759,迎新一等品,001,白玻,3,2440,2000,0.2
00103758,鑫利一等品,001,白玻,5,2440,2000,0.2
00103757,鑫利一等品,001,白玻,5,2440,1900,0.2
00103756,鑫利一等品,001,白玻,5,2440,1830,0.2
00103755,鑫利一等品,001,白玻,5,2200,2000,0.2
00103754,鑫利一等品,001,白玻,5,2200,1900,0.2
00103753,鑫利一等品,001,白玻,5,2200,1830,0.2
00103752,鑫利一等品,001,白玻,4.8,3660,2440,0.45
00103751,鑫利一等品,001,白玻,4.8,2440,2000,0.45
00103750,鑫利一等品,001,白玻,4.8,2440,1900,0.45
00103749,鑫利一等品,001,白玻,4.8,2440,1830,0.45
00103748,鑫利一等品,001,白玻,4.8,2200,2000,0.45
00103747,鑫利一等品,001,白玻,4.8,2200,1900,0.45
00103746,鑫利一等品,001,白玻,4.8,2200,1830,0.45
00103745,鑫利协议品,001,白玻,5,2440,2000,0.2
00103744,鑫利协议品,001,白玻,5,2440,1900,0.2
00103743,鑫利协议品,001,白玻,5,2440,1830,0.2
00103742,鑫利协议品,001,白玻,5,2200,2000,0.2
00103741,鑫利协议品,001,白玻,5,2200,1900,0.2
00103740,鑫利协议品,001,白玻,5,2200,1830,0.2
00103739,鑫利协议品,001,白玻,4.8,2440,2000,0.45
00103738,鑫利协议品,001,白玻,4.8,2440,1900,0.45
00103737,鑫利协议品,001,白玻,4.8,2440,1830,0.45
00103736,鑫利协议品,001,白玻,4.8,2200,2000,0.45
00103735,鑫利协议品,001,白玻,4.8,2200,1900,0.45
00103734,鑫利协议品,001,白玻,4.5,2440,2000,0.3
00103733,鑫利协议品,001,白玻,4.5,2440,1830,0.3
00103732,鑫利协议品,001,白玻,4.5,2200,2000,0.3
00103731,鑫利协议品,001,白玻,4,2440,2000,0.25
00103730,鑫利混装品,001,白玻,4.5,2440,2000,0.3
00103729,鑫利混装品,001,白玻,4.5,2440,1900,0.3
00103728,鑫利混装品,001,白玻,4.5,2440,1830,0.3
00103727,鑫利混装品,001,白玻,4.5,2200,2000,0.3
00103726,鑫利混装品,001,白玻,4.5,2200,1900,0.3
00103725,鑫利混装品,001,白玻,4.5,2200,1830,0.3
00103724,鑫利混装品,001,白玻,4,2440,2000,0.25
00103723,鑫利混装品,001,白玻,4,2440,1900,0.25
00103722,鑫利混装品,001,白玻,4,2440,1830,0.25
00103721,鑫利混装品,001,白玻,4,2200,2000,0.25
00103720,鑫利混装品,001,白玻,4,2200,1900,0.25
00103719,鑫利混装品,001,白玻,4,2200,1830,0.25
00103718,鑫利混装品,001,白玻,3.8,2440,2000,0.45
00103717,鑫利混装品,001,白玻,3.8,2440,1900,0.45
00103716,鑫利混装品,001,白玻,3.8,2440,1830,0.45
00103715,鑫利混装品,001,白玻,3.8,2200,2000,0.45
00103714,鑫利混装品,001,白玻,3.8,2200,1900,0.45
00103713,鑫利混装品,001,白玻,3.8,2200,1830,0.45
00103712,鑫利混装品,001,白玻,3.5,2440,2000,0.4
00103711,鑫利混装品,001,白玻,3.5,2440,1900,0.4
00103710,鑫利混装品,001,白玻,3.5,2440,1830,0.4
00103709,鑫利混装品,001,白玻,3.5,2200,2000,0.4
00103708,鑫利混装品,001,白玻,3.5,2200,1900,0.4
00103707,鑫利合格品,001,白玻,5,3660,2440,0.2
00103706,鑫利合格品,001,白玻,5,2440,2000,0.2
00103705,鑫利合格品,001,白玻,5,2440,1900,0.2
00103704,鑫利合格品,001,白玻,5,2440,1830,0.2
00103703,鑫利合格品,001,白玻,5,2200,2000,0.2
00103702,鑫利合格品,001,白玻,5,2200,1900,0.2
00103701,鑫利合格品,001,白玻,5,2200,1830,0.2
00103700,鑫利合格品,001,白玻,4.8,2440,2000,0.45
00103699,鑫利合格品,001,白玻,4.8,2440,1900,0.45
00103698,鑫利合格品,001,白玻,4.8,2440,1830,0.45
00103697,鑫利合格品,001,白玻,4.8,2200,2000,0.45
00103696,鑫利合格品,001,白玻,4.8,2200,1900,0.45
00103695,鑫利合格品,001,白玻,4.8,2200,1830,0.45
00103694,咸阳中玻超白优等品,001,白玻,3.9,3660,2250,0
00103693,咸阳中玻超白一等品,001,白玻,6,3660,2440,0
00103692,咸阳中玻白玻一等品,001,白玻,3.5,2440,1830,0
00103691,咸阳中玻白玻一等品,001,白玻,3.5,2200,2000,0
00103690,咸阳中玻白玻一等品,001,白玻,3.5,2200,1900,0
00103689,咸阳中玻白玻一等品,001,白玻,3.5,2200,1830,0
00103688,咸阳中玻白玻一等品,001,白玻,3.5,2200,1750,0
00103687,咸阳中玻白玻一等品,001,白玻,3.5,2200,1650,0
00103686,咸阳中玻白玻合格品,001,白玻,3.5,2440,1830,0
00103685,咸阳中玻白玻合格品,001,白玻,3.5,2200,2000,0
00103684,咸阳中玻白玻合格品,001,白玻,3.5,2200,1900,0
00103683,咸阳中玻白玻合格品,001,白玻,3.5,2200,1830,0
00103682,咸阳中玻白玻合格品,001,白玻,3.5,2200,1750,0
00103681,咸阳中玻白玻合格品,001,白玻,3.5,2200,1650,0
00103680,咸阳南玻白玻优等品,001,白玻,12,3660,2440,0
00103679,咸宁南玻普白汽车级,001,白玻,19,5500,3300,0
00103678,咸宁南玻普白汽车级,001,白玻,19,4580,3300,0
00103677,咸宁南玻普白汽车级,001,白玻,19,3660,2800,0.2
00103676,咸宁南玻普白汽车级,001,白玻,19,3660,2600,0
00103675,咸宁南玻普白汽车级,001,白玻,19,3660,2440,0.2
00103674,咸宁南玻普白汽车级,001,白玻,19,3300,2800,0.2
00103673,咸宁南玻普白汽车级,001,白玻,15,4500,3300,0.2
00103672,咸宁南玻普白汽车级,001,白玻,15,3660,2800,0.2
00103671,咸宁南玻普白汽车级,001,白玻,15,3660,2740,0.2
00103670,咸宁南玻普白汽车级,001,白玻,15,3660,2600,0.2
00103669,咸宁南玻普白汽车级,001,白玻,15,3660,2440,0.2
00103668,咸宁南玻普白汽车级,001,白玻,15,3660,2140,0.2
00103667,咸宁南玻普白汽车级,001,白玻,15,3300,2800,0.2
00103666,咸宁南玻普白汽车级,001,白玻,15,3300,2600,0.2
00103665,咸宁南玻普白汽车级,001,白玻,15,3300,2440,0.2
00103664,吴江南玻普白汽车级,001,白玻,6,3300,2440,0.2
00103663,吴江南玻白玻一等品,001,白玻,6,4000,2680,0.2
00103662,吴江南玻白玻一等品,001,白玻,6,3050,2440,0.2
00103661,吴江南玻白玻一等品,001,白玻,5,3660,2440,0
00103660,吴江南玻白玻一等品,001,白玻,5,3660,2250,0
00103659,吴江南玻白玻一等品,001,白玻,5,3660,2140,0
00103658,吴江南玻白玻一等品,001,白玻,5,3300,2180,0
00103657,吴江南玻白玻一等品,001,白玻,5,3300,2080,0
00103656,芜湖信义白玻一等品,001,白玻,10,4880,2440,0
00103655,芜湖信义白玻一等品,001,白玻,10,3660,2440,0
00103654,芜湖信义白玻一等品,001,白玻,8,4280,2440,0
00103653,芜湖信义白玻一等品,001,白玻,8,3660,2800,0
00103652,芜湖信义白玻一等品,001,白玻,8,3660,2440,0
00103651,芜湖信义白玻一等品,001,白玻,6,3660,2740,0
00103650,芜湖信义白玻一等品,001,白玻,6,3660,2440,0
00103649,芜湖信义白玻一等品,001,白玻,5,3660,2740,0
00103648,芜湖信义白玻一等品,001,白玻,5,3660,2440,0
00103647,乌海中玻优质加工级,001,白玻,5,3300,2740,0
00103646,乌海中玻优质加工级,001,白玻,5,3300,2440,0
00103645,乌海中玻协议品,001,白玻,6,3660,2740,0
00103644,乌海中玻协议品,001,白玻,6,3660,2600,0
00103643,乌海中玻协议品,001,白玻,6,3660,2440,0
00103642,乌海中玻协议品,001,白玻,6,3660,2140,0
00103641,乌海中玻协议品,001,白玻,6,3660,2080,0
00103640,乌海中玻协议品,001,白玻,6,3660,1980,0
00103639,乌海中玻协议品,001,白玻,6,3300,2440,0
00103638,乌海中玻协议品,001,白玻,6,3300,1880,0
00103637,乌海中玻协议品,001,白玻,5,3660,2740,0
00103636,乌海中玻协议品,001,白玻,5,3660,2600,0
00103635,乌海中玻协议品,001,白玻,5,3660,2440,0
00103634,乌海中玻合格品,001,白玻,6,3660,2140,0.2
00103633,乌海中玻白玻优质加工级,001,白玻,8,3660,2440,0
00103632,乌海中玻白玻优质加工级,001,白玻,8,3660,2140,0
00103631,乌海中玻白玻优质加工级,001,白玻,4.6,3660,2740,0
00103630,乌海中玻白玻一等品,001,白玻,10,3660,2440,0
00103629,乌海中玻白玻一等品,001,白玻,8,3660,2800,0
00103628,乌海中玻白玻一等品,001,白玻,8,3660,2440,0
00103627,乌海中玻白玻一等品,001,白玻,8,3660,2140,0
00103626,乌海中玻白玻一等品,001,白玻,6,3660,2600,0
00103625,乌海中玻白玻一等品,001,白玻,6,3660,2440,0
00103624,乌海中玻白玻一等品,001,白玻,6,3660,2280,0
00103623,乌海中玻白玻一等品,001,白玻,5,3660,2600,0
00103622,乌海中玻白玻一等品,001,白玻,5,3660,2440,0
00103621,乌海中玻白玻一等品,001,白玻,5,3660,2280,0
00103620,乌海中玻白玻一等品,001,白玻,5,3660,2140,0
00103619,乌海中玻白玻一等品,001,白玻,4.6,3660,2600,0
00103618,乌海中玻白玻一等品,001,白玻,4.6,3660,2440,0
00103617,乌海中玻白玻一等品,001,白玻,4.6,3660,2280,0
00103616,乌海中玻白玻普通级,001,白玻,8,3660,2750,0
00103615,乌海中玻白玻普通级,001,白玻,8,3660,2140,0
00103614,乌海中玻白玻普通级,001,白玻,6,3660,2440,0
00103613,乌海中玻白玻普通级,001,白玻,5,3660,2600,0
00103612,乌海中玻白玻普通级,001,白玻,5,3660,2280,0
00103611,乌海中玻白玻普通级,001,白玻,5,3660,2140,0
00103610,乌海中玻白玻普通级,001,白玻,5,3300,2440,0
00103609,乌海中玻白玻定制级,001,白玻,6,3660,2740,0
00103608,乌海中玻白玻定制级,001,白玻,6,3660,2440,0
00103607,乌海中玻白玻定制级,001,白玻,6,3300,2800,0
00103606,乌海中玻白玻定制级,001,白玻,5,3660,2440,0.1
00103605,乌海中玻白玻定制级,001,白玻,5,3660,2140,0.1
00103604,沃凯德一等品,001,白玻,2,1220,914,0
00103603,沃凯德一等品,001,白玻,1.8,1220,914,0
00103602,沃凯德一等品,001,白玻,1.7,1220,914,0
00103601,沃凯德一等品,001,白玻,1.2,1220,914,0
00103600,沃凯德一等品,001,白玻,1.15,1220,914,0
00103599,沃凯德一等品,001,白玻,1.15,1200,900,0
00103598,威海中玻白玻优等品,001,白玻,6,3660,2680,0
00103597,威海中玻白玻优等品,001,白玻,6,3660,2440,0
00103596,威海中玻白玻优等品,001,白玻,6,3660,2250,0
00103595,威海中玻白玻优等品,001,白玻,6,3300,2440,0
00103594,威海中玻白玻优等品,001,白玻,5,3660,2740,0
00103593,威海中玻白玻优等品,001,白玻,5,3660,2680,0
00103592,威海中玻白玻优等品,001,白玻,5,3660,2440,0
00103591,威海中玻白玻优等品,001,白玻,5,3660,2140,0
00103590,威海中玻白玻优等品,001,白玻,5,3300,2440,0
00103589,威海中玻白玻优等品,001,白玻,4.5,3660,2680,0
00103588,威海中玻白玻优等品,001,白玻,4.5,3660,2440,0
00103587,威海中玻白玻优等品,001,白玻,4.5,3660,2250,0
00103586,威海中玻白玻优等品,001,白玻,4.5,3300,2440,0
00103585,威海中玻白玻优等,001,白玻,5,3660,2680,0
00103584,威海中玻白玻一等品,001,白玻,6,3660,2680,0
00103583,威海中玻白玻一等品,001,白玻,6,3660,2440,0
00103582,威海中玻白玻一等品,001,白玻,6,3660,2140,0
00103581,威海中玻白玻一等品,001,白玻,6,3300,2680,0
00103580,威海中玻白玻一等品,001,白玻,6,3300,2440,0
00103579,威海中玻白玻一等品,001,白玻,6,3300,2140,0
00103578,威海中玻白玻一等品,001,白玻,6,2680,1830,0
00103577,威海中玻白玻一等品,001,白玻,5,3660,2440,0
00103576,威海中玻白玻一等品,001,白玻,5,3660,2200,0
00103575,威海中玻白玻一等品,001,白玻,5,3660,2140,0
00103574,威海中玻白玻一等品,001,白玻,5,3300,2680,0
00103573,威海中玻白玻一等品,001,白玻,5,3300,2440,0
00103572,威海中玻白玻一等品,001,白玻,4.5,3660,2680,0
00103571,威海中玻白玻一等品,001,白玻,4.5,3660,2440,0
00103570,威海中玻白玻一等品,001,白玻,4.5,3660,2250,0
00103569,威海中玻白玻一等品,001,白玻,4.5,3660,2140,0
00103568,威海中玻白玻普通级,001,白玻,6,3660,2680,0
00103567,威海中玻白玻普通级,001,白玻,6,3660,2440,0
00103566,威海中玻白玻普通级,001,白玻,6,3300,2680,0
00103565,威海中玻白玻普通级,001,白玻,5,3660,2680,0
00103564,威海中玻白玻普通级,001,白玻,5,3660,2440,0
00103563,威海中玻白玻合格品,001,白玻,5,3660,2440,0
00103562,威海中玻白玻合格品,001,白玻,4.5,3300,2680,0
00103561,威海中玻白玻合格品,001,白玻,4.5,3300,2440,0
00103560,威海中玻白玻合格品,001,白玻,4.5,3300,2250,0
00103559,天津中玻等外品,001,白玻,5,3660,2440,0.2
00103558,天津中玻等外品,001,白玻,5,3300,2440,0.2
00103557,天津信义一等品WS级,001,白玻,12,4880,3300,0
00103556,天津信义一等品WS级,001,白玻,12,4880,3050,0
00103555,天津信义一等品WS级,001,白玻,12,4880,2600,0
00103554,天津信义一等品WS级,001,白玻,12,4880,2440,0
00103553,天津信义一等品WS级,001,白玻,12,3660,2440,0
00103552,天津信义一等品WS级,001,白玻,10,4880,3300,0
00103551,天津信义一等品WS级,001,白玻,10,3660,2440,0
00103550,天津信义一等品WS级,001,白玻,8,4880,3300,0
00103549,天津信义一等品WS级,001,白玻,8,4880,2800,0
00103548,天津信义一等品WS级,001,白玻,8,4880,2600,0
00103547,天津信义一等品WS级,001,白玻,8,4880,2448,0
00103546,天津信义一等品WS级,001,白玻,8,4880,2440,0
00103545,天津信义一等品WS级,001,白玻,6,3300,2740,0
00103544,天津信义一等品,001,白玻,12,5500,3300,0
00103543,天津信义一等品,001,白玻,12,4880,3300,0
00103542,天津信义一等品,001,白玻,12,4880,2440,0
00103541,天津信义一等品,001,白玻,12,4880,2140,0
00103540,天津信义一等品,001,白玻,12,4580,3300,0
00103539,天津信义一等品,001,白玻,12,4580,3050,0
00103538,天津信义一等品,001,白玻,12,4580,2800,0
00103537,天津信义一等品,001,白玻,12,4580,2440,0
00103536,天津信义一等品,001,白玻,12,3660,2740,0
00103535,天津信义一等品,001,白玻,12,3660,2440,0
00103534,天津信义一等品,001,白玻,12,3660,2250,0
00103533,天津信义一等品,001,白玻,12,3660,2140,0
00103532,天津信义一等品,001,白玻,12,3300,2140,0
00103531,天津信义一等品,001,白玻,12,3300,2080,0
00103530,天津信义一等品,001,白玻,12,3050,2440,0
00103529,天津信义一等品,001,白玻,12,3050,2140,0
00103528,天津信义一等品,001,白玻,10,5200,3050,0
00103527,天津信义一等品,001,白玻,10,4880,3300,0
00103526,天津信义一等品,001,白玻,10,4880,3050,0
00103525,天津信义一等品,001,白玻,10,4880,3030,0
00103524,天津信义一等品,001,白玻,10,4880,2500,0
00103523,天津信义一等品,001,白玻,10,4880,2440,0
00103522,天津信义一等品,001,白玻,10,4880,2140,0
00103521,天津信义一等品,001,白玻,10,4870,2740,0
00103520,天津信义一等品,001,白玻,10,4580,3300,0
00103519,天津信义一等品,001,白玻,10,4580,3050,0
00103518,天津信义一等品,001,白玻,10,4580,2530,0
00103517,天津信义一等品,001,白玻,10,4580,2100,0
00103516,天津信义一等品,001,白玻,10,4575,2580,0
00103515,天津信义一等品,001,白玻,10,3660,2440,0
00103514,天津信义一等品,001,白玻,10,3660,2140,0
00103513,天津信义一等品,001,白玻,10,3300,2740,0
00103512,天津信义一等品,001,白玻,10,3300,2440,0
00103511,天津信义一等品,001,白玻,10,3300,2290,0
00103510,天津信义一等品,001,白玻,10,3300,2140,0
00103509,天津信义一等品,001,白玻,10,3050,2740,0
00103508,天津信义一等品,001,白玻,8,4880,3300,0
00103507,天津信义一等品,001,白玻,8,4880,3050,0
00103506,天津信义一等品,001,白玻,8,4880,2530,0
00103505,天津信义一等品,001,白玻,8,4880,2440,0
00103504,天津信义一等品,001,白玻,8,4880,2250,0
00103503,天津信义一等品,001,白玻,8,4580,3300,0
00103502,天津信义一等品,001,白玻,8,4580,3050,0
00103501,天津信义一等品,001,白玻,8,4580,2620,0
00103500,天津信义一等品,001,白玻,8,4580,2530,0
00103499,天津信义一等品,001,白玻,8,4580,2440,0
00103498,天津信义一等品,001,白玻,8,4280,3050,0
00103497,天津信义一等品,001,白玻,8,4280,2600,0
00103496,天津信义一等品,001,白玻,8,4280,2440,0
00103495,天津信义一等品,001,白玻,8,4280,2140,0
00103494,天津信义一等品,001,白玻,8,3660,2740,0
00103493,天津信义一等品,001,白玻,8,3660,2440,0
00103492,天津信义一等品,001,白玻,8,3660,2230,0
00103491,天津信义一等品,001,白玻,8,3660,2140,0
00103490,天津信义一等品,001,白玻,8,3300,2740,0
00103489,天津信义一等品,001,白玻,8,3300,2600,0
00103488,天津信义一等品,001,白玻,8,3300,2440,0
00103487,天津信义一等品,001,白玻,8,3300,2140,0
00103486,天津信义一等品,001,白玻,8,3050,3030,0
00103485,天津信义一等品,001,白玻,8,3050,2740,0
00103484,天津信义一等品,001,白玻,8,3050,2440,0
00103483,天津信义一等品,001,白玻,8,3050,2140,0
00103482,天津信义一等品,001,白玻,7.2,3660,2440,0.2
00103481,天津信义一等品,001,白玻,6,4880,3300,0
00103480,天津信义一等品,001,白玻,6,4880,3050,0
00103479,天津信义一等品,001,白玻,6,4880,2740,0
00103478,天津信义一等品,001,白玻,6,4880,2440,0
00103477,天津信义一等品,001,白玻,6,4580,2800,0
00103476,天津信义一等品,001,白玻,6,3660,3300,0
00103475,天津信义一等品,001,白玻,6,3660,2800,0
00103474,天津信义一等品,001,白玻,6,3660,2740,0
00103473,天津信义一等品,001,白玻,6,3660,2500,0
00103472,天津信义一等品,001,白玻,6,3660,2440,0
00103471,天津信义一等品,001,白玻,6,3660,2290,0
00103470,天津信义一等品,001,白玻,6,3660,2280,0
00103469,天津信义一等品,001,白玻,6,3660,2250,0
00103468,天津信义一等品,001,白玻,6,3660,2140,0
00103467,天津信义一等品,001,白玻,6,3300,2800,0
00103466,天津信义一等品,001,白玻,6,3300,2740,0
00103465,天津信义一等品,001,白玻,6,3300,2280,0
00103464,天津信义一等品,001,白玻,6,3300,2140,0
00103463,天津信义一等品,001,白玻,6,3050,2740,0
00103462,天津信义一等品,001,白玻,6,3050,2440,0
00103461,天津信义一等品,001,白玻,5,3660,2740,0
00103460,天津信义一等品,001,白玻,5,3660,2440,0
00103459,天津信义一等品,001,白玻,5,3660,2140,0
00103458,天津信义一等品,001,白玻,5,3300,2740,0
00103457,天津信义一等品,001,白玻,5,3300,2440,0
00103456,天津信义一等品,001,白玻,5,3300,2140,0
00103455,天津信义一等品,001,白玻,5,3050,2740,0
00103454,天津信义一等品,001,白玻,5,3050,2440,0
00103453,天津信义一等品,001,白玻,5,3050,2140,0
00103452,天津信义一等品,001,白玻,4,3660,2440,0
00103451,天津信义一等品,001,白玻,3,3660,2140,0
00103450,天津信义一等品,001,白玻,3.2,3300,2140,0
00103449,天津信义协议品,001,白玻,5,3660,2440,0.2
00103448,天津信义协议品,001,白玻,5,3660,2140,0.2
00103447,天津信义白玻建筑级,001,白玻,5,3300,2440,0
00103446,天津信义白玻VP级,001,白玻,5,3660,2440,0.2
00103445,天津信义白玻PT级,001,白玻,8,3300,2440,0
00103444,天津台玻超白建筑级,001,白玻,10,3300,2440,0
00103443,天津南玻普白SUPER1,001,白玻,5,3660,2530,0
00103442,天津南玻白玻优等品,001,白玻,12,3660,2440,0
00103441,滕州金晶一等品,001,白玻,12,4880,3300,0
00103440,滕州金晶一等品,001,白玻,12,4880,2600,0
00103439,滕州金晶一等品,001,白玻,12,3660,2440,0
00103438,滕州金晶一等品,001,白玻,12,3300,2800,0
00103437,滕州金晶一等品,001,白玻,10,4880,2600,0
00103436,滕州金晶一等品,001,白玻,10,3660,2440,0
00103435,滕州金晶一等品,001,白玻,8,4580,3300,0
00103434,滕州金晶一等品,001,白玻,8,3660,2800,0
00103433,滕州金晶一等品,001,白玻,8,3660,2740,0
00103432,滕州金晶一等品,001,白玻,8,3660,2600,0
00103431,滕州金晶一等品,001,白玻,8,3660,2440,0
00103430,滕州金晶一等品,001,白玻,8,3660,2250,0
00103429,滕州金晶一等品,001,白玻,8,3660,2140,0
00103428,滕州金晶一等品,001,白玻,8,3300,2800,0
00103427,滕州金晶一等品,001,白玻,7.5,3660,2440,0
00103426,滕州金晶一等品,001,白玻,7.2,3660,2250,0
00103425,滕州金晶一等品,001,白玻,6,4880,2206,0
00103424,滕州金晶一等品,001,白玻,6,3660,2800,0
00103423,滕州金晶一等品,001,白玻,6,3660,2600,0
00103422,滕州金晶一等品,001,白玻,6,3660,2440,0
00103421,滕州金晶一等品,001,白玻,6,3660,2280,0
00103420,滕州金晶一等品,001,白玻,6,3660,2250,0
00103419,滕州金晶一等品,001,白玻,6,3660,2140,0
00103418,滕州金晶一等品,001,白玻,6,3660,2134,0
00103417,滕州金晶一等品,001,白玻,6,3300,2600,0
00103416,滕州金晶一等品,001,白玻,6,3300,2440,0
00103415,滕州金晶一等品,001,白玻,6,3300,2140,0
00103414,滕州金晶一等品,001,白玻,6,2440,1830,0
00103413,滕州金晶一等品,001,白玻,5,3660,2800,0
00103412,滕州金晶一等品,001,白玻,5,3660,2700,0
00103411,滕州金晶一等品,001,白玻,5,3660,2600,0
00103410,滕州金晶一等品,001,白玻,5,3660,2440,0
00103409,滕州金晶一等品,001,白玻,5,3660,2250,0
00103408,滕州金晶一等品,001,白玻,5,3660,2140,0
00103407,滕州金晶一等品,001,白玻,5,3300,2800,0
00103406,滕州金晶一等品,001,白玻,5,3300,2600,0
00103405,滕州金晶一等品,001,白玻,5,3300,2440,0
00103404,滕州金晶一等品,001,白玻,5,3300,2250,0
00103403,滕州金晶一等品,001,白玻,5,2440,1830,0
00103402,滕州金晶一等品,001,白玻,4.9,3660,2800,0
00103401,滕州金晶一等品,001,白玻,4.9,3660,2740,0
00103400,滕州金晶一等品,001,白玻,4.9,3660,2600,0
00103399,滕州金晶一等品,001,白玻,4.9,3660,2440,0
00103398,滕州金晶一等品,001,白玻,4.9,3660,2250,0
00103397,滕州金晶一等品,001,白玻,4.9,3660,2140,0
00103396,滕州金晶一等品,001,白玻,4.9,3660,2134,0
00103395,滕州金晶一等品,001,白玻,4.5,3660,2440,0
00103394,滕州金晶一等品,001,白玻,4.5,3660,2140,0
00103393,滕州金晶一等品,001,白玻,4.5,3660,2134,0
00103392,滕州金晶一等品,001,白玻,4.5,2440,2000,0
00103391,滕州金晶一等品,001,白玻,4.5,2440,1830,0
00103390,滕州金晶一等品,001,白玻,4.3,3660,2440,0
00103389,滕州金晶一等品,001,白玻,4.3,3660,2250,0
00103388,滕州金晶一等品,001,白玻,4,3660,2440,0
00103387,滕州金晶一等品,001,白玻,4,3300,2440,0
00103386,滕州金晶一等品,001,白玻,3.9,3660,2550,0
00103385,滕州金晶一等品,001,白玻,3.9,3660,2440,0
00103384,滕州金晶一等品,001,白玻,3.9,3660,2250,0
00103383,滕州金晶一等品,001,白玻,3.9,3020,2720,0
00103382,滕州金晶一等品,001,白玻,3.9,1980,1970,0
00103381,滕州金晶一等品,001,白玻,3.6,2440,2000,0
00103380,滕州金晶一等品,001,白玻,3.6,2440,1830,0
00103379,滕州金晶一等品,001,白玻,3.6,2440,1650,0
00103378,滕州金晶一等品,001,白玻,3.4,3660,2440,0
00103377,滕州金晶一等品,001,白玻,3.4,3660,2250,0
00103376,滕州金晶汽车级,001,白玻,10,3300,2800,0
00103375,滕州金晶汽车级,001,白玻,8,4580,2146,0
00103374,滕州金晶汽车级,001,白玻,8,3660,2440,0
00103373,滕州金晶汽车级,001,白玻,8,3300,2440,0
00103372,滕州金晶汽车级,001,白玻,6,3660,2146,0
00103371,滕州金晶汽车级,001,白玻,6,3300,2146,0
00103370,滕州金晶汽车级,001,白玻,6,3660,2440,0.2
00103369,滕州金晶汽车级,001,白玻,5,3660,2440,0.2
00103368,滕州金晶建筑级,001,白玻,12,3660,2440,0
00103367,滕州金晶建筑级,001,白玻,12,3660,2140,0
00103366,滕州金晶建筑级,001,白玻,10,3660,2440,0
00103365,滕州金晶建筑级,001,白玻,8,3660,2800,0
00103364,滕州金晶建筑级,001,白玻,8,3660,2740,0
00103363,滕州金晶建筑级,001,白玻,8,3660,2600,0
00103362,滕州金晶建筑级,001,白玻,8,3660,2440,0
00103361,滕州金晶建筑级,001,白玻,8,3660,2250,0
00103360,滕州金晶建筑级,001,白玻,8,3660,2140,0
00103359,滕州金晶建筑级,001,白玻,7.7,3660,2440,0
00103358,滕州金晶建筑级,001,白玻,7,3660,2440,0.2
00103357,滕州金晶建筑级,001,白玻,6,3660,2800,0
00103356,滕州金晶建筑级,001,白玻,6,3660,2600,0
00103355,滕州金晶建筑级,001,白玻,6,3660,2550,0
00103354,滕州金晶建筑级,001,白玻,6,3660,2540,0
00103353,滕州金晶建筑级,001,白玻,6,3660,2500,0
00103352,滕州金晶建筑级,001,白玻,6,3660,2440,0
00103351,滕州金晶建筑级,001,白玻,6,3660,2280,0
00103350,滕州金晶建筑级,001,白玻,6,3660,2250,0
00103349,滕州金晶建筑级,001,白玻,6,3660,2140,0
00103348,滕州金晶建筑级,001,白玻,6,3300,2600,0
00103347,滕州金晶建筑级,001,白玻,6,3300,2500,0
00103346,滕州金晶建筑级,001,白玻,6,3300,2440,0
00103345,滕州金晶建筑级,001,白玻,6,3300,2280,0
00103344,滕州金晶建筑级,001,白玻,5,3660,2440,0
00103343,滕州金晶建筑级,001,白玻,5,2440,1830,0.2
00103342,滕州金晶建筑级,001,白玻,4.5,3660,2440,0
00103341,滕州金晶建筑级,001,白玻,4.3,3660,2440,0
00103340,滕州金晶建筑级,001,白玻,4,3660,2440,0
00103339,滕州金晶建筑级,001,白玻,3.9,3660,2550,0
00103338,滕州金晶建筑级,001,白玻,3.9,3660,2460,0
00103337,滕州金晶建筑级,001,白玻,3.9,3660,2440,0
00103336,滕州金晶建筑级,001,白玻,3.9,3660,2250,0
00103335,滕州金晶建筑级,001,白玻,3.9,3660,2140,0
00103334,滕州金晶建筑级,001,白玻,3.9,3300,2550,0
00103333,滕州金晶建筑级,001,白玻,3.9,3300,2250,0
00103332,滕州金晶建筑级,001,白玻,3.9,3300,2140,0
00103331,滕州金晶建筑级,001,白玻,3.9,3020,2720,0
00103330,滕州金晶建筑级,001,白玻,3.9,2440,2000,0
00103329,滕州金晶建筑级,001,白玻,3.9,1980,1970,0
00103328,滕州金晶建筑级,001,白玻,3.6,2440,2000,0
00103327,滕州金晶建筑级,001,白玻,3.6,2440,1830,0
00103326,滕州金晶建筑级,001,白玻,3.4,3660,2440,0
00103325,滕州金晶建筑级,001,白玻,3.2,2300,1860,0
00103324,滕州金晶混装品,001,白玻,4.9,3660,2440,0
00103323,滕州金晶合格品,001,白玻,7.5,3660,2600,0
00103322,滕州金晶合格品,001,白玻,7.5,3660,2440,0
00103321,滕州金晶合格品,001,白玻,6,3660,2440,0
00103320,滕州金晶合格品,001,白玻,6,3660,2140,0
00103319,滕州金晶合格品,001,白玻,5,3660,2800,0
00103318,滕州金晶合格品,001,白玻,5,3660,2700,0
00103317,滕州金晶合格品,001,白玻,5,3660,2630,0
00103316,滕州金晶合格品,001,白玻,5,3660,2600,0
00103315,滕州金晶合格品,001,白玻,5,3660,2440,0
00103314,滕州金晶合格品,001,白玻,5,3660,2280,0
00103313,滕州金晶合格品,001,白玻,5,3660,2250,0
00103312,滕州金晶合格品,001,白玻,5,3660,2140,0
00103311,滕州金晶合格品,001,白玻,5,3300,2600,0
00103310,滕州金晶合格品,001,白玻,5,3300,2440,0
00103309,滕州金晶合格品,001,白玻,4.9,3660,2800,0
00103308,滕州金晶合格品,001,白玻,4.9,3660,2600,0
00103307,滕州金晶合格品,001,白玻,4.9,3660,2440,0
00103306,滕州金晶合格品,001,白玻,4.9,3660,2250,0
00103305,滕州金晶合格品,001,白玻,4.9,3660,2134,0
00103304,滕州金晶合格品,001,白玻,4.5,3660,2600,0
00103303,滕州金晶合格品,001,白玻,4.5,3660,2440,0
00103302,滕州金晶合格品,001,白玻,4.5,3660,2250,0
00103301,滕州金晶合格品,001,白玻,4.5,3660,2140,0
00103300,滕州金晶合格品,001,白玻,4.5,3660,2134,0
00103299,滕州金晶合格品,001,白玻,4.5,2440,2000,0
00103298,滕州金晶合格品,001,白玻,4.3,3660,2440,0
00103297,滕州金晶合格品,001,白玻,4,3660,2440,0
00103296,滕州金晶合格品,001,白玻,3.4,3660,2440,0
00103295,滕州金晶合格品,001,白玻,3.4,3660,2250,0
00103294,滕州金晶白玻制镜级,001,白玻,12,4880,3300,0
00103293,滕州金晶白玻制镜级,001,白玻,12,3660,2440,0
00103292,滕州金晶白玻制镜级,001,白玻,10,4880,2600,0
00103291,滕州金晶白玻制镜级,001,白玻,10,3660,2800,0
00103290,滕州金晶白玻制镜级,001,白玻,10,3660,2600,0
00103289,滕州金晶白玻制镜级,001,白玻,10,3660,2440,0
00103288,滕州金晶白玻制镜级,001,白玻,8,4580,2440,0
00103287,滕州金晶白玻制镜级,001,白玻,8,3660,2800,0
00103286,滕州金晶白玻制镜级,001,白玻,8,3660,2440,0
00103285,滕州金晶白玻制镜级,001,白玻,8,3660,2250,0
00103284,滕州金晶白玻制镜级,001,白玻,8,3660,2140,0
00103283,滕州金晶白玻制镜级,001,白玻,8,3300,2140,0
00103282,滕州金晶白玻制镜级,001,白玻,6,3660,2440,0
00103281,滕州金晶白玻制镜级,001,白玻,5,3660,2440,0
00103280,滕州金晶白玻制镜级,001,白玻,5,3300,2140,0
00103279,滕州金晶白玻汽车级,001,白玻,12,4880,3300,0
00103278,滕州金晶白玻汽车级,001,白玻,12,4880,2600,0
00103277,滕州金晶白玻汽车级,001,白玻,12,3660,2440,0
00103276,滕州金晶白玻汽车级,001,白玻,12,3300,2800,0
00103275,滕州金晶白玻汽车级,001,白玻,10,4880,2600,0
00103274,滕州金晶白玻汽车级,001,白玻,10,3660,2440,0
00103273,滕州金晶白玻汽车级,001,白玻,10,3300,2800,0
00103272,滕州金晶白玻汽车级,001,白玻,8,4580,3300,0
00103271,滕州金晶白玻汽车级,001,白玻,8,4580,2146,0
00103270,滕州金晶白玻汽车级,001,白玻,8,3660,2800,0
00103269,滕州金晶白玻汽车级,001,白玻,8,3660,2740,0
00103268,滕州金晶白玻汽车级,001,白玻,8,3660,2600,0
00103267,滕州金晶白玻汽车级,001,白玻,8,3660,2440,0
00103266,滕州金晶白玻汽车级,001,白玻,8,3660,2250,0
00103265,滕州金晶白玻汽车级,001,白玻,8,3660,2140,0
00103264,滕州金晶白玻汽车级,001,白玻,8,3300,2800,0
00103263,滕州金晶白玻汽车级,001,白玻,8,3300,2440,0
00103262,滕州金晶白玻汽车级,001,白玻,7.5,3660,2440,0
00103261,滕州金晶白玻汽车级,001,白玻,7.2,3660,2250,0
00103260,滕州金晶白玻汽车级,001,白玻,6,4880,2206,0
00103259,滕州金晶白玻汽车级,001,白玻,6,3660,2800,0
00103258,滕州金晶白玻汽车级,001,白玻,6,3660,2600,0
00103257,滕州金晶白玻汽车级,001,白玻,6,3660,2440,0
00103256,滕州金晶白玻汽车级,001,白玻,6,3660,2280,0
00103255,滕州金晶白玻汽车级,001,白玻,6,3660,2250,0
00103254,滕州金晶白玻汽车级,001,白玻,6,3660,2146,0
00103253,滕州金晶白玻汽车级,001,白玻,6,3660,2140,0
00103252,滕州金晶白玻汽车级,001,白玻,6,3660,2134,0
00103251,滕州金晶白玻汽车级,001,白玻,6,3300,2600,0
00103250,滕州金晶白玻汽车级,001,白玻,6,3300,2440,0
00103249,滕州金晶白玻汽车级,001,白玻,6,3300,2146,0
00103248,滕州金晶白玻汽车级,001,白玻,6,3300,2140,0
00103247,滕州金晶白玻汽车级,001,白玻,6,2440,1830,0
00103246,滕州金晶白玻汽车级,001,白玻,5,3660,2800,0
00103245,滕州金晶白玻汽车级,001,白玻,5,3660,2700,0
00103244,滕州金晶白玻汽车级,001,白玻,5,3660,2600,0
00103243,滕州金晶白玻汽车级,001,白玻,5,3660,2440,0
00103242,滕州金晶白玻汽车级,001,白玻,5,3660,2250,0
00103241,滕州金晶白玻汽车级,001,白玻,5,3660,2140,0
00103240,滕州金晶白玻汽车级,001,白玻,5,3300,2800,0
00103239,滕州金晶白玻汽车级,001,白玻,5,3300,2600,0
00103238,滕州金晶白玻汽车级,001,白玻,5,3300,2440,0
00103237,滕州金晶白玻汽车级,001,白玻,5,3300,2250,0
00103236,滕州金晶白玻汽车级,001,白玻,5,2440,1830,0
00103235,滕州金晶白玻汽车级,001,白玻,4.9,3660,2800,0
00103234,滕州金晶白玻汽车级,001,白玻,4.9,3660,2740,0
00103233,滕州金晶白玻汽车级,001,白玻,4.9,3660,2600,0
00103232,滕州金晶白玻汽车级,001,白玻,4.9,3660,2440,0
00103231,滕州金晶白玻汽车级,001,白玻,4.9,3660,2250,0
00103230,滕州金晶白玻汽车级,001,白玻,4.9,3660,2140,0
00103229,滕州金晶白玻汽车级,001,白玻,4.9,3660,2134,0
00103228,滕州金晶白玻汽车级,001,白玻,4.5,3660,2440,0
00103227,滕州金晶白玻汽车级,001,白玻,4.5,3660,2140,0
00103226,滕州金晶白玻汽车级,001,白玻,4.5,3660,2134,0
00103225,滕州金晶白玻汽车级,001,白玻,4.5,2440,2000,0
00103224,滕州金晶白玻汽车级,001,白玻,4.5,2440,1830,0
00103223,滕州金晶白玻汽车级,001,白玻,4.3,3660,2440,0
00103222,滕州金晶白玻汽车级,001,白玻,4.3,3660,2250,0
00103221,滕州金晶白玻汽车级,001,白玻,4,3660,2440,0
00103220,滕州金晶白玻汽车级,001,白玻,4,3300,2440,0
00103219,滕州金晶白玻汽车级,001,白玻,3.9,3660,2550,0
00103218,滕州金晶白玻汽车级,001,白玻,3.9,3660,2440,0
00103217,滕州金晶白玻汽车级,001,白玻,3.9,3660,2250,0
00103216,滕州金晶白玻汽车级,001,白玻,3.9,3020,2720,0
00103215,滕州金晶白玻汽车级,001,白玻,3.9,1980,1970,0
00103214,滕州金晶白玻汽车级,001,白玻,3.6,2440,2000,0
00103213,滕州金晶白玻汽车级,001,白玻,3.6,2440,1830,0
00103212,滕州金晶白玻汽车级,001,白玻,3.6,2440,1650,0
00103211,滕州金晶白玻汽车级,001,白玻,3.4,3660,2440,0
00103210,滕州金晶白玻汽车级,001,白玻,3.4,3660,2250,0
00103209,滕州金晶白玻建筑级,001,白玻,12,3660,2440,0
00103208,滕州金晶白玻建筑级,001,白玻,12,3660,2140,0
00103207,滕州金晶白玻建筑级,001,白玻,10,3660,2440,0
00103206,滕州金晶白玻建筑级,001,白玻,8,3660,2800,0
00103205,滕州金晶白玻建筑级,001,白玻,8,3660,2740,0
00103204,滕州金晶白玻建筑级,001,白玻,8,3660,2600,0
00103203,滕州金晶白玻建筑级,001,白玻,8,3660,2440,0
00103202,滕州金晶白玻建筑级,001,白玻,8,3660,2250,0
00103201,滕州金晶白玻建筑级,001,白玻,8,3660,2140,0
00103200,滕州金晶白玻建筑级,001,白玻,7.7,3660,2440,0
00103199,滕州金晶白玻建筑级,001,白玻,7.5,3660,2600,0
00103198,滕州金晶白玻建筑级,001,白玻,7.5,3660,2440,0
00103197,滕州金晶白玻建筑级,001,白玻,7,3660,2440,0
00103196,滕州金晶白玻建筑级,001,白玻,6,3660,2800,0
00103195,滕州金晶白玻建筑级,001,白玻,6,3660,2600,0
00103194,滕州金晶白玻建筑级,001,白玻,6,3660,2550,0
00103193,滕州金晶白玻建筑级,001,白玻,6,3660,2540,0
00103192,滕州金晶白玻建筑级,001,白玻,6,3660,2500,0
00103191,滕州金晶白玻建筑级,001,白玻,6,3660,2440,0
00103190,滕州金晶白玻建筑级,001,白玻,6,3660,2280,0
00103189,滕州金晶白玻建筑级,001,白玻,6,3660,2250,0
00103188,滕州金晶白玻建筑级,001,白玻,6,3660,2140,0
00103187,滕州金晶白玻建筑级,001,白玻,6,3300,2600,0
00103186,滕州金晶白玻建筑级,001,白玻,6,3300,2500,0
00103185,滕州金晶白玻建筑级,001,白玻,6,3300,2440,0
00103184,滕州金晶白玻建筑级,001,白玻,6,3300,2280,0
00103183,滕州金晶白玻建筑级,001,白玻,5,3660,2800,0
00103182,滕州金晶白玻建筑级,001,白玻,5,3660,2700,0
00103181,滕州金晶白玻建筑级,001,白玻,5,3660,2630,0
00103180,滕州金晶白玻建筑级,001,白玻,5,3660,2600,0
00103179,滕州金晶白玻建筑级,001,白玻,5,3660,2440,0
00103178,滕州金晶白玻建筑级,001,白玻,5,3660,2280,0
00103177,滕州金晶白玻建筑级,001,白玻,5,3660,2250,0
00103176,滕州金晶白玻建筑级,001,白玻,5,3660,2140,0
00103175,滕州金晶白玻建筑级,001,白玻,5,3300,2600,0
00103174,滕州金晶白玻建筑级,001,白玻,5,3300,2440,0
00103173,滕州金晶白玻建筑级,001,白玻,5,2440,1830,0
00103172,滕州金晶白玻建筑级,001,白玻,4.9,3660,2800,0
00103171,滕州金晶白玻建筑级,001,白玻,4.9,3660,2600,0
00103170,滕州金晶白玻建筑级,001,白玻,4.9,3660,2440,0
00103169,滕州金晶白玻建筑级,001,白玻,4.9,3660,2250,0
00103168,滕州金晶白玻建筑级,001,白玻,4.9,3660,2134,0
00103167,滕州金晶白玻建筑级,001,白玻,4.5,3660,2600,0
00103166,滕州金晶白玻建筑级,001,白玻,4.5,3660,2440,0
00103165,滕州金晶白玻建筑级,001,白玻,4.5,3660,2250,0
00103164,滕州金晶白玻建筑级,001,白玻,4.5,3660,2140,0
00103163,滕州金晶白玻建筑级,001,白玻,4.5,3660,2134,0
00103162,滕州金晶白玻建筑级,001,白玻,4.5,2440,2000,0
00103161,滕州金晶白玻建筑级,001,白玻,4.3,3660,2440,0
00103160,滕州金晶白玻建筑级,001,白玻,4,3660,2440,0
00103159,滕州金晶白玻建筑级,001,白玻,3.9,3660,2550,0
00103158,滕州金晶白玻建筑级,001,白玻,3.9,3660,2460,0
00103157,滕州金晶白玻建筑级,001,白玻,3.9,3660,2440,0
00103156,滕州金晶白玻建筑级,001,白玻,3.9,3660,2250,0
00103155,滕州金晶白玻建筑级,001,白玻,3.9,3660,2140,0
00103154,滕州金晶白玻建筑级,001,白玻,3.9,3300,2550,0
00103153,滕州金晶白玻建筑级,001,白玻,3.9,3300,2250,0
00103152,滕州金晶白玻建筑级,001,白玻,3.9,3300,2140,0
00103151,滕州金晶白玻建筑级,001,白玻,3.9,3020,2720,0
00103150,滕州金晶白玻建筑级,001,白玻,3.9,2440,2000,0
00103149,滕州金晶白玻建筑级,001,白玻,3.9,1980,1970,0
00103148,滕州金晶白玻建筑级,001,白玻,3.6,2440,2000,0
00103147,滕州金晶白玻建筑级,001,白玻,3.6,2440,1830,0
00103146,滕州金晶白玻建筑级,001,白玻,3.4,3660,2440,0
00103145,滕州金晶白玻建筑级,001,白玻,3.4,3660,2250,0
00103144,滕州金晶白玻建筑级,001,白玻,3.2,2300,1860,0
00103143,宿迁中玻一等品,001,白玻,3.5,3660,2440,0
00103142,宿迁中玻一等品,001,白玻,3.5,3480,2330,0
00103141,宿迁中玻白玻优等品,001,白玻,2.5,2440,1900,0
00103140,宿迁中玻白玻合客户定制级,001,白玻,4,2440,1830,0
00103139,宿迁中玻白玻合格品,001,白玻,4,3660,2440,0
00103138,宿迁中玻白玻合格品,001,白玻,4,3400,2440,0
00103137,宿迁中玻一等品,001,白玻,4,3400,2400,0
00103136,双辽迎新优等制镜级,001,白玻,5,3660,2440,0
00103135,双辽迎新一等品,001,白玻,12,3660,2740,0
00103134,双辽迎新一等品,001,白玻,12,3660,2440,0
00103133,双辽迎新一等品,001,白玻,12,3660,2140,0
00103132,双辽迎新一等品,001,白玻,12,3300,2440,0
00103131,双辽迎新一等品,001,白玻,10,4580,2440,0
00103130,双辽迎新一等品,001,白玻,10,3660,2800,0
00103129,双辽迎新一等品,001,白玻,10,3660,2740,0
00103128,双辽迎新一等品,001,白玻,10,3660,2600,0
00103127,双辽迎新一等品,001,白玻,10,3660,2440,0
00103126,双辽迎新一等品,001,白玻,10,3660,2250,0
00103125,双辽迎新一等品,001,白玻,10,3660,2140,0
00103124,双辽迎新一等品,001,白玻,10,3300,2440,0
00103123,双辽迎新一等品,001,白玻,8,3660,2740,0
00103122,双辽迎新一等品,001,白玻,8,3660,2630,0
00103121,双辽迎新一等品,001,白玻,8,3660,2600,0
00103120,双辽迎新一等品,001,白玻,8,3660,2440,0
00103119,双辽迎新一等品,001,白玻,8,3660,2250,0
00103118,双辽迎新一等品,001,白玻,8,3660,2140,0
00103117,双辽迎新一等品,001,白玻,8,3300,2740,0
00103116,双辽迎新一等品,001,白玻,8,3300,2440,0
00103115,双辽迎新一等品,001,白玻,8,3300,2250,0
00103114,双辽迎新一等品,001,白玻,8,3300,2140,0
00103113,双辽迎新一等品,001,白玻,7.5,3660,2600,0
00103112,双辽迎新一等品,001,白玻,7.5,3660,2000,0
00103111,双辽迎新一等品,001,白玻,7.2,3660,2440,0
00103110,双辽迎新一等品,001,白玻,7,3660,2440,0
00103109,双辽迎新一等品,001,白玻,6.7,3660,2440,0
00103108,双辽迎新一等品,001,白玻,6,3660,2740,0
00103107,双辽迎新一等品,001,白玻,6,3660,2600,0
00103106,双辽迎新一等品,001,白玻,6,3660,2440,0
00103105,双辽迎新一等品,001,白玻,6,3660,2250,0
00103104,双辽迎新一等品,001,白玻,6,3660,2140,0
00103103,双辽迎新一等品,001,白玻,6,3300,2740,0
00103102,双辽迎新一等品,001,白玻,6,3300,2600,0
00103101,双辽迎新一等品,001,白玻,6,3300,2440,0
00103100,双辽迎新一等品,001,白玻,6,3300,2250,0
00103099,双辽迎新一等品,001,白玻,6,3300,2140,0
00103098,双辽迎新一等品,001,白玻,5,3660,2800,0
00103097,双辽迎新一等品,001,白玻,5,3660,2740,0
00103096,双辽迎新一等品,001,白玻,5,3660,2600,0
00103095,双辽迎新一等品,001,白玻,5,3660,2440,0
00103094,双辽迎新一等品,001,白玻,5,3660,2250,0
00103093,双辽迎新一等品,001,白玻,5,3660,2140,0
00103092,双辽迎新一等品,001,白玻,5,3300,2550,0
00103091,双辽迎新一等品,001,白玻,5,3300,2440,0
00103090,双辽迎新一等品,001,白玻,5,3300,2250,0
00103089,双辽迎新一等品,001,白玻,5,3300,2140,0
00103088,双辽迎新一等品,001,白玻,4.5,3660,2800,0
00103087,双辽迎新一等品,001,白玻,4.5,3660,2740,0
00103086,双辽迎新一等品,001,白玻,4.5,3660,2600,0
00103085,双辽迎新一等品,001,白玻,4.5,3660,2440,0
00103084,双辽迎新一等品,001,白玻,4.5,3660,2140,0
00103083,双辽迎新一等品,001,白玻,4.5,2440,2000,0
00103082,双辽迎新一等品,001,白玻,4.3,3660,2740,0
00103081,双辽迎新一等品,001,白玻,4.3,3660,2440,0
00103080,双辽迎新一等品,001,白玻,4.2,2440,2000,0
00103079,双辽迎新一等品,001,白玻,4,3660,2800,0
00103078,双辽迎新一等品,001,白玻,4,3660,2740,0
00103077,双辽迎新一等品,001,白玻,4,3660,2600,0
00103076,双辽迎新一等品,001,白玻,4,3660,2440,0
00103075,双辽迎新一等品,001,白玻,4,3660,2250,0
00103074,双辽迎新一等品,001,白玻,4,3660,2140,0
00103073,双辽迎新一等品,001,白玻,4,3660,1900,0
00103072,双辽迎新一等品,001,白玻,4,3300,2440,0
00103071,双辽迎新一等品,001,白玻,4,3300,2250,0
00103070,双辽迎新一等品,001,白玻,4,3300,2140,0
00103069,双辽迎新一等品,001,白玻,4,2440,2000,0
00103068,双辽迎新一等品,001,白玻,4,2440,1830,0
00103067,双辽迎新一等品,001,白玻,4,2200,1650,0
00103066,双辽迎新一等品,001,白玻,4,2200,1370,0
00103065,双辽迎新一等品,001,白玻,3.5,2440,2000,0
00103064,双辽迎新一等品,001,白玻,3.2,3660,2440,0
00103063,双辽迎新一等品,001,白玻,3,3660,2440,0
00103062,双辽迎新一等品,001,白玻,3,2440,2000,0
00103061,双辽迎新一等品,001,白玻,3,2440,1830,0
00103060,双辽迎新一等品,001,白玻,2.9,2600,1830,0
00103059,双辽迎新一等品,001,白玻,2.9,2440,1830,0
00103058,双辽迎新一等品,001,白玻,2.5,2440,1830,0
00103057,双辽迎新一等品,001,白玻,2.3,2440,1830,0
00103056,双辽迎新一等品,001,白玻,2.3,2440,1700,0
00103055,双辽迎新一等品,001,白玻,1.9,1220,914,0
00103054,双辽迎新一等品,001,白玻,1.6,1626,2610,0
00103053,双辽迎新一等品,001,白玻,1.5,1220,914,0
00103052,双辽迎新一等品,001,白玻,1.4,914,1220,0
00103051,双辽迎新一等品,001,白玻,1.3,1220,9140,0
00103050,双辽迎新一等品,001,白玻,1.3,1220,914,0
00103049,双辽迎新一等品,001,白玻,1.2,1220,914,0
00103048,双辽迎新混装品,001,白玻,8,3660,2740,0
00103047,双辽迎新混装品,001,白玻,8,3660,2440,0
00103046,双辽迎新混装品,001,白玻,8,3300,2440,0
00103045,双辽迎新混装品,001,白玻,6.7,3660,2440,0
00103044,双辽迎新混装品,001,白玻,6.4,3600,2100,0
00103043,双辽迎新混装品,001,白玻,6,3660,2440,0
00103042,双辽迎新混装品,001,白玻,6,3600,2400,0
00103041,双辽迎新混装品,001,白玻,5,3660,2800,0
00103040,双辽迎新混装品,001,白玻,5,3660,2600,0
00103039,双辽迎新混装品,001,白玻,5,3660,2440,0
00103038,双辽迎新混装品,001,白玻,4.5,3660,2740,0
00103037,双辽迎新合格品,001,白玻,12,3660,2740,0
00103036,双辽迎新合格品,001,白玻,12,3660,2440,0
00103035,双辽迎新合格品,001,白玻,10,3660,2740,0
00103034,双辽迎新合格品,001,白玻,10,3660,2440,0
00103033,双辽迎新合格品,001,白玻,10,3660,2140,0
00103032,双辽迎新合格品,001,白玻,8,3660,2740,0
00103031,双辽迎新合格品,001,白玻,8,3660,2440,0
00103030,双辽迎新合格品,001,白玻,8,3660,2140,0
00103029,双辽迎新合格品,001,白玻,8,3300,2550,0
00103028,双辽迎新合格品,001,白玻,8,3300,2440,0
00103027,双辽迎新合格品,001,白玻,8,3300,2250,0
00103026,双辽迎新合格品,001,白玻,8,3300,2140,0
00103025,双辽迎新合格品,001,白玻,6,3660,2740,0
00103024,双辽迎新合格品,001,白玻,6,3660,2440,0
00103023,双辽迎新合格品,001,白玻,6,3660,2250,0
00103022,双辽迎新合格品,001,白玻,6,3660,2140,0
00103021,双辽迎新合格品,001,白玻,5,3660,2800,0
00103020,双辽迎新合格品,001,白玻,5,3660,2740,0
00103019,双辽迎新合格品,001,白玻,5,3660,2600,0
00103018,双辽迎新合格品,001,白玻,5,3660,2440,0
00103017,双辽迎新合格品,001,白玻,5,3660,2250,0
00103016,双辽迎新合格品,001,白玻,5,3660,2140,0
00103015,双辽迎新合格品,001,白玻,4.5,3660,2740,0
00103014,双辽迎新合格品,001,白玻,4.5,3660,2600,0
00103013,双辽迎新合格品,001,白玻,4.5,3660,2440,0
00103012,双辽迎新合格品,001,白玻,4.3,3660,2440,0
00103011,双辽迎新合格品,001,白玻,4,3660,2440,0
00103010,双辽迎新合格品,001,白玻,4,3660,2140,0
00103009,双辽迎新合格品,001,白玻,4,2440,2000,0
00103008,双辽迎新合格品,001,白玻,4,2440,1830,0
00103007,双辽迎新合格品,001,白玻,4,2200,1650,0
00103006,双辽迎新合格品,001,白玻,4,2000,1500,0
00103005,双辽迎新合格品,001,白玻,2.3,2440,1830,0
00103004,双辽迎新合格品,001,白玻,2.3,2440,1700,0
00103003,双辽迎新合格品,001,白玻,1.9,1220,914,0
00103002,双辽迎新合格品,001,白玻,1.6,1626,2610,0
00103001,双辽迎新合格品,001,白玻,1.2,1220,914,0
00103000,双辽迎新过渡品,001,白玻,8,3660,2140,0
00102999,双辽合格品过渡,001,白玻,8,3660,2440,0
00102998,寿光光耀优质加工级,001,白玻,5,2700,2100,0
00102997,寿光光耀优质加工级,001,白玻,5,2700,2000,0
00102996,寿光光耀优质加工级,001,白玻,5,2700,1900,0
00102995,寿光光耀优质加工级,001,白玻,5,2440,2000,0
00102994,寿光光耀优质加工级,001,白玻,5,2440,1900,0
00102993,寿光光耀优质加工级,001,白玻,4.8,2700,2000,0
00102992,寿光光耀优质加工级,001,白玻,4.8,2700,1900,0
00102991,寿光光耀优质加工级,001,白玻,4.8,2440,2000,0
00102990,寿光光耀优质加工级,001,白玻,4.8,2440,1900,0
00102989,寿光光耀优质加工级,001,白玻,4.8,2440,1830,0
00102988,寿光光耀优质加工级,001,白玻,4.5,2700,2100,0
00102987,寿光光耀优质加工级,001,白玻,4.5,2700,2000,0
00102986,寿光光耀优质加工级,001,白玻,4.5,2700,1900,0
00102985,寿光光耀优质加工级,001,白玻,4.5,2440,2000,0
00102984,寿光光耀优质加工级,001,白玻,4.5,2440,1900,0
00102983,寿光光耀优质加工级,001,白玻,4.5,2440,1830,0
00102982,寿光光耀优质加工级,001,白玻,4.5,2200,2000,0
00102981,寿光光耀优质加工级,001,白玻,4.5,2200,1900,0
00102980,寿光光耀优质加工级,001,白玻,4.4,2440,2000,0
00102979,寿光光耀优质加工级,001,白玻,4.4,2440,1900,0
00102978,寿光光耀优质加工级,001,白玻,4.4,2440,1830,0
00102977,寿光光耀优质加工级,001,白玻,4.4,2200,2000,0
00102976,寿光光耀优质加工级,001,白玻,4.4,2200,1900,0
00102975,寿光光耀优质加工级,001,白玻,4.4,2200,1830,0
00102974,寿光光耀优质加工级,001,白玻,3.8,2700,2000,0
00102973,寿光光耀优质加工级,001,白玻,3.8,2700,1900,0
00102972,寿光光耀优质加工级,001,白玻,3.8,2440,2000,0
00102971,寿光光耀优质加工级,001,白玻,3.8,2440,1830,0
00102970,寿光光耀优质加工级,001,白玻,3.8,2200,2000,0
00102969,寿光光耀优质加工级,001,白玻,3.8,2200,1900,0
00102968,寿光光耀优质加工级,001,白玻,3.8,2200,1830,0
00102967,寿光光耀优质加工级,001,白玻,3.5,2440,2000,0
00102966,寿光光耀优质加工级,001,白玻,3.5,2440,1900,0
00102965,寿光光耀优质加工级,001,白玻,3.5,2440,1830,0.2
00102964,寿光光耀优质加工级,001,白玻,3.5,2200,1900,0
00102963,寿光光耀一等品,001,白玻,4.8,2700,2000,0
00102962,寿光光耀一等品,001,白玻,4.4,2440,2000,0
00102961,寿光光耀一等品,001,白玻,4.4,2440,1900,0
00102960,寿光光耀一等品,001,白玻,4.4,2200,2000,0
00102959,寿光光耀一等品,001,白玻,4.4,2200,1900,0
00102958,寿光光耀一等品,001,白玻,3.8,2440,2000,0
00102957,寿光光耀一等品,001,白玻,3.8,2440,1900,0
00102956,寿光光耀一等品,001,白玻,3.8,2440,1830,0
00102955,寿光光耀协议品,001,白玻,4.4,2440,2000,0
00102954,寿光光耀协议品,001,白玻,4.4,2440,1830,0
00102953,寿光光耀普通级-X,001,白玻,5,2700,2000,0
00102952,寿光光耀普通级-X,001,白玻,4.5,2440,2000,0
00102951,寿光光耀普通级-X,001,白玻,4.5,2440,1830,0
00102950,寿光光耀普通级-X,001,白玻,4.4,2440,1830,0
00102949,寿光光耀普通级-X,001,白玻,4.4,2200,1900,0
00102948,寿光光耀普通级-X,001,白玻,3.8,2440,2000,0
00102947,寿光光耀普通级-X,001,白玻,3.8,2440,1830,0
00102946,寿光光耀普通级-X,001,白玻,3,2140,1830,0
00102945,寿光光耀普通级,001,白玻,3.8,2440,1900,0
00102944,寿光光耀普通级,001,白玻,3.8,2440,1830,0
00102943,寿光光耀普通级,001,白玻,3.8,2200,2000,0
00102942,石家庄玉晶一等品,001,白玻,12,4880,3300,0.3
00102941,石家庄玉晶一等品,001,白玻,12,4880,2440,0.3
00102940,石家庄玉晶一等品,001,白玻,12,4880,2250,0.3
00102939,石家庄玉晶一等品,001,白玻,12,4880,2140,0.3
00102938,石家庄玉晶一等品,001,白玻,12,4880,1950,0.3
00102937,石家庄玉晶一等品,001,白玻,12,4580,3300,0.3
00102936,石家庄玉晶一等品,001,白玻,12,4580,2600,0.3
00102935,石家庄玉晶一等品,001,白玻,12,4580,2440,0.3
00102934,石家庄玉晶一等品,001,白玻,12,4580,2140,0.3
00102933,石家庄玉晶一等品,001,白玻,12,4280,3300,0.3
00102932,石家庄玉晶一等品,001,白玻,12,4280,2800,0.3
00102931,石家庄玉晶一等品,001,白玻,12,4280,2600,0.3
00102930,石家庄玉晶一等品,001,白玻,12,4280,2440,0.3
00102929,石家庄玉晶一等品,001,白玻,12,4280,2140,0.3
00102928,石家庄玉晶一等品,001,白玻,12,4200,2800,0.3
00102927,石家庄玉晶一等品,001,白玻,12,4200,2140,0.3
00102926,石家庄玉晶一等品,001,白玻,12,4000,2800,0.3
00102925,石家庄玉晶一等品,001,白玻,12,4000,2440,0.3
00102924,石家庄玉晶一等品,001,白玻,12,4000,2140,0.3
00102923,石家庄玉晶一等品,001,白玻,12,3660,2800,0.3
00102922,石家庄玉晶一等品,001,白玻,12,3660,2740,0.3
00102921,石家庄玉晶一等品,001,白玻,12,3660,2600,0.3
00102920,石家庄玉晶一等品,001,白玻,12,3660,2440,0.3
00102919,石家庄玉晶一等品,001,白玻,12,3660,2250,0.3
00102918,石家庄玉晶一等品,001,白玻,12,3660,2140,0.3
00102917,石家庄玉晶一等品,001,白玻,12,3300,4880,0.3
00102916,石家庄玉晶一等品,001,白玻,12,3300,4580,0.3
00102915,石家庄玉晶一等品,001,白玻,12,3300,2440,0.3
00102914,石家庄玉晶一等品,001,白玻,12,3050,4880,0.3
00102913,石家庄玉晶一等品,001,白玻,12,3050,2800,0.3
00102912,石家庄玉晶一等品,001,白玻,12,3050,2600,0.3
00102911,石家庄玉晶一等品,001,白玻,12,3050,2440,0.3
00102910,石家庄玉晶一等品,001,白玻,12,3050,2140,0.3
00102909,石家庄玉晶一等品,001,白玻,10,4880,3050,0.3
00102908,石家庄玉晶一等品,001,白玻,10,4880,2800,0.3
00102907,石家庄玉晶一等品,001,白玻,10,4880,2700,0.3
00102906,石家庄玉晶一等品,001,白玻,10,4880,2600,0.3
00102905,石家庄玉晶一等品,001,白玻,10,4880,2440,0.3
00102904,石家庄玉晶一等品,001,白玻,10,4880,2140,0.3
00102903,石家庄玉晶一等品,001,白玻,10,4580,2800,0.3
00102902,石家庄玉晶一等品,001,白玻,10,4580,2700,0.3
00102901,石家庄玉晶一等品,001,白玻,10,4580,2600,0.3
00102900,石家庄玉晶一等品,001,白玻,10,4580,2550,0.3
00102899,石家庄玉晶一等品,001,白玻,10,4580,2500,0.3
00102898,石家庄玉晶一等品,001,白玻,10,4580,2440,0.3
00102897,石家庄玉晶一等品,001,白玻,10,4580,2250,0.3
00102896,石家庄玉晶一等品,001,白玻,10,4580,2140,0.3
00102895,石家庄玉晶一等品,001,白玻,10,4580,2100,0.3
00102894,石家庄玉晶一等品,001,白玻,10,4580,2000,0.3
00102893,石家庄玉晶一等品,001,白玻,10,4280,2800,0.3
00102892,石家庄玉晶一等品,001,白玻,10,4280,2600,0.3
00102891,石家庄玉晶一等品,001,白玻,10,4280,2440,0.3
00102890,石家庄玉晶一等品,001,白玻,10,4280,2250,0.3
00102889,石家庄玉晶一等品,001,白玻,10,4280,2140,0.3
00102888,石家庄玉晶一等品,001,白玻,10,4200,2800,0.3
00102887,石家庄玉晶一等品,001,白玻,10,4200,2250,0.3
00102886,石家庄玉晶一等品,001,白玻,10,4000,2800,0.3
00102885,石家庄玉晶一等品,001,白玻,10,4000,2600,0.3
00102884,石家庄玉晶一等品,001,白玻,10,4000,2440,0.3
00102883,石家庄玉晶一等品,001,白玻,10,4000,2250,0.3
00102882,石家庄玉晶一等品,001,白玻,10,4000,2140,0.3
00102881,石家庄玉晶一等品,001,白玻,10,3660,3050,0.3
00102880,石家庄玉晶一等品,001,白玻,10,3660,2800,0.3
00102879,石家庄玉晶一等品,001,白玻,10,3660,2600,0.3
00102878,石家庄玉晶一等品,001,白玻,10,3660,2550,0.3
00102877,石家庄玉晶一等品,001,白玻,10,3660,2440,0.3
00102876,石家庄玉晶一等品,001,白玻,10,3660,2250,0.3
00102875,石家庄玉晶一等品,001,白玻,10,3660,2140,0.3
00102874,石家庄玉晶一等品,001,白玻,10,3660,2000,0.3
00102873,石家庄玉晶一等品,001,白玻,10,3300,2800,0.3
00102872,石家庄玉晶一等品,001,白玻,10,3300,2600,0.3
00102871,石家庄玉晶一等品,001,白玻,10,3300,2250,0.3
00102870,石家庄玉晶一等品,001,白玻,10,3300,2140,0.3
00102869,石家庄玉晶一等品,001,白玻,10,3050,2800,0.3
00102868,石家庄玉晶一等品,001,白玻,10,3050,2600,0.3
00102867,石家庄玉晶一等品,001,白玻,10,3050,2440,0.3
00102866,石家庄玉晶一等品,001,白玻,10,3050,2140,0.3
00102865,石家庄玉晶一等品,001,白玻,10,2440,2440,0.3
00102864,石家庄玉晶一等品,001,白玻,10,2440,2000,0.3
00102863,石家庄玉晶一等品,001,白玻,8,4880,3300,0.3
00102862,石家庄玉晶一等品,001,白玻,8,4880,3050,0.3
00102861,石家庄玉晶一等品,001,白玻,8,4880,2800,0.3
00102860,石家庄玉晶一等品,001,白玻,8,4880,2600,0.3
00102859,石家庄玉晶一等品,001,白玻,8,4880,2440,0.3
00102858,石家庄玉晶一等品,001,白玻,8,4880,2250,0.3
00102857,石家庄玉晶一等品,001,白玻,8,4880,2140,0.3
00102856,石家庄玉晶一等品,001,白玻,8,4580,3300,0.3
00102855,石家庄玉晶一等品,001,白玻,8,4580,2800,0.3
00102854,石家庄玉晶一等品,001,白玻,8,4580,2600,0.3
00102853,石家庄玉晶一等品,001,白玻,8,4580,2440,0.3
00102852,石家庄玉晶一等品,001,白玻,8,4580,2250,0.3
00102851,石家庄玉晶一等品,001,白玻,8,4580,2140,0.3
00102850,石家庄玉晶一等品,001,白玻,8,4580,2000,0.3
00102849,石家庄玉晶一等品,001,白玻,8,4280,3300,0.3
00102848,石家庄玉晶一等品,001,白玻,8,4280,2800,0.3
00102847,石家庄玉晶一等品,001,白玻,8,4280,2600,0.3
00102846,石家庄玉晶一等品,001,白玻,8,4280,2440,0.3
00102845,石家庄玉晶一等品,001,白玻,8,4280,2250,0.3
00102844,石家庄玉晶一等品,001,白玻,8,4280,2140,0.3
00102843,石家庄玉晶一等品,001,白玻,8,4200,2800,0.3
00102842,石家庄玉晶一等品,001,白玻,8,4200,2440,0.3
00102841,石家庄玉晶一等品,001,白玻,8,4200,2250,0.3
00102840,石家庄玉晶一等品,001,白玻,8,4200,2140,0.3
00102839,石家庄玉晶一等品,001,白玻,8,4000,2800,0.3
00102838,石家庄玉晶一等品,001,白玻,8,4000,2600,0.3
00102837,石家庄玉晶一等品,001,白玻,8,4000,2440,0.3
00102836,石家庄玉晶一等品,001,白玻,8,4000,2250,0.3
00102835,石家庄玉晶一等品,001,白玻,8,4000,2140,0.3
00102834,石家庄玉晶一等品,001,白玻,8,3800,2800,0.3
00102833,石家庄玉晶一等品,001,白玻,8,3660,3300,0.3
00102832,石家庄玉晶一等品,001,白玻,8,3660,3050,0.3
00102831,石家庄玉晶一等品,001,白玻,8,3660,2800,0.3
00102830,石家庄玉晶一等品,001,白玻,8,3660,2750,0.3
00102829,石家庄玉晶一等品,001,白玻,8,3660,2740,0.3
00102828,石家庄玉晶一等品,001,白玻,8,3660,2630,0.3
00102827,石家庄玉晶一等品,001,白玻,8,3660,2600,0.3
00102826,石家庄玉晶一等品,001,白玻,8,3660,2440,0.3
00102825,石家庄玉晶一等品,001,白玻,8,3660,2250,0.3
00102824,石家庄玉晶一等品,001,白玻,8,3660,2140,0.3
00102823,石家庄玉晶一等品,001,白玻,8,3660,2003,0.3
00102822,石家庄玉晶一等品,001,白玻,8,3660,2000,0.3
00102821,石家庄玉晶一等品,001,白玻,8,3660,1950,0.3
00102820,石家庄玉晶一等品,001,白玻,8,3300,2800,0.3
00102819,石家庄玉晶一等品,001,白玻,8,3300,2740,0.3
00102818,石家庄玉晶一等品,001,白玻,8,3300,2600,0.3
00102817,石家庄玉晶一等品,001,白玻,8,3300,2440,0.3
00102816,石家庄玉晶一等品,001,白玻,8,3300,2250,0.3
00102815,石家庄玉晶一等品,001,白玻,8,3300,2140,0.3
00102814,石家庄玉晶一等品,001,白玻,8,3050,2800,0.3
00102813,石家庄玉晶一等品,001,白玻,8,3050,2740,0.3
00102812,石家庄玉晶一等品,001,白玻,8,3050,2600,0.3
00102811,石家庄玉晶一等品,001,白玻,8,3050,2440,0.3
00102810,石家庄玉晶一等品,001,白玻,8,3050,2140,0.3
00102809,石家庄玉晶一等品,001,白玻,7.9,3660,2800,0.3
00102808,石家庄玉晶一等品,001,白玻,7.9,3660,2600,0.3
00102807,石家庄玉晶一等品,001,白玻,7.9,3660,2250,0.3
00102806,石家庄玉晶一等品,001,白玻,7.9,3660,2140,0.3
00102805,石家庄玉晶一等品,001,白玻,7.9,3660,2000,0.2
00102804,石家庄玉晶一等品,001,白玻,7.5,3660,2800,0.2
00102803,石家庄玉晶一等品,001,白玻,7.5,3660,2600,0.2
00102802,石家庄玉晶一等品,001,白玻,7.5,3660,2440,0.2
00102801,石家庄玉晶一等品,001,白玻,7.5,3660,2250,0.2
00102800,石家庄玉晶一等品,001,白玻,7.5,3660,2140,0.3
00102799,石家庄玉晶一等品,001,白玻,7.5,3660,2000,0.2
00102798,石家庄玉晶一等品,001,白玻,7.5,3660,1950,0.2
00102797,石家庄玉晶一等品,001,白玻,7.5,2440,2100,0.2
00102796,石家庄玉晶一等品,001,白玻,7.5,2440,1560,0.2
00102795,石家庄玉晶一等品,001,白玻,7.4,3660,2440,0.2
00102794,石家庄玉晶一等品,001,白玻,7.3,3660,2800,0.2
00102793,石家庄玉晶一等品,001,白玻,7.3,3660,2600,0.2
00102792,石家庄玉晶一等品,001,白玻,7.3,3660,2440,0.2
00102791,石家庄玉晶一等品,001,白玻,7.2,3660,2800,0.2
00102790,石家庄玉晶一等品,001,白玻,7.2,3660,2600,0.3
00102789,石家庄玉晶一等品,001,白玻,7.2,3660,2440,0.3
00102788,石家庄玉晶一等品,001,白玻,7.2,3660,2140,0.3
00102787,石家庄玉晶一等品,001,白玻,7.2,2440,2000,0.3
00102786,石家庄玉晶一等品,001,白玻,7,3660,2440,0.2
00102785,石家庄玉晶一等品,001,白玻,6,4880,3300,0.2
00102784,石家庄玉晶一等品,001,白玻,6,4880,3050,0.2
00102783,石家庄玉晶一等品,001,白玻,6,4880,2800,0.2
00102782,石家庄玉晶一等品,001,白玻,6,4880,2600,0.2
00102781,石家庄玉晶一等品,001,白玻,6,4880,2440,0.2
00102780,石家庄玉晶一等品,001,白玻,6,4880,2250,0.2
00102779,石家庄玉晶一等品,001,白玻,6,4880,2140,0.2
00102778,石家庄玉晶一等品,001,白玻,6,4880,2000,0.2
00102777,石家庄玉晶一等品,001,白玻,6,4580,3300,0.2
00102776,石家庄玉晶一等品,001,白玻,6,4580,3050,0.2
00102775,石家庄玉晶一等品,001,白玻,6,4580,2800,0.2
00102774,石家庄玉晶一等品,001,白玻,6,4580,2440,0.2
00102773,石家庄玉晶一等品,001,白玻,6,4580,2250,0.2
00102772,石家庄玉晶一等品,001,白玻,6,4580,2140,0.2
00102771,石家庄玉晶一等品,001,白玻,6,4580,2000,0.2
00102770,石家庄玉晶一等品,001,白玻,6,4280,3300,0.2
00102769,石家庄玉晶一等品,001,白玻,6,4280,3050,0.2
00102768,石家庄玉晶一等品,001,白玻,6,4280,2800,0.2
00102767,石家庄玉晶一等品,001,白玻,6,4280,2600,0.2
00102766,石家庄玉晶一等品,001,白玻,6,4280,2440,0.2
00102765,石家庄玉晶一等品,001,白玻,6,4280,2250,0.2
00102764,石家庄玉晶一等品,001,白玻,6,4280,2140,0.2
00102763,石家庄玉晶一等品,001,白玻,6,4200,2800,0.2
00102762,石家庄玉晶一等品,001,白玻,6,4200,2440,0.2
00102761,石家庄玉晶一等品,001,白玻,6,4200,2250,0.2
00102760,石家庄玉晶一等品,001,白玻,6,4000,2800,0.2
00102759,石家庄玉晶一等品,001,白玻,6,4000,2600,0.2
00102758,石家庄玉晶一等品,001,白玻,6,4000,2440,0.2
00102757,石家庄玉晶一等品,001,白玻,6,4000,2250,0.2
00102756,石家庄玉晶一等品,001,白玻,6,4000,2140,0.2
00102755,石家庄玉晶一等品,001,白玻,6,3660,3050,0.2
00102754,石家庄玉晶一等品,001,白玻,6,3660,2850,0.2
00102753,石家庄玉晶一等品,001,白玻,6,3660,2800,0.2
00102752,石家庄玉晶一等品,001,白玻,6,3660,2740,0.2
00102751,石家庄玉晶一等品,001,白玻,6,3660,2650,0.2
00102750,石家庄玉晶一等品,001,白玻,6,3660,2600,0.2
00102749,石家庄玉晶一等品,001,白玻,6,3660,2440,0.2
00102748,石家庄玉晶一等品,001,白玻,6,3660,2250,0.2
00102747,石家庄玉晶一等品,001,白玻,6,3660,2140,0.2
00102746,石家庄玉晶一等品,001,白玻,6,3660,1950,0.2
00102745,石家庄玉晶一等品,001,白玻,6,3300,2800,0.2
00102744,石家庄玉晶一等品,001,白玻,6,3300,2740,0.2
00102743,石家庄玉晶一等品,001,白玻,6,3300,2600,0.2
00102742,石家庄玉晶一等品,001,白玻,6,3300,2440,0.2
00102741,石家庄玉晶一等品,001,白玻,6,3300,2280,0.2
00102740,石家庄玉晶一等品,001,白玻,6,3300,2250,0.2
00102739,石家庄玉晶一等品,001,白玻,6,3300,2140,0.2
00102738,石家庄玉晶一等品,001,白玻,6,3050,2800,0.2
00102737,石家庄玉晶一等品,001,白玻,6,3050,2600,0.2
00102736,石家庄玉晶一等品,001,白玻,6,3050,2440,0.2
00102735,石家庄玉晶一等品,001,白玻,6,3050,2280,0.2
00102734,石家庄玉晶一等品,001,白玻,5,4000,2800,0.2
00102733,石家庄玉晶一等品,001,白玻,5,4000,2440,0.2
00102732,石家庄玉晶一等品,001,白玻,5,3710,2490,0.2
00102731,石家庄玉晶一等品,001,白玻,5,3660,2800,0.2
00102730,石家庄玉晶一等品,001,白玻,5,3660,2630,0.2
00102729,石家庄玉晶一等品,001,白玻,5,3660,2600,0.2
00102728,石家庄玉晶一等品,001,白玻,5,3660,2500,0.2
00102727,石家庄玉晶一等品,001,白玻,5,3660,2440,0.2
00102726,石家庄玉晶一等品,001,白玻,5,3660,2250,0.2
00102725,石家庄玉晶一等品,001,白玻,5,3660,2140,0.2
00102724,石家庄玉晶一等品,001,白玻,5,3300,2740,0.2
00102723,石家庄玉晶一等品,001,白玻,5,3300,2600,0.2
00102722,石家庄玉晶一等品,001,白玻,5,3300,2440,0.2
00102721,石家庄玉晶一等品,001,白玻,5,3300,2140,0.2
00102720,石家庄玉晶一等品,001,白玻,5,3050,2800,0.2
00102719,石家庄玉晶一等品,001,白玻,5,3050,2600,0.2
00102718,石家庄玉晶一等品,001,白玻,4.6,3660,2440,0.25
00102717,石家庄玉晶一等品,001,白玻,4.6,3300,2440,0.25
00102716,石家庄玉晶一等品,001,白玻,4.5,3660,2600,0.2
00102715,石家庄玉晶一等品,001,白玻,4.5,3660,2440,0.2
00102714,石家庄玉晶一等品,001,白玻,4.5,2440,2000,0.2
00102713,石家庄玉晶一等品,001,白玻,4.4,3660,2440,0.2
00102712,石家庄玉晶一等品,001,白玻,4.3,3660,2600,0.2
00102711,石家庄玉晶一等品,001,白玻,4.3,3660,2440,0.2
00102710,石家庄玉晶一等品,001,白玻,4.1,3660,2440,0.1
00102709,石家庄玉晶一等品,001,白玻,4,3660,2600,0.2
00102708,石家庄玉晶一等品,001,白玻,4,3660,2440,0.25
00102707,石家庄玉晶一等品,001,白玻,4,3300,2440,0.2
00102706,石家庄玉晶一等品,001,白玻,4,3300,2140,0.25
00102705,石家庄玉晶一等品,001,白玻,4,2440,2000,0.2
00102704,石家庄玉晶一等品,001,白玻,4,2440,1830,0.2
00102703,石家庄玉晶一等品,001,白玻,3.8,3660,2440,0.15
00102702,石家庄玉晶一等品,001,白玻,3.5,2440,2030,0.15
00102701,石家庄玉晶一等品,001,白玻,3.3,3660,2440,0.15
00102700,石家庄玉晶一等品,001,白玻,3.2,3660,2440,0.2
00102699,石家庄玉晶一等品,001,白玻,3.2,3300,2440,0.2
00102698,石家庄玉晶一等品,001,白玻,3.2,2440,2000,0.2
00102697,石家庄玉晶一等品,001,白玻,3.2,2440,1830,0.2
00102696,石家庄玉晶一等品,001,白玻,3.2,2200,1830,0.2
00102695,石家庄玉晶一等品,001,白玻,3,3660,2550,0.15
00102694,石家庄玉晶一等品,001,白玻,3,3660,2440,0.2
00102693,石家庄玉晶一等品,001,白玻,3,3660,2250,0.15
00102692,石家庄玉晶一等品,001,白玻,3,3660,2140,0.15
00102691,石家庄玉晶一等品,001,白玻,3,3575,2566,0.15
00102690,石家庄玉晶一等品,001,白玻,3,3475,2500,0.15
00102689,石家庄玉晶一等品,001,白玻,3,3450,2410,0.15
00102688,石家庄玉晶一等品,001,白玻,3,3445,2682,0.15
00102687,石家庄玉晶一等品,001,白玻,3,3420,2570,0.2
00102686,石家庄玉晶一等品,001,白玻,3,3380,2570,0.2
00102685,石家庄玉晶一等品,001,白玻,3,3360,2610,0.15
00102684,石家庄玉晶一等品,001,白玻,3,3300,2440,0.2
00102683,石家庄玉晶一等品,001,白玻,3,3210,2550,0.15
00102682,石家庄玉晶一等品,001,白玻,3,2760,2140,0.15
00102681,石家庄玉晶一等品,001,白玻,3,2440,2000,0.2
00102680,石家庄玉晶一等品,001,白玻,3,2440,1830,0.2
00102679,石家庄玉晶一等品,001,白玻,2.6,2440,2000,0
00102678,石家庄玉晶一等品,001,白玻,2,2440,2000,0.15
00102677,石家庄玉晶一等品,001,白玻,1.9,2440,1830,0.2
00102676,石家庄玉晶合格品,001,白玻,12,3660,2800,0.3
00102675,石家庄玉晶合格品,001,白玻,12,3660,2600,0.3
00102674,石家庄玉晶合格品,001,白玻,12,3660,2440,0.3
00102673,石家庄玉晶合格品,001,白玻,12,3660,2250,0.3
00102672,石家庄玉晶合格品,001,白玻,12,3660,2140,0.3
00102671,石家庄玉晶合格品,001,白玻,10,4580,2440,0.3
00102670,石家庄玉晶合格品,001,白玻,10,4280,2440,0.3
00102669,石家庄玉晶合格品,001,白玻,10,3660,2600,0.3
00102668,石家庄玉晶合格品,001,白玻,10,3660,2440,0.3
00102667,石家庄玉晶合格品,001,白玻,10,3660,2250,0.3
00102666,石家庄玉晶合格品,001,白玻,10,3660,2140,0.3
00102665,石家庄玉晶合格品,001,白玻,8,3660,2800,0.3
00102664,石家庄玉晶合格品,001,白玻,8,3660,2740,0.3
00102663,石家庄玉晶合格品,001,白玻,8,3660,2630,0.3
00102662,石家庄玉晶合格品,001,白玻,8,3660,2600,0.3
00102661,石家庄玉晶合格品,001,白玻,8,3660,2440,0.3
00102660,石家庄玉晶合格品,001,白玻,8,3660,2140,0.3
00102659,石家庄玉晶合格品,001,白玻,8,3660,2000,0.3
00102658,石家庄玉晶合格品,001,白玻,7.5,3660,2800,0.2
00102657,石家庄玉晶合格品,001,白玻,7.5,3660,2600,0.2
00102656,石家庄玉晶合格品,001,白玻,7.5,3660,2440,0.2
00102655,石家庄玉晶合格品,001,白玻,7.5,3660,2250,0.2
00102654,石家庄玉晶合格品,001,白玻,7.5,3660,2140,0.2
00102653,石家庄玉晶合格品,001,白玻,7.5,3660,2000,0.2
00102652,石家庄玉晶合格品,001,白玻,7.4,3660,2440,0.2
00102651,石家庄玉晶合格品,001,白玻,7.3,3660,2440,0.2
00102650,石家庄玉晶合格品,001,白玻,7.2,3660,2440,0.2
00102649,石家庄玉晶合格品,001,白玻,7,3660,2440,0.2
00102648,石家庄玉晶合格品,001,白玻,6,4280,2440,0.2
00102647,石家庄玉晶合格品,001,白玻,6,4200,2800,0.2
00102646,石家庄玉晶合格品,001,白玻,6,4200,2250,0.2
00102645,石家庄玉晶合格品,001,白玻,6,4000,2440,0.2
00102644,石家庄玉晶合格品,001,白玻,6,4000,2250,0.2
00102643,石家庄玉晶合格品,001,白玻,6,3660,2800,0.2
00102642,石家庄玉晶合格品,001,白玻,6,3660,2600,0.2
00102641,石家庄玉晶合格品,001,白玻,6,3660,2440,0.2
00102640,石家庄玉晶合格品,001,白玻,6,3660,2250,0.2
00102639,石家庄玉晶合格品,001,白玻,6,3660,2140,0.2
00102638,石家庄玉晶合格品,001,白玻,6,3300,2600,0.2
00102637,石家庄玉晶合格品,001,白玻,6,3300,2440,0.2
00102636,石家庄玉晶合格品,001,白玻,6,3300,2250,0.2
00102635,石家庄玉晶合格品,001,白玻,6,3300,2140,0.2
00102634,石家庄玉晶合格品,001,白玻,6,3210,2550,0.2
00102633,石家庄玉晶合格品,001,白玻,5,3660,2800,0.2
00102632,石家庄玉晶合格品,001,白玻,5,3660,2600,0.2
00102631,石家庄玉晶合格品,001,白玻,5,3660,2440,0.2
00102630,石家庄玉晶合格品,001,白玻,5,3660,2250,0.2
00102629,石家庄玉晶合格品,001,白玻,5,3660,2140,0.2
00102628,石家庄玉晶合格品,001,白玻,5,3300,2800,0.2
00102627,石家庄玉晶合格品,001,白玻,5,3300,2600,0.2
00102626,石家庄玉晶合格品,001,白玻,5,3300,2440,0.2
00102625,石家庄玉晶合格品,001,白玻,4.6,3660,2440,0.25
00102624,石家庄玉晶合格品,001,白玻,4.5,3660,2600,0.2
00102623,石家庄玉晶合格品,001,白玻,4.5,3660,2440,0.2
00102622,石家庄玉晶合格品,001,白玻,4.4,3660,2440,0.2
00102621,石家庄玉晶合格品,001,白玻,4.3,3660,2440,0.2
00102620,石家庄玉晶合格品,001,白玻,4.1,3660,2440,0.2
00102619,石家庄玉晶合格品,001,白玻,4,3660,2440,0.25
00102618,石家庄玉晶合格品,001,白玻,3.2,3660,2440,0.15
00102617,石家庄玉晶合格品,001,白玻,3.2,3500,2440,0.2
00102616,石家庄玉晶合格品,001,白玻,3,3660,2760,0.2
00102615,石家庄玉晶合格品,001,白玻,3,3660,2550,0.15
00102614,石家庄玉晶合格品,001,白玻,3,3660,2440,0.2
00102613,石家庄玉晶合格品,001,白玻,3,3660,2140,0.2
00102612,石家庄玉晶合格品,001,白玻,3,3550,2685,0.15
00102611,石家庄玉晶合格品,001,白玻,3,3515,1875,0.15
00102610,石家庄玉晶合格品,001,白玻,3,3475,2500,0.15
00102609,石家庄玉晶合格品,001,白玻,3,3450,2410,0.15
00102608,石家庄玉晶合格品,001,白玻,3,3300,2440,0.15
00102607,石家庄玉晶合格品,001,白玻,3,3300,2140,0.15
00102606,石家庄玉晶合格品,001,白玻,3,3210,2550,0.15
00102605,石家庄玉晶合格品,001,白玻,3,3210,2250,0.15
00102604,陕西神木一等品,001,白玻,12,3660,2440,0.2
00102603,神木瑞诚合格品,001,白玻,8,3660,2440,0.2
00102602,陕西神木一等品,001,白玻,12,3660,2140,0.2
00102601,陕西神木一等品,001,白玻,8,3660,2440,0.2
00102600,陕西神木一等品,001,白玻,6,3660,2800,0
00102599,陕西神木一等品,001,白玻,6,3660,2440,0
00102598,陕西神木一等品,001,白玻,6,3300,2440,0.2
00102597,陕西神木一等品,001,白玻,5,3660,2440,0.2
00102596,陕西神木一等品,001,白玻,5,3300,2440,0.2
00102595,陕西神木一等品,001,白玻,4,3300,2440,0.2
00102594,陕西神木一等品,001,白玻,4,3300,2200,0.2
00102593,陕西神木一等品,001,白玻,12,3660,2600,0.2
00102592,陕西神木一等品,001,白玻,12,3660,2134,0.2
00102591,陕西神木协议品,001,白玻,6,3660,2440,0.15
00102590,陕西神木二等品,001,白玻,8,3660,2600,0.2
00102589,陕西神木二等品,001,白玻,8,3660,2440,0.2
00102588,山西青春一等品,001,白玻,7.8,3660,2134,0.2
00102587,山西青春一等品,001,白玻,6,3660,2440,0.2
00102586,山西青春一等品,001,白玻,6,3660,2134,0
00102585,山西青春一等品,001,白玻,6,3300,2600,0.2
00102584,山西青春一等品,001,白玻,6,3300,2440,0.2
00102583,山西青春一等品,001,白玻,6,3300,2250,0.2
00102582,山西青春一等品,001,白玻,6,3300,2134,0.2
00102581,山西青春一等品,001,白玻,5,3300,2600,0.2
00102580,山西青春一等品,001,白玻,5,3300,2440,0.2
00102579,山西青春一等品,001,白玻,5,3300,2250,0.2
00102578,山西青春一等品,001,白玻,5,2440,1830,0.2
00102577,山西青春一等品,001,白玻,5,2200,2000,0.2
00102576,山西青春一等品,001,白玻,5,2200,1900,0.2
00102575,山西青春一等品,001,白玻,4.6,3300,2440,0
00102574,山西青春一等品,001,白玻,4.5,3660,2440,0.2
00102573,山西青春一等品,001,白玻,4.5,3660,2250,0.2
00102572,山西青春一等品,001,白玻,4.5,3660,2134,0.2
00102571,山西青春一等品,001,白玻,4.5,3300,2440,0.2
00102570,山西青春一等品,001,白玻,4.5,3300,2250,0.2
00102569,山西青春一等品,001,白玻,4.5,3300,2134,0.2
00102568,山西青春一等品,001,白玻,4.5,2440,1500,0.2
00102567,山西青春一等品,001,白玻,4.5,2200,1650,0.2
00102566,山西青春一等品,001,白玻,4.5,2200,1500,0.3
00102565,山西青春一等品,001,白玻,4.5,2200,1400,0.2
00102564,山西青春一等品,001,白玻,4.5,2134,1500,0.2
00102563,山西青春一等品,001,白玻,4.4,3660,2600,0.2
00102562,山西青春一等品,001,白玻,4.4,3660,2440,0.2
00102561,山西青春一等品,001,白玻,4.4,3660,2250,0.2
00102560,山西青春一等品,001,白玻,4.4,3660,2134,0.2
00102559,山西青春一等品,001,白玻,4.4,3300,2600,0.2
00102558,山西青春一等品,001,白玻,4.4,3300,2440,0.2
00102557,山西青春一等品,001,白玻,4.4,3300,2250,0.2
00102556,山西青春一等品,001,白玻,4.4,3300,2134,0.2
00102555,山西青春一等品,001,白玻,4.4,2440,1700,0.2
00102554,山西青春一等品,001,白玻,4.4,2440,1650,0.2
00102553,山西青春一等品,001,白玻,4.4,2440,1500,0.2
00102552,山西青春一等品,001,白玻,4.4,2440,1400,0.2
00102551,山西青春一等品,001,白玻,4.4,2200,1650,0.2
00102550,山西青春一等品,001,白玻,4.4,2200,1400,0.2
00102549,山西青春一等品,001,白玻,4.3,3300,2440,0.2
00102548,山西青春一等品,001,白玻,4.3,3300,2250,0.2
00102547,山西青春一等品,001,白玻,4.3,3300,2134,0.2
00102546,山西青春一等品,001,白玻,4.2,3660,2440,0.2
00102545,山西青春一等品,001,白玻,4.2,3300,2600,0.2
00102544,山西青春一等品,001,白玻,4.2,3300,2440,0.2
00102543,山西青春一等品,001,白玻,4.2,3300,2250,0.2
00102542,山西青春一等品,001,白玻,4.2,3300,2134,0.2
00102541,山西青春一等品,001,白玻,4.1,3300,2440,0.2
00102540,山西青春一等品,001,白玻,3.5,2440,2000,0.2
00102539,山西青春一等品,001,白玻,3.5,2440,1950,0.2
00102538,山西青春一等品,001,白玻,3.5,2440,1900,0.2
00102537,山西青春一等品,001,白玻,3.5,2440,1830,0.2
00102536,山西青春一等品,001,白玻,3.5,2440,1700,0.2
00102535,山西青春一等品,001,白玻,3.5,2440,1650,0.2
00102534,山西青春一等品,001,白玻,3.5,2200,2000,0.2
00102533,山西青春一等品,001,白玻,3.5,2200,1830,0.2
00102532,山西青春一等品,001,白玻,3.5,2200,1650,0.2
00102531,山西青春协议品,001,白玻,4.4,3660,2440,0.2
00102530,山西青春协议品,001,白玻,4.4,2440,2000,0.2
00102529,山西青春协议品,001,白玻,4.4,2440,1960,0.2
00102528,山西青春协议品,001,白玻,4.4,2440,1900,0.2
00102527,山西青春协议品,001,白玻,4.4,2440,1800,0.2
00102526,山西青春协议品,001,白玻,4.4,2440,1650,0.2
00102525,山西青春协议品,001,白玻,4.4,2440,1600,0.2
00102524,山西青春协议品,001,白玻,4.4,2200,2000,0.2
00102523,山西青春协议品,001,白玻,4.4,2200,1830,0.2
00102522,山西青春协议品,001,白玻,4.4,2200,1700,0.2
00102521,山西青春协议品,001,白玻,4.4,2200,1650,0.2
00102520,山西青春协议品,001,白玻,4.4,2200,1600,0.2
00102519,山西青春协议品,001,白玻,4.4,2200,1500,0.2
00102518,山西青春协议品,001,白玻,4.2,3300,2600,0.2
00102517,山西青春协议品,001,白玻,4.2,3300,2440,0.2
00102516,山西青春协议品,001,白玻,4,2200,1830,0.3
00102515,山西青春协议品,001,白玻,3.6,2440,1650,0.2
00102514,山西青春混装品,001,白玻,4.5,2440,1650,0.2
00102513,山西青春混装品,001,白玻,4.5,2200,1500,0.2
00102512,山西青春混装品,001,白玻,4.5,2200,1400,0.2
00102511,山西青春混装品,001,白玻,4.5,2134,1500,0.2
00102510,山西青春混装品,001,白玻,4.4,2440,2000,0.2
00102509,山西青春混装品,001,白玻,4.4,2440,1830,0.2
00102508,山西青春混装品,001,白玻,4.4,2440,1700,0.2
00102507,山西青春混装品,001,白玻,4.4,2440,1650,0.2
00102506,山西青春混装品,001,白玻,4.4,2440,1500,0
00102505,山西青春混装品,001,白玻,4.4,2200,2000,0.2
00102504,山西青春混装品,001,白玻,4.4,2200,1900,0.2
00102503,山西青春混装品,001,白玻,4.4,2200,1830,0.2
00102502,山西青春混装品,001,白玻,4.4,2200,1700,0.2
00102501,山西青春混装品,001,白玻,4.4,2200,1650,0.2
00102500,山西青春混装品,001,白玻,4.4,2200,1400,0.2
00102499,山西青春混装品,001,白玻,4.4,2134,1500,0.2
00102498,山西青春混装品,001,白玻,3.8,2200,1650,0.3
00102497,山西青春混装品,001,白玻,3.7,2200,2000,0.4
00102496,山西青春混装品,001,白玻,3.5,2440,2000,0.2
00102495,山西青春混装品,001,白玻,3.5,2440,1900,0.2
00102494,山西青春混装品,001,白玻,3.5,2440,1830,0.2
00102493,山西青春混装品,001,白玻,3.5,2440,1700,0.2
00102492,山西青春混装品,001,白玻,3.5,2440,1650,0.2
00102491,山西青春混装品,001,白玻,3.5,2200,2000,0.2
00102490,山西青春混装品,001,白玻,3.5,2200,1900,0.2
00102489,山西青春混装品,001,白玻,3.5,2200,1700,0.2
00102488,山西青春合格品,001,白玻,6,3660,2134,0
00102487,山西青春合格品,001,白玻,6,3600,2134,0
00102486,山西青春合格品,001,白玻,6,3300,2800,0
00102485,山西青春合格品,001,白玻,4.5,3300,2440,0.2
00102484,山西青春合格品,001,白玻,4.5,3300,2134,0.2
00102483,山西青春合格品,001,白玻,4.4,3660,2600,0.2
00102482,山西青春合格品,001,白玻,4.4,3660,2440,0.2
00102481,山西青春合格品,001,白玻,4.4,3660,2250,0.2
00102480,山西青春合格品,001,白玻,4.4,3660,2134,0.2
00102479,山西青春合格品,001,白玻,4.4,3300,2600,0.2
00102478,山西青春合格品,001,白玻,4.4,3300,2500,0.2
00102477,山西青春合格品,001,白玻,4.4,3300,2440,0.2
00102476,山西青春合格品,001,白玻,4.4,3300,2250,0.2
00102475,山西青春合格品,001,白玻,4.4,3300,2134,0.2
00102474,山西青春合格品,001,白玻,4.3,3300,2440,0.2
00102473,山西青春合格品,001,白玻,4.2,3660,2440,0.2
00102472,山西青春合格品,001,白玻,4.2,3300,2600,0.2
00102471,山西青春合格品,001,白玻,4.2,3300,2440,0.2
00102470,山西青春合格品,001,白玻,4.2,3300,2250,0.2
00102469,山西青春合格品,001,白玻,4.4,2200,1650,0.2
00102468,三峡白玻一等品,001,白玻,8,3660,2440,0
00102467,三峡白玻一等品,001,白玻,8,3660,2140,0
00102466,三峡白玻一等品,001,白玻,5,3660,2440,0
00102465,三峡白玻一等品,001,白玻,5,3660,2280,0
00102464,三峡白玻一等品,001,白玻,5,3660,2140,0
00102463,三峡白玻合格品,001,白玻,5,3660,2440,0
00102462,三峡白玻合格品,001,白玻,5,3660,2280,0
00102461,三峡白玻合格品,001,白玻,4,3660,2440,0
00102460,青岛台玻一等品,001,白玻,5,3660,2440,0
00102459,青岛台玻一等品,001,白玻,5,3660,2134,0
00102458,青岛台玻一等品,001,白玻,5,3300,2440,0
00102457,青岛台玻一等品,001,白玻,5,3300,2134,0
00102456,青岛台玻混装品,001,白玻,5,3300,2440,0.2
00102455,青岛台玻合格品,001,白玻,5,3300,2134,0
00102454,青春一等品,001,白玻,5,3300,2250,0.2
00102453,青春一等品,001,白玻,4.3,3300,2600,0
00102452,青春一等品,001,白玻,4.3,3300,2440,0.2
00102451,青春一等品,001,白玻,4.3,3300,2250,0
00102450,青春一等品,001,白玻,4.3,3100,2440,0
00102449,秦皇岛耀华普白普通级,001,白玻,10,3660,2440,0.2
00102448,秦皇岛耀华白玻一等品,001,白玻,3,3032,2440,0
00102447,秦皇岛耀华白玻一等品,001,白玻,3,3024,2440,0
00102446,秦皇岛耀华白玻合格品,001,白玻,3,3032,2440,0
00102445,秦皇岛耀华白玻合格品,001,白玻,3,3024,2440,0
00102444,迁安白玻一等品,001,白玻,5,3660,2140,0
00102443,濮阳中建材一等品过渡色,001,白玻,7.2,3660,2440,0.2
00102442,濮阳中建材普白普通级,001,白玻,5,3660,2140,0.2
00102441,宁夏金晶白玻一等品,001,白玻,12,3660,2440,0
00102440,宁夏金晶白玻一等品,001,白玻,5,3660,2600,0
00102439,宁夏金晶白玻一等品,001,白玻,4.6,3660,2800,0
00102438,宁夏金晶白玻一等品,001,白玻,4.6,3660,2600,0.2
00102437,宁夏金晶白玻一等品,001,白玻,4.6,3660,2440,0
00102436,宁夏金晶白玻一等品,001,白玻,4,3660,2440,0.25
00102435,宁夏金晶白玻一等品,001,白玻,4,3660,2140,0.25
00102434,宁夏金晶白玻建筑级,001,白玻,5,3660,2440,0.2
00102433,宁夏金晶白玻建筑级,001,白玻,4.6,3660,2440,0
00102432,内蒙古玉晶一等品,001,白玻,12,4880,2800,0
00102431,内蒙古玉晶一等品,001,白玻,12,4880,2600,0
00102430,内蒙古玉晶一等品,001,白玻,12,4880,2440,0.4
00102429,内蒙古玉晶一等品,001,白玻,12,3660,2800,0.4
00102428,内蒙古玉晶一等品,001,白玻,12,3660,2740,0
00102427,内蒙古玉晶一等品,001,白玻,12,3660,2600,0.4
00102426,内蒙古玉晶一等品,001,白玻,12,3660,2440,0.4
00102425,内蒙古玉晶一等品,001,白玻,12,3660,2280,0.4
00102424,内蒙古玉晶一等品,001,白玻,12,3660,2250,0.4
00102423,内蒙古玉晶一等品,001,白玻,12,3660,2140,0.4
00102422,内蒙古玉晶一等品,001,白玻,10,4880,3050,0
00102421,内蒙古玉晶一等品,001,白玻,10,4880,3000,0
00102420,内蒙古玉晶一等品,001,白玻,10,4880,2900,0
00102419,内蒙古玉晶一等品,001,白玻,10,4880,2800,0
00102418,内蒙古玉晶一等品,001,白玻,10,4580,3000,0
00102417,内蒙古玉晶一等品,001,白玻,10,4580,2800,0
00102416,内蒙古玉晶一等品,001,白玻,10,4580,2440,0
00102415,内蒙古玉晶一等品,001,白玻,10,4280,2440,0.4
00102414,内蒙古玉晶一等品,001,白玻,10,4200,2140,0.4
00102413,内蒙古玉晶一等品,001,白玻,10,3660,2800,0.4
00102412,内蒙古玉晶一等品,001,白玻,10,3660,2740,0.4
00102411,内蒙古玉晶一等品,001,白玻,10,3660,2600,0.4
00102410,内蒙古玉晶一等品,001,白玻,10,3660,2440,0.4
00102409,内蒙古玉晶一等品,001,白玻,10,3660,2280,0
00102408,内蒙古玉晶一等品,001,白玻,10,3660,2250,0.4
00102407,内蒙古玉晶一等品,001,白玻,10,3660,2140,0.4
00102406,内蒙古玉晶一等品,001,白玻,8,4880,3300,0
00102405,内蒙古玉晶一等品,001,白玻,8,4880,3050,0
00102404,内蒙古玉晶一等品,001,白玻,8,4880,3000,0
00102403,内蒙古玉晶一等品,001,白玻,8,4880,2900,0
00102402,内蒙古玉晶一等品,001,白玻,8,4880,2800,0
00102401,内蒙古玉晶一等品,001,白玻,8,4880,2700,0
00102400,内蒙古玉晶一等品,001,白玻,8,4880,2440,0
00102399,内蒙古玉晶一等品,001,白玻,8,4580,3050,0
00102398,内蒙古玉晶一等品,001,白玻,8,4580,3000,0
00102397,内蒙古玉晶一等品,001,白玻,8,4580,2800,0
00102396,内蒙古玉晶一等品,001,白玻,8,3660,2800,0.2
00102395,内蒙古玉晶一等品,001,白玻,8,3660,2740,0
00102394,内蒙古玉晶一等品,001,白玻,8,3660,2600,0.2
00102393,内蒙古玉晶一等品,001,白玻,8,3660,2440,0
00102392,内蒙古玉晶一等品,001,白玻,8,3660,2440,0.2
00102391,内蒙古玉晶一等品,001,白玻,8,3660,2280,0.4
00102390,内蒙古玉晶一等品,001,白玻,8,3660,2250,0.2
00102389,内蒙古玉晶一等品,001,白玻,8,3660,2140,0.2
00102388,内蒙古玉晶一等品,001,白玻,8,3660,2003,0.2
00102387,内蒙古玉晶一等品,001,白玻,8,3600,2140,0.2
00102386,内蒙古玉晶一等品,001,白玻,8,3300,2440,0
00102385,内蒙古玉晶一等品,001,白玻,8,3300,2140,0
00102384,内蒙古玉晶一等品,001,白玻,7.5,3660,2740,0.2
00102383,内蒙古玉晶一等品,001,白玻,7.5,3660,2600,0.2
00102382,内蒙古玉晶一等品,001,白玻,7.5,3660,2440,0
00102381,内蒙古玉晶一等品,001,白玻,7.5,3660,2440,0.2
00102380,内蒙古玉晶一等品,001,白玻,7.4,3660,2800,0.2
00102379,内蒙古玉晶一等品,001,白玻,7.4,3660,2440,0.2
00102378,内蒙古玉晶一等品,001,白玻,7.2,3660,2440,0.2
00102377,内蒙古玉晶一等品,001,白玻,7.2,3660,2250,0.2
00102376,内蒙古玉晶一等品,001,白玻,7,3660,2440,0
00102375,内蒙古玉晶一等品,001,白玻,7,3660,2440,0.2
00102374,内蒙古玉晶一等品,001,白玻,7,3660,2250,0.2
00102373,内蒙古玉晶一等品,001,白玻,7,3660,2140,0
00102372,内蒙古玉晶一等品,001,白玻,6,4880,3050,0
00102371,内蒙古玉晶一等品,001,白玻,6,4880,3000,0
00102370,内蒙古玉晶一等品,001,白玻,6,4880,2800,0
00102369,内蒙古玉晶一等品,001,白玻,6,4880,2600,0
00102368,内蒙古玉晶一等品,001,白玻,6,4580,2600,0
00102367,内蒙古玉晶一等品,001,白玻,6,3660,2800,0.2
00102366,内蒙古玉晶一等品,001,白玻,6,3660,2740,0
00102365,内蒙古玉晶一等品,001,白玻,6,3660,2600,0.2
00102364,内蒙古玉晶一等品,001,白玻,6,3660,2440,0.2
00102363,内蒙古玉晶一等品,001,白玻,6,3660,2280,0.2
00102362,内蒙古玉晶一等品,001,白玻,6,3660,2250,0
00102361,内蒙古玉晶一等品,001,白玻,6,3660,2140,0
00102360,内蒙古玉晶一等品,001,白玻,6,3300,2740,0
00102359,内蒙古玉晶一等品,001,白玻,6,3300,2600,0
00102358,内蒙古玉晶一等品,001,白玻,6,3300,2440,0
00102357,内蒙古玉晶一等品,001,白玻,6,3300,2140,0.2
00102356,内蒙古玉晶一等品,001,白玻,5,3660,2800,0.2
00102355,内蒙古玉晶一等品,001,白玻,5,3660,2740,0.2
00102354,内蒙古玉晶一等品,001,白玻,5,3660,2600,0.2
00102353,内蒙古玉晶一等品,001,白玻,5,3660,2440,0
00102352,内蒙古玉晶一等品,001,白玻,5,3660,2440,0.2
00102351,内蒙古玉晶一等品,001,白玻,5,3660,2280,0.2
00102350,内蒙古玉晶一等品,001,白玻,5,3660,2250,0
00102349,内蒙古玉晶一等品,001,白玻,5,3660,2140,0
00102348,内蒙古玉晶一等品,001,白玻,5,3300,2740,0
00102347,内蒙古玉晶一等品,001,白玻,5,3300,2600,0
00102346,内蒙古玉晶一等品,001,白玻,5,3300,2440,0
00102345,内蒙古玉晶一等品,001,白玻,5,3300,2280,0
00102344,内蒙古玉晶一等品,001,白玻,4.6,3660,2800,0.2
00102343,内蒙古玉晶一等品,001,白玻,4.6,3660,2600,0.2
00102342,内蒙古玉晶一等品,001,白玻,4.6,3660,2440,0.2
00102341,内蒙古玉晶一等品,001,白玻,4.6,3660,2280,0.2
00102340,内蒙古玉晶一等品,001,白玻,4.5,3660,2800,0.2
00102339,内蒙古玉晶一等品,001,白玻,4.5,3660,2600,0.2
00102338,内蒙古玉晶一等品,001,白玻,4.5,3660,2440,0.2
00102337,内蒙古玉晶一等品,001,白玻,4.5,3660,2280,0.2
00102336,内蒙古玉晶一等品,001,白玻,4.5,2440,2000,0
00102335,内蒙古玉晶一等品,001,白玻,4.5,2440,1830,0
00102334,内蒙古玉晶一等品,001,白玻,4.4,3660,2600,0.2
00102333,内蒙古玉晶一等品,001,白玻,4.4,3660,2440,0.2
00102332,内蒙古玉晶一等品,001,白玻,4.3,3660,2600,0.2
00102331,内蒙古玉晶一等品,001,白玻,4.3,3660,2440,0.2
00102330,内蒙古玉晶一等品,001,白玻,4.3,3660,2280,0.2
00102329,内蒙古玉晶一等品,001,白玻,4,4880,2900,0
00102328,内蒙古玉晶一等品,001,白玻,4,3660,2440,0.2
00102327,内蒙古玉晶一等品,001,白玻,4,2440,2000,0.2
00102326,内蒙古玉晶一等品,001,白玻,3.7,2440,2000,0
00102325,内蒙古玉晶一等品,001,白玻,3.7,2440,1830,0
00102324,内蒙古玉晶一等品,001,白玻,3.6,2440,2000,0.25
00102323,内蒙古玉晶一等品,001,白玻,3.6,2440,1830,0.25
00102322,内蒙古玉晶一等品,001,白玻,3.6,2400,1800,0
00102321,内蒙古玉晶一等品,001,白玻,3.5,3660,2440,0
00102320,内蒙古玉晶一等品,001,白玻,3.5,3660,2440,0.2
00102319,内蒙古玉晶一等品,001,白玻,3.5,3660,2200,0
00102318,内蒙古玉晶一等品,001,白玻,3.5,3660,2000,0
00102317,内蒙古玉晶一等品,001,白玻,3.5,3600,2250,0
00102316,内蒙古玉晶一等品,001,白玻,3.5,2440,2050,0.2
00102315,内蒙古玉晶一等品,001,白玻,3.5,2440,2030,0.2
00102314,内蒙古玉晶一等品,001,白玻,3.5,2440,2000,0
00102313,内蒙古玉晶一等品,001,白玻,3.5,2440,1830,0
00102312,内蒙古玉晶一等品,001,白玻,3.5,2250,2140,0
00102311,内蒙古玉晶一等品,001,白玻,3.5,2200,2000,0
00102310,内蒙古玉晶一等品,001,白玻,3.5,2200,1830,0
00102309,内蒙古玉晶一等品,001,白玻,3,2440,1830,0.2
00102308,内蒙古玉晶一等品,001,白玻,2.6,2440,2000,0
00102307,内蒙古玉晶一等品,001,白玻,2.6,2440,1830,0
00102306,内蒙古玉晶一等品,001,白玻,1.7,2440,2000,0.2
00102305,内蒙古玉晶一等品,001,白玻,1.6,2200,1830,0.1
00102304,内蒙古玉晶协议品,001,白玻,12,3660,2600,0.4
00102303,内蒙古玉晶协议品,001,白玻,8,3660,2440,0.2
00102302,内蒙古玉晶协议品,001,白玻,5,3660,2600,0.2
00102301,内蒙古玉晶协议品,001,白玻,5,3660,2440,0.2
00102300,内蒙古玉晶协议品,001,白玻,3.5,2440,1830,0
00102299,内蒙古玉晶协议品,001,白玻,3.5,2200,1900,0
00102298,内蒙古玉晶协议品,001,白玻,3.5,2200,1830,0
00102297,内蒙古玉晶合格品,001,白玻,12,3660,2800,0.4
00102296,内蒙古玉晶合格品,001,白玻,12,3660,2600,0.4
00102295,内蒙古玉晶合格品,001,白玻,12,3660,2280,0.4
00102294,内蒙古玉晶合格品,001,白玻,10,3660,2740,0.4
00102293,内蒙古玉晶合格品,001,白玻,8,3660,2600,0
00102292,内蒙古玉晶合格品,001,白玻,6,3660,2800,0.2
00102291,内蒙古玉晶合格品,001,白玻,6,3660,2600,0
00102290,内蒙古玉晶合格品,001,白玻,6,3660,2440,0.2
00102289,内蒙古玉晶合格品,001,白玻,6,3660,2280,0
00102288,内蒙古玉晶合格品,001,白玻,5,3660,2800,0
00102287,内蒙古玉晶合格品,001,白玻,5,3660,2440,0.2
00102286,内蒙古玉晶合格品,001,白玻,5,3660,2140,0
00102285,内蒙古玉晶合格品,001,白玻,4.6,3660,2800,0.2
00102284,内蒙古玉晶合格品,001,白玻,4.6,3660,2440,0.2
00102283,内蒙古玉晶合格品,001,白玻,4.5,3660,2600,0.2
00102282,内蒙古玉晶合格品,001,白玻,4.5,3660,2440,0.2
00102281,内蒙古玉晶合格品,001,白玻,4.5,2440,1900,0.2
00102280,内蒙古玉晶合格品,001,白玻,4.3,3660,2440,0.2
00102279,内蒙古玉晶合格品,001,白玻,3.5,3660,2200,0.2
00102278,内蒙古玉晶合格品,001,白玻,5,3660,2600,0
00102277,明轩白玻一等品,001,白玻,11.6,4000,2746,0
00102276,明轩白玻一等品,001,白玻,11.6,4000,2440,0
00102275,明轩白玻一等品,001,白玻,11.6,3660,2746,0
00102274,明轩白玻一等品,001,白玻,11.6,3660,2440,0
00102273,明轩白玻一等品,001,白玻,9.6,3660,2630,0
00102272,明轩白玻一等品,001,白玻,9.6,3300,2630,0
00102271,明轩白玻一等品,001,白玻,9.6,3050,2630,0
00102270,明轩白玻一等品,001,白玻,9.6,3050,2250,0
00102269,明轩白玻一等品,001,白玻,8,3660,2746,0
00102268,明轩白玻一等品,001,白玻,8,3050,2250,0
00102267,明轩白玻协议品,001,白玻,6,3660,2746,0
00102266,明轩白玻协议品,001,白玻,6,3660,2630,0
00102265,明轩白玻协议品,001,白玻,6,3660,2440,0
00102264,明轩白玻协议品,001,白玻,6,3660,2250,0
00102263,明轩白玻协议品,001,白玻,6,3660,2140,0
00102262,明轩白玻合格品,001,白玻,6,3660,2630,0
00102261,明轩白玻合格品,001,白玻,6,3660,2440,0
00102260,洛阳龙昊白玻一等品,001,白玻,10,3660,2800,0
00102259,洛阳龙昊白玻一等品,001,白玻,10,3660,2600,0
00102258,洛阳龙昊白玻一等品,001,白玻,10,3660,2440,0
00102257,洛阳龙昊白玻一等品,001,白玻,9.8,3660,2440,0
00102256,洛阳龙昊白玻一等品,001,白玻,8,3660,2800,0
00102255,洛阳龙昊白玻一等品,001,白玻,8,3660,2600,0
00102254,洛阳龙昊白玻一等品,001,白玻,8,3660,2440,0
00102253,洛阳龙昊白玻一等品,001,白玻,8,3660,2250,0
00102252,洛阳龙昊白玻一等品,001,白玻,8,3660,2140,0
00102251,洛阳龙昊白玻一等品,001,白玻,8,3300,2440,0
00102250,洛阳龙昊白玻一等品,001,白玻,7.5,3660,2440,0.3
00102249,洛阳龙昊白玻一等品,001,白玻,7.2,3660,2440,0
00102248,洛阳龙昊白玻一等品,001,白玻,7.2,3660,2250,0
00102247,洛阳龙昊白玻一等品,001,白玻,7.2,3660,2000,0
00102246,洛阳龙昊白玻一等品,001,白玻,6,3660,2800,0
00102245,洛阳龙昊白玻一等品,001,白玻,6,3660,2740,0
00102244,洛阳龙昊白玻一等品,001,白玻,6,3660,2600,0
00102243,洛阳龙昊白玻一等品,001,白玻,6,3660,2440,0
00102242,洛阳龙昊白玻一等品,001,白玻,6,3660,2250,0
00102241,洛阳龙昊白玻一等品,001,白玻,6,3660,2140,0
00102240,洛阳龙昊白玻一等品,001,白玻,6,3300,2600,0
00102239,洛阳龙昊白玻一等品,001,白玻,6,3300,2250,0
00102238,洛阳龙昊白玻一等品,001,白玻,6,3300,2140,0
00102237,洛阳龙昊白玻一等品,001,白玻,5.9,3660,2600,0
00102236,洛阳龙昊白玻一等品,001,白玻,5.9,3660,2440,0
00102235,洛阳龙昊白玻一等品,001,白玻,5.9,3660,2250,0
00102234,洛阳龙昊白玻一等品,001,白玻,5,3660,2800,0
00102233,洛阳龙昊白玻一等品,001,白玻,5,3660,2740,0
00102232,洛阳龙昊白玻一等品,001,白玻,5,3660,2600,0
00102231,洛阳龙昊白玻一等品,001,白玻,5,3660,2440,0
00102230,洛阳龙昊白玻一等品,001,白玻,5,3660,2250,0
00102229,洛阳龙昊白玻一等品,001,白玻,5,3660,2140,0
00102228,洛阳龙昊白玻一等品,001,白玻,5,3300,2800,0
00102227,洛阳龙昊白玻一等品,001,白玻,5,3300,2600,0
00102226,洛阳龙昊白玻一等品,001,白玻,5,3300,2440,0
00102225,洛阳龙昊白玻一等品,001,白玻,5,3300,2250,0
00102224,洛阳龙昊白玻一等品,001,白玻,5,3300,2140,0
00102223,洛阳龙昊白玻一等品,001,白玻,5,3300,2134,0
00102222,洛阳龙昊白玻一等品,001,白玻,4.9,3660,2600,0
00102221,洛阳龙昊白玻一等品,001,白玻,4.9,3660,2440,0
00102220,洛阳龙昊白玻一等品,001,白玻,4.9,3660,2250,0
00102219,洛阳龙昊白玻一等品,001,白玻,4.5,3660,2600,0
00102218,洛阳龙昊白玻一等品,001,白玻,4.5,3660,2440,0
00102217,洛阳龙昊白玻一等品,001,白玻,4.5,3660,2250,0
00102216,洛阳龙昊白玻一等品,001,白玻,4.3,3660,2600,0
00102215,洛阳龙昊白玻一等品,001,白玻,4.3,3660,2440,0
00102214,洛阳龙昊白玻一等品,001,白玻,4.3,3660,2250,0
00102213,洛阳龙昊白玻一等品,001,白玻,4.3,3660,2140,0
00102212,洛阳龙昊白玻一等品,001,白玻,4.1,3660,2600,0
00102211,洛阳龙昊白玻一等品,001,白玻,4.1,3660,2440,0.1
00102210,洛阳龙昊白玻一等品,001,白玻,4.1,3660,2440,0
00102209,洛阳龙昊白玻一等品,001,白玻,4.1,3660,2250,0
00102208,洛阳龙昊白玻一等品,001,白玻,4,3660,2440,0
00102207,洛阳龙昊白玻一等品,001,白玻,3.5,3920,2440,0
00102206,洛阳龙昊白玻一等品,001,白玻,3.5,3660,2440,0
00102205,洛阳龙昊白玻一等品,001,白玻,3.5,3660,2250,0
00102204,洛阳龙昊白玻一等品,001,白玻,3.5,3660,2140,0
00102203,洛阳龙昊白玻一等品,001,白玻,3.5,3600,2440,0
00102202,洛阳龙昊白玻一等品,001,白玻,3.5,3580,2440,0
00102201,洛阳龙昊白玻一等品,001,白玻,3.5,2440,1920,0
00102200,洛阳龙昊白玻一等品,001,白玻,3.4,3660,2440,0.2
00102199,洛阳龙昊白玻一等品,001,白玻,3.4,3660,2250,0
00102198,洛阳龙昊白玻一等品,001,白玻,3.4,3660,2140,0.2
00102197,洛阳龙昊白玻一等品,001,白玻,3.4,2440,2000,0
00102196,洛阳龙昊白玻一等品,001,白玻,3.3,3660,2440,0
00102195,洛阳龙昊白玻一等品,001,白玻,3.3,3660,2250,0
00102194,洛阳龙昊白玻一等品,001,白玻,3.3,2440,2000,0
00102193,洛阳龙昊白玻一等品,001,白玻,3.3,2200,2000,0
00102192,洛阳龙昊白玻一等品,001,白玻,3.2,3660,2440,0
00102191,洛阳龙昊白玻一等品,001,白玻,3.2,3660,2250,0
00102190,洛阳龙昊白玻一等品,001,白玻,3.2,2200,2000,0
00102189,洛阳龙昊白玻普通级,001,白玻,6,3660,2440,0
00102188,洛阳龙昊白玻普通级,001,白玻,6,3660,2250,0
00102187,洛阳龙昊白玻普通级,001,白玻,5,3660,2440,0
00102186,洛阳龙昊白玻普通级,001,白玻,5,3660,2140,0
00102185,洛阳龙昊白玻建筑级,001,白玻,4.3,3660,2440,0
00102184,洛阳龙昊白玻建筑级,001,白玻,4,3660,2440,0
00102183,洛阳龙昊白玻建筑级,001,白玻,3.9,3660,2440,0
00102182,洛阳龙昊白玻混装品,001,白玻,3.5,3840,2440,0
00102181,洛阳龙昊白玻混装品,001,白玻,3.5,3660,2440,0
00102180,洛阳龙昊白玻混装品,001,白玻,3.5,3580,2440,0
00102179,洛阳龙昊白玻混装品,001,白玻,3.5,2440,1920,0
00102178,洛阳龙昊白玻混装品,001,白玻,3.4,3660,2440,0
00102177,洛阳龙昊白玻合格品,001,白玻,10,3660,2440,0
00102176,洛阳龙昊白玻合格品,001,白玻,7.2,3660,2440,0
00102175,洛阳龙昊白玻合格品,001,白玻,7.2,3660,2250,0
00102174,洛阳龙昊白玻合格品,001,白玻,6,3660,2440,0
00102173,洛阳龙昊白玻合格品,001,白玻,5,3660,2440,0
00102172,洛阳龙昊白玻合格品,001,白玻,4.5,3660,2440,0
00102171,洛阳龙昊白玻合格品,001,白玻,4.5,3660,2250,0
00102170,洛阳龙昊白玻合格品,001,白玻,3.5,3660,2440,0
00102169,洛阳龙昊白玻合格品,001,白玻,3.5,3660,2250,0
00102168,洛阳龙昊白玻合格品,001,白玻,3.5,3600,2440,0
00102167,洛阳龙昊白玻合格品,001,白玻,3.4,3660,2440,0
00102166,洛阳龙昊白玻合格品,001,白玻,3.4,3660,2250,0
00102165,洛阳龙昊白玻合格品,001,白玻,3.3,2440,1950,0
00102164,洛阳龙昊白玻合格品,001,白玻,3.3,2200,2000,0
00102163,洛阳龙昊白玻合格品,001,白玻,3.3,2200,1950,0
00102162,洛阳龙昊白玻合格品,001,白玻,3.2,3660,2440,0
00102161,洛阳龙昊白玻合格品,001,白玻,3.2,3660,2250,0
00102160,洛阳龙昊白玻定制级,001,白玻,6,3660,2440,0
00102159,洛阳龙昊白玻定制级,001,白玻,6,3300,2440,0
00102158,洛阳龙昊白玻定制级,001,白玻,5.9,3660,2440,0
00102157,洛阳龙昊白玻定制级,001,白玻,5,3660,2440,0
00102156,洛阳龙昊白玻定制级,001,白玻,5,3660,2140,0
00102155,洛阳龙昊白玻定制级,001,白玻,4.9,3660,2440,0
00102154,龙泰白玻优等品,001,白玻,10,3660,2440,0
00102153,龙泰白玻优等品,001,白玻,6,3660,2440,0
00102152,龙泰白玻一等品,001,白玻,6,3660,2440,0
00102151,龙泰白玻过渡色,001,白玻,8,3660,2440,0
00102150,龙泰白玻过渡色,001,白玻,5.8,3660,2440,0
00102149,龙昊白玻一等品,001,白玻,8,3660,2140,0
00102148,龙昊白玻一等品,001,白玻,3.5,3660,2250,0
00102147,临沂中玻优等品,001,白玻,4.8,3660,2440,0
00102146,临沂中玻优等品,001,白玻,4.5,3660,2440,0
00102145,临沂中玻优等品,001,白玻,3.5,3660,2440,0
00102144,临沂中玻优等品,001,白玻,3.5,2440,1830,0
00102143,临沂中玻优等品,001,白玻,3.5,2200,1830,0
00102142,临沂中玻一等品,001,白玻,3.9,2440,2000,0
00102141,临沂中玻一等品,001,白玻,3.9,2440,1830,0
00102140,临沂中玻普白优质加工级,001,白玻,7.4,3660,2440,0
00102139,临沂中玻普白优质加工级,001,白玻,7.4,3660,2250,0
00102138,临沂中玻普白优质加工级,001,白玻,5,3660,2440,0
00102137,临沂中玻普白优质加工级,001,白玻,5,3660,2140,0
00102136,临沂中玻普白优质加工级,001,白玻,4.9,3660,2440,0
00102135,临沂中玻普白优质加工级,001,白玻,4.3,3660,2440,0
00102134,临沂中玻普白优质加工级,001,白玻,4,3660,2250,0
00102133,临沂中玻普白优质加工级,001,白玻,3.9,3660,2440,0
00102132,临沂中玻普白优质加工级,001,白玻,3.9,3660,2250,0
00102131,临沂中玻普白优质加工级,001,白玻,3.8,3660,2440,0
00102130,临沂中玻普白客户定制级,001,白玻,6,3660,2600,0
00102129,临沂中玻普白客户定制级,001,白玻,6,3660,2440,0
00102128,临沂中玻普白客户定制级,001,白玻,6,3660,2280,0
00102127,临沂中玻普白客户定制级,001,白玻,6,3660,2140,0
00102126,临沂中玻普白客户定制级,001,白玻,5,3660,2440,0
00102125,临沂中玻普白客户定制级,001,白玻,4.5,3660,2440,0
00102124,临沂中玻定制无色灰白优质加工级,001,白玻,4.2,3660,2440,0
00102123,临沂中玻定制无色灰白优质加工级,001,白玻,4.2,3660,2140,0
00102122,临沂中玻定制白玻优质加工级,001,白玻,5.9,3660,2600,0
00102121,临沂中玻定制白玻优质加工级,001,白玻,5.9,3660,2140,0
00102120,临沂中玻白玻优质加工级,001,白玻,7.2,3660,2440,0
00102119,临沂中玻白玻优质加工级,001,白玻,6,3660,2440,0
00102118,临沂中玻白玻优质加工级,001,白玻,6,3660,2140,0
00102117,临沂中玻白玻优质加工级,001,白玻,4.9,3660,2440,0
00102116,临沂中玻白玻优质加工级,001,白玻,4.2,3660,2440,0
00102115,临沂中玻白玻优质加工级,001,白玻,4.2,3660,2140,0
00102114,临沂中玻白玻优等品,001,白玻,4.5,3660,2440,0
00102113,临沂中玻白玻优等品,001,白玻,3.5,3660,2440,0
00102112,临沂中玻白玻优等品,001,白玻,3.5,3300,2250,0
00102111,临沂中玻白玻优等品,001,白玻,3.5,2200,2000,0
00102110,临沂中玻白玻优等品,001,白玻,3.5,2200,1830,0
00102109,临沂中玻白玻一等品,001,白玻,3.5,2200,1830,0
00102108,临沂中玻白玻普通级,001,白玻,4.2,3660,2440,0
00102107,临沂中玻白玻客户定制级,001,白玻,4.2,3660,2440,0
00102106,临沂中玻白玻客户定制级,001,白玻,3.9,3660,2440,0
00102105,临沂中玻白玻客户定制,001,白玻,10,3660,2050,0
00102104,临沂中玻白玻客户定制,001,白玻,10,3150,2140,0
00102103,临沂中玻白玻客户定制,001,白玻,5.9,3300,2140,0
00102102,临沂中玻白玻客户定制,001,白玻,5.3,3660,2140,0
00102101,临沂中玻白玻客户定制,001,白玻,4.5,3660,2440,0
00102100,临沂中玻白玻客户定制,001,白玻,4.3,3660,2440,0
00102099,临沂中玻白玻客户定制,001,白玻,4.2,3660,2440,0
00102098,临沂中玻白玻过度板,001,白玻,5.9,3660,2600,0
00102097,临沂中玻白玻过度板,001,白玻,5.9,3660,2140,0
00102096,利虎一等品,001,白玻,12,3660,2800,0.4
00102095,利虎一等品,001,白玻,12,3660,2600,0.4
00102094,利虎一等品,001,白玻,12,3660,2440,0.4
00102093,利虎一等品,001,白玻,12,3660,2250,0.4
00102092,利虎一等品,001,白玻,12,3660,2134,0.4
00102091,利虎一等品,001,白玻,10,3660,2800,0.4
00102090,利虎一等品,001,白玻,10,3660,2600,0.4
00102089,利虎一等品,001,白玻,10,3660,2440,0.2
00102088,利虎一等品,001,白玻,10,3660,2250,0.2
00102087,利虎一等品,001,白玻,10,3660,2134,0.2
00102086,利虎一等品,001,白玻,9.8,3660,2800,0.2
00102085,利虎一等品,001,白玻,9.8,3660,2600,0.2
00102084,利虎一等品,001,白玻,9.8,3660,2440,0.2
00102083,利虎一等品,001,白玻,9.8,3660,2250,0.2
00102082,利虎一等品,001,白玻,9.6,3660,2440,0.2
00102081,利虎一等品,001,白玻,9.6,3660,2134,0.2
00102080,利虎一等品,001,白玻,8,3660,2440,0.4
00102079,利虎一等品,001,白玻,8,3660,2250,0.4
00102078,利虎一等品,001,白玻,8,3660,2134,0.4
00102077,利虎一等品,001,白玻,7.8,3660,2440,0.3
00102076,利虎一等品,001,白玻,7.8,3660,2134,0.3
00102075,利虎一等品,001,白玻,7.6,3660,2440,0.2
00102074,利虎一等品,001,白玻,7.6,3660,2250,0.2
00102073,利虎一等品,001,白玻,7.6,3660,2134,0.2
00102072,利虎一等品,001,白玻,7.3,3660,2000,0.2
00102071,利虎一等品,001,白玻,7.2,3660,2440,0.2
00102070,利虎一等品,001,白玻,7.2,3660,2250,0.2
00102069,利虎一等品,001,白玻,7.2,3660,2000,0.2
00102068,利虎一等品,001,白玻,7,3660,2440,0.2
00102067,利虎一等品,001,白玻,7,3660,2250,0.2
00102066,利虎一等品,001,白玻,7,3660,2134,0.2
00102065,利虎一等品,001,白玻,6,3660,2600,0.2
00102064,利虎一等品,001,白玻,6,3660,2440,0.2
00102063,利虎一等品,001,白玻,6,3660,2250,0.2
00102062,利虎一等品,001,白玻,6,3660,2134,0.2
00102061,利虎一等品,001,白玻,6,3300,2800,0.2
00102060,利虎一等品,001,白玻,6,3300,2250,0.2
00102059,利虎一等品,001,白玻,6,3300,2134,0.2
00102058,利虎一等品,001,白玻,5,3300,2440,0.2
00102057,利虎一等品,001,白玻,5,3300,2250,0.2
00102056,利虎一等品,001,白玻,5,3300,2134,0.2
00102055,利虎一等品,001,白玻,5,2440,2000,0
00102054,利虎一等品,001,白玻,5,2440,1500,0.2
00102053,利虎一等品,001,白玻,4.6,3660,2600,0
00102052,利虎一等品,001,白玻,4.6,3660,2440,0.2
00102051,利虎一等品,001,白玻,4.6,3660,2250,0.2
00102050,利虎一等品,001,白玻,4.6,3300,2600,0.2
00102049,利虎一等品,001,白玻,4.6,3300,2440,0.2
00102048,利虎一等品,001,白玻,4.6,3300,2250,0.2
00102047,利虎一等品,001,白玻,4.6,3300,2134,0.2
00102046,利虎一等品,001,白玻,4.6,2440,1370,0.2
00102045,利虎一等品,001,白玻,4.4,3660,2440,0.2
00102044,利虎一等品,001,白玻,4.4,3300,2600,0.2
00102043,利虎一等品,001,白玻,4.4,3300,2440,0.2
00102042,利虎一等品,001,白玻,4.4,3300,2250,0.2
00102041,利虎一等品,001,白玻,4.3,3660,2134,0.2
00102040,利虎一等品,001,白玻,4.3,3300,2440,0.2
00102039,利虎一等品,001,白玻,4.2,3660,2440,0.2
00102038,利虎一等品,001,白玻,4.2,3300,2440,0.2
00102037,利虎一等品,001,白玻,4.1,3300,2600,0.2
00102036,利虎一等品,001,白玻,4,3300,2250,0.2
00102035,利虎一等品,001,白玻,4,2440,2000,0.3
00102034,利虎一等品,001,白玻,4,2200,1650,0.2
00102033,利虎一等品,001,白玻,3.9,3660,2440,0.2
00102032,利虎一等品,001,白玻,3.9,3660,2250,0.2
00102031,利虎一等品,001,白玻,3.9,3660,2134,0.2
00102030,利虎一等品,001,白玻,3.9,3300,2440,0.2
00102029,利虎一等品,001,白玻,3.9,2200,1900,0.2
00102028,利虎一等品,001,白玻,3.8,2200,1500,0.4
00102027,利虎一等品,001,白玻,3.6,2440,1650,0.2
00102026,利虎一等品,001,白玻,3.5,3660,2440,0
00102025,利虎一等品,001,白玻,3.5,3660,2250,0
00102024,利虎一等品,001,白玻,3.5,2440,1500,0.2
00102023,利虎一等品,001,白玻,3.4,2440,1650,0.2
00102022,利虎一等品,001,白玻,3.4,2200,1700,0.2
00102021,利虎一等品,001,白玻,3.4,2200,1650,0.2
00102020,利虎协议品,001,白玻,6,3660,2440,0.2
00102019,利虎协议品,001,白玻,6,3300,2440,0.2
00102018,利虎协议品,001,白玻,6,3300,2134,0.2
00102017,利虎协议品,001,白玻,3,3300,2134,0.2
00102016,利虎青春合格品,001,白玻,4.2,3300,2440,0.2
00102015,利虎混装品,001,白玻,4,2440,2000,0.3
00102014,利虎混装品,001,白玻,4,2440,1900,0.3
00102013,利虎混装品,001,白玻,4,2200,1650,0.3
00102012,利虎混装品,001,白玻,3.5,2440,1830,0.2
00102011,利虎混装品,001,白玻,3.5,2440,1700,0.2
00102010,利虎混装品,001,白玻,3.5,2440,1500,0.2
00102009,利虎混装品,001,白玻,3.5,2200,1700,0.2
00102008,利虎混装品,001,白玻,3.5,2200,1500,0.2
00102007,利虎混装品,001,白玻,3.5,2000,1500,0.2
00102006,利虎合格品,001,白玻,8,3660,2440,0.2
00102005,利虎合格品,001,白玻,7.8,3660,2440,0.2
00102004,利虎合格品,001,白玻,7.5,3660,2000,0.2
00102003,利虎合格品,001,白玻,7,3660,2440,0.2
00102002,利虎合格品,001,白玻,7,3660,2134,0.2
00102001,利虎合格品,001,白玻,4.4,3300,2440,0.2
00102000,利虎合格品,001,白玻,4.3,3660,2250,0.2
00101999,醴陵旗滨白玻,001,白玻,4.5,3660,2440,0
00101998,廊坊金彪普白一等品,001,白玻,15,5000,3300,0
00101997,廊坊金彪普白一等品,001,白玻,15,4000,3300,0.2
00101996,廊坊金彪普白一等品,001,白玻,15,3660,2800,0.2
00101995,廊坊金彪普白一等品,001,白玻,15,3660,2600,0.2
00101994,廊坊金彪普白一等品,001,白玻,15,3660,2440,0.2
00101993,廊坊金彪普白一等品,001,白玻,15,3660,2140,0.2
00101992,廊坊金彪普白一等品,001,白玻,15,3300,2440,0.2
00101991,廊坊金彪普白一等品,001,白玻,10,3660,2440,0
00101990,廊坊金彪普白一等品,001,白玻,5,3660,2440,0
00101989,廊坊金彪普白一等品,001,白玻,4.5,3660,2440,0
00101988,廊坊金彪普白一等品,001,白玻,4,3660,2440,0
00101987,廊坊金彪普白汽车级,001,白玻,19,3660,2600,0
00101986,廊坊金彪普白汽车级,001,白玻,15,3660,2134,0.2
00101985,廊坊金彪白玻一等品,001,白玻,5,3660,2440,0
00101984,廊坊金彪白玻汽车级,001,白玻,5,3300,2440,0
00101983,廊坊金彪白玻建筑级,001,白玻,3,3300,2440,0
00101982,兰州蓝天一等品,001,白玻,8,3660,2440,0
00101981,兰州蓝天一等品,001,白玻,7.2,2440,1830,0.2
00101980,兰州蓝天一等品,001,白玻,6,3660,2600,0
00101979,兰州蓝天一等品,001,白玻,6,3660,2440,0
00101978,兰州蓝天一等品,001,白玻,6,3660,2280,0
00101977,兰州蓝天一等品,001,白玻,5,3660,2440,0
00101976,兰州蓝天一等品,001,白玻,4.6,3660,2600,0
00101975,兰州蓝天一等品,001,白玻,4.6,3660,2440,0
00101974,兰州蓝天一等品,001,白玻,4.6,3660,2280,0
00101973,兰州蓝天一等品,001,白玻,4.6,2440,2000,0.2
00101972,兰州蓝天一等品,001,白玻,4.6,2440,1830,0
00101971,兰州蓝天一等品,001,白玻,4,2200,2000,0
00101970,兰州蓝天一等品,001,白玻,3.5,2440,1830,0.2
00101969,兰州蓝天协议品,001,白玻,8,3660,2440,0
00101968,兰州蓝天合格品,001,白玻,8,3660,2440,0.2
00101967,兰州蓝天合格品,001,白玻,6,3660,2600,0.2
00101966,兰州蓝天合格品,001,白玻,6,3660,2440,0.2
00101965,兰州蓝天合格品,001,白玻,6,3660,2280,0.2
00101964,兰州蓝天合格品,001,白玻,5,3660,2600,0
00101963,兰州蓝天合格品,001,白玻,5,3660,2440,0.2
00101962,兰州蓝天合格品,001,白玻,5,3660,2280,0
00101961,兰州蓝天合格品,001,白玻,4.6,3660,2440,0
00101960,兰州蓝天合格品,001,白玻,4.6,2440,1830,0
00101959,康宇混装品,001,白玻,2,2440,2000,0.2
00101958,康宇混装品,001,白玻,2,2440,1900,0.2
00101957,康宇合格品,001,白玻,1.1,914,1220,0
00101956,凯盛晶华优等品,001,白玻,7.5,3660,2440,0.2
00101955,凯盛晶华一等品,001,白玻,12,4880,2140,0
00101954,凯盛晶华一等品,001,白玻,12,3660,2740,0
00101953,凯盛晶华一等品,001,白玻,12,3660,2440,0
00101952,凯盛晶华一等品,001,白玻,12,3660,2140,0
00101951,凯盛晶华一等品,001,白玻,10,3800,2290,0
00101950,凯盛晶华一等品,001,白玻,10,3660,2740,0
00101949,凯盛晶华一等品,001,白玻,10,3660,2440,0
00101948,凯盛晶华一等品,001,白玻,10,3660,2250,0
00101947,凯盛晶华一等品,001,白玻,10,3660,2140,0
00101946,凯盛晶华一等品,001,白玻,10,3300,2440,0
00101945,凯盛晶华一等品,001,白玻,8,4880,3300,0
00101944,凯盛晶华一等品,001,白玻,8,4880,2440,0
00101943,凯盛晶华一等品,001,白玻,8,3800,2440,0
00101942,凯盛晶华一等品,001,白玻,8,3660,2800,0
00101941,凯盛晶华一等品,001,白玻,8,3660,2740,0
00101940,凯盛晶华一等品,001,白玻,8,3660,2550,0
00101939,凯盛晶华一等品,001,白玻,8,3660,2440,0
00101938,凯盛晶华一等品,001,白玻,8,3660,2250,0
00101937,凯盛晶华一等品,001,白玻,8,3660,2140,0
00101936,凯盛晶华一等品,001,白玻,8,3660,2000,0
00101935,凯盛晶华一等品,001,白玻,8,3300,2440,0
00101934,凯盛晶华一等品,001,白玻,8,3300,2250,0
00101933,凯盛晶华一等品,001,白玻,8,3300,2140,0
00101932,凯盛晶华一等品,001,白玻,8,3050,2800,0
00101931,凯盛晶华一等品,001,白玻,8,3050,2740,0
00101930,凯盛晶华一等品,001,白玻,8,3050,2140,0
00101929,凯盛晶华一等品,001,白玻,7.6,3660,2600,0
00101928,凯盛晶华一等品,001,白玻,7.6,3660,2440,0
00101927,凯盛晶华一等品,001,白玻,7.6,3660,2250,0
00101926,凯盛晶华一等品,001,白玻,7.5,3660,2600,0
00101925,凯盛晶华一等品,001,白玻,7.5,3660,2440,0
00101924,凯盛晶华一等品,001,白玻,7.5,3660,2250,0
00101923,凯盛晶华一等品,001,白玻,7.3,3660,2800,0
00101922,凯盛晶华一等品,001,白玻,7.3,3660,2440,0
00101921,凯盛晶华一等品,001,白玻,7.2,3660,2440,0.2
00101920,凯盛晶华一等品,001,白玻,6,4880,3300,0
00101919,凯盛晶华一等品,001,白玻,6,3660,2800,0
00101918,凯盛晶华一等品,001,白玻,6,3660,2740,0
00101917,凯盛晶华一等品,001,白玻,6,3660,2600,0
00101916,凯盛晶华一等品,001,白玻,6,3660,2550,0
00101915,凯盛晶华一等品,001,白玻,6,3660,2500,0
00101914,凯盛晶华一等品,001,白玻,6,3660,2440,0
00101913,凯盛晶华一等品,001,白玻,6,3660,2250,0
00101912,凯盛晶华一等品,001,白玻,6,3660,2140,0
00101911,凯盛晶华一等品,001,白玻,6,3660,2050,0
00101910,凯盛晶华一等品,001,白玻,6,3660,2000,0
00101909,凯盛晶华一等品,001,白玻,6,3300,2800,0
00101908,凯盛晶华一等品,001,白玻,6,3300,2760,0
00101907,凯盛晶华一等品,001,白玻,6,3300,2600,0
00101906,凯盛晶华一等品,001,白玻,6,3300,2440,0
00101905,凯盛晶华一等品,001,白玻,6,3300,2250,0
00101904,凯盛晶华一等品,001,白玻,6,3300,2140,0
00101903,凯盛晶华一等品,001,白玻,6,3300,1830,0
00101902,凯盛晶华一等品,001,白玻,6,3050,2740,0
00101901,凯盛晶华一等品,001,白玻,6,3050,2630,0
00101900,凯盛晶华一等品,001,白玻,6,3050,2140,0
00101899,凯盛晶华一等品,001,白玻,5,3660,2740,0
00101898,凯盛晶华一等品,001,白玻,5,3660,2600,0
00101897,凯盛晶华一等品,001,白玻,5,3660,2550,0
00101896,凯盛晶华一等品,001,白玻,5,3660,2440,0
00101895,凯盛晶华一等品,001,白玻,5,3660,2290,0
00101894,凯盛晶华一等品,001,白玻,5,3660,2140,0
00101893,凯盛晶华一等品,001,白玻,5,3300,2630,0
00101892,凯盛晶华一等品,001,白玻,5,3300,2140,0
00101891,凯盛晶华一等品,001,白玻,5,3210,2550,0
00101890,凯盛晶华一等品,001,白玻,5,3050,2800,0
00101889,凯盛晶华一等品,001,白玻,5,3050,2740,0
00101888,凯盛晶华一等品,001,白玻,5,3050,2440,0
00101887,凯盛晶华一等品,001,白玻,5,3050,2140,0
00101886,凯盛晶华一等品,001,白玻,5,2440,2000,0
00101885,凯盛晶华一等品,001,白玻,4.9,3660,2740,0
00101884,凯盛晶华一等品,001,白玻,4.9,3660,2630,0
00101883,凯盛晶华一等品,001,白玻,4.9,3660,2600,0
00101882,凯盛晶华一等品,001,白玻,4.9,3660,2440,0
00101881,凯盛晶华一等品,001,白玻,4.9,3660,2250,0
00101880,凯盛晶华一等品,001,白玻,4.9,3660,2140,0
00101879,凯盛晶华一等品,001,白玻,4.9,3300,2740,0
00101878,凯盛晶华一等品,001,白玻,4.9,3300,2440,0
00101877,凯盛晶华一等品,001,白玻,4.9,3050,2740,0
00101876,凯盛晶华一等品,001,白玻,4.9,2440,2000,0
00101875,凯盛晶华一等品,001,白玻,4.8,3660,2440,0
00101874,凯盛晶华一等品,001,白玻,4.7,3660,2440,0
00101873,凯盛晶华一等品,001,白玻,4.5,3660,2440,0
00101872,凯盛晶华一等品,001,白玻,4.4,3660,2440,0
00101871,凯盛晶华一等品,001,白玻,4.3,3660,2600,0
00101870,凯盛晶华一等品,001,白玻,4.3,3660,2440,0
00101869,凯盛晶华一等品,001,白玻,4.3,3660,2280,0
00101868,凯盛晶华一等品,001,白玻,4.2,3660,2440,0
00101867,凯盛晶华一等品,001,白玻,4.1,3660,2440,0
00101866,凯盛晶华一等品,001,白玻,4.1,3660,2250,0
00101865,凯盛晶华一等品,001,白玻,4,3680,2440,0
00101864,凯盛晶华一等品,001,白玻,4,3680,2140,0
00101863,凯盛晶华一等品,001,白玻,4,3660,2760,0
00101862,凯盛晶华一等品,001,白玻,4,3660,2740,0
00101861,凯盛晶华一等品,001,白玻,4,3660,2440,0
00101860,凯盛晶华一等品,001,白玻,4,3660,2250,0
00101859,凯盛晶华一等品,001,白玻,4,3660,2140,0
00101858,凯盛晶华一等品,001,白玻,4,3300,2740,0
00101857,凯盛晶华一等品,001,白玻,4,3300,2440,0
00101856,凯盛晶华一等品,001,白玻,4,3300,2250,0
00101855,凯盛晶华一等品,001,白玻,4,3300,2140,0
00101854,凯盛晶华一等品,001,白玻,4,3210,2440,0
00101853,凯盛晶华一等品,001,白玻,4,3210,2250,0
00101852,凯盛晶华一等品,001,白玻,4,3210,2140,0
00101851,凯盛晶华一等品,001,白玻,3.9,3680,2440,0
00101850,凯盛晶华一等品,001,白玻,3.9,3660,2740,0
00101849,凯盛晶华一等品,001,白玻,3.9,3660,2550,0
00101848,凯盛晶华一等品,001,白玻,3.9,3660,2440,0
00101847,凯盛晶华一等品,001,白玻,3.9,3660,2250,0
00101846,凯盛晶华一等品,001,白玻,3.9,3660,2200,0
00101845,凯盛晶华一等品,001,白玻,3.9,3660,2140,0
00101844,凯盛晶华一等品,001,白玻,3.9,3300,2550,0
00101843,凯盛晶华一等品,001,白玻,3.9,3300,2440,0
00101842,凯盛晶华一等品,001,白玻,3.9,3300,2250,0
00101841,凯盛晶华一等品,001,白玻,3.9,3300,2140,0
00101840,凯盛晶华一等品,001,白玻,3.9,3210,2440,0
00101839,凯盛晶华一等品,001,白玻,3.9,3050,2440,0
00101838,凯盛晶华一等品,001,白玻,3.9,3050,2140,0
00101837,凯盛晶华一等品,001,白玻,3.9,2440,1830,0
00101836,凯盛晶华一等品,001,白玻,3.8,3660,2440,0
00101835,凯盛晶华一等品,001,白玻,3.8,3660,2250,0
00101834,凯盛晶华一等品,001,白玻,3.6,3660,2440,0
00101833,凯盛晶华一等品,001,白玻,3.6,2440,1830,0
00101832,凯盛晶华一等品,001,白玻,3.5,3660,2250,0
00101831,凯盛晶华一等品,001,白玻,3.4,3660,2440,0
00101830,凯盛晶华一等品,001,白玻,3.4,3660,2280,0
00101829,凯盛晶华一等品,001,白玻,3.4,3660,2250,0
00101828,凯盛晶华一等品,001,白玻,3.3,3660,2440,0.1
00101827,凯盛晶华一等品,001,白玻,3.3,3660,2250,0
00101826,凯盛晶华一等品,001,白玻,3.2,3660,2440,0
00101825,凯盛晶华一等品,001,白玻,3.2,2440,2000,0
00101824,凯盛晶华一等品,001,白玻,3.2,2440,1830,0
00101823,凯盛晶华一等品,001,白玻,3,3660,2440,0
00101822,凯盛晶华一等品,001,白玻,3,3420,2440,0
00101821,凯盛晶华一等品,001,白玻,3,3300,2600,0
00101820,凯盛晶华一等品,001,白玻,3,3050,2440,0
00101819,凯盛晶华一等品,001,白玻,3,2440,2140,0
00101818,凯盛晶华一等品,001,白玻,3,2440,2000,0.2
00101817,凯盛晶华一等品,001,白玻,3,2440,1830,0.2
00101816,凯盛晶华一等品,001,白玻,2.9,3660,2440,0.1
00101815,凯盛晶华一等品,001,白玻,2.9,3300,2140,0
00101814,凯盛晶华一等品,001,白玻,2.9,2440,2000,0.1
00101813,凯盛晶华一等品,001,白玻,2.9,2440,1830,0.1
00101812,凯盛晶华一等品,001,白玻,2.9,2250,1605,0
00101811,凯盛晶华一等品,001,白玻,2.5,2440,1830,0
00101810,凯盛晶华混装品,001,白玻,12,3660,2440,0.1
00101809,凯盛晶华混装品,001,白玻,12,3300,2440,0
00101808,凯盛晶华混装品,001,白玻,10,3300,2440,0
00101807,凯盛晶华混装品,001,白玻,10,3300,2140,0
00101806,凯盛晶华混装品,001,白玻,7.3,3660,2440,0
00101805,凯盛晶华混装品,001,白玻,7.2,3660,2600,0.2
00101804,凯盛晶华混装品,001,白玻,7.2,3660,2440,0
00101803,凯盛晶华混装品,001,白玻,7.2,3660,2250,0
00101802,凯盛晶华混装品,001,白玻,7.2,3660,2140,0
00101801,凯盛晶华混装品,001,白玻,7.2,3660,2000,0
00101800,凯盛晶华混装品,001,白玻,7,3660,2440,0
00101799,凯盛晶华混装品,001,白玻,7,3660,2250,0
00101798,凯盛晶华混装品,001,白玻,7,3660,2140,0
00101797,凯盛晶华混装品,001,白玻,6,3660,2440,0
00101796,凯盛晶华混装品,001,白玻,6,3660,2250,0
00101795,凯盛晶华混装品,001,白玻,6,3660,2140,0
00101794,凯盛晶华混装品,001,白玻,5,3660,2440,0.15
00101793,凯盛晶华混装品,001,白玻,4.9,3660,2600,0
00101792,凯盛晶华混装品,001,白玻,4.9,3660,2440,0
00101791,凯盛晶华混装品,001,白玻,4.9,3660,2250,0
00101790,凯盛晶华混装品,001,白玻,4.5,3660,2140,0
00101789,凯盛晶华混装品,001,白玻,4.4,3660,2440,0.1
00101788,凯盛晶华混装品,001,白玻,4.3,3660,2600,0
00101787,凯盛晶华混装品,001,白玻,4.3,3660,2440,0
00101786,凯盛晶华混装品,001,白玻,4.3,3660,2250,0
00101785,凯盛晶华混装品,001,白玻,4.2,3660,2440,0
00101784,凯盛晶华混装品,001,白玻,4.1,3660,2440,0
00101783,凯盛晶华混装品,001,白玻,4,3660,2440,0
00101782,凯盛晶华混装品,001,白玻,4,3300,2140,0
00101781,凯盛晶华混装品,001,白玻,4,3210,2440,0
00101780,凯盛晶华混装品,001,白玻,4,2440,1830,0
00101779,凯盛晶华混装品,001,白玻,4,2140,1850,0
00101778,凯盛晶华混装品,001,白玻,3.9,3660,2440,0
00101777,凯盛晶华混装品,001,白玻,3.9,3660,2250,0
00101776,凯盛晶华混装品,001,白玻,3.9,3300,2140,0
00101775,凯盛晶华混装品,001,白玻,3.9,3050,2140,0.15
00101774,凯盛晶华混装品,001,白玻,3.9,2440,1830,0
00101773,凯盛晶华混装品,001,白玻,3.8,3660,2440,0
00101772,凯盛晶华混装品,001,白玻,3.8,3660,2250,0
00101771,凯盛晶华混装品,001,白玻,3.8,2440,2000,0
00101770,凯盛晶华混装品,001,白玻,3.8,2140,1850,0
00101769,凯盛晶华混装品,001,白玻,3.7,2440,2000,0
00101768,凯盛晶华混装品,001,白玻,3.2,3660,2440,0.1
00101767,凯盛晶华混等品,001,白玻,3.9,3300,2140,0
00101766,凯盛晶华混等品,001,白玻,3.3,3660,2440,0.1
00101765,凯盛晶华混等品,001,白玻,3.3,3660,2250,0.1
00101764,凯盛晶华混等品,001,白玻,3.3,2200,2000,0
00101763,凯盛晶华合格品,001,白玻,10,3300,2740,0
00101762,凯盛晶华合格品,001,白玻,10,3300,2440,0
00101761,凯盛晶华合格品,001,白玻,8,3660,2760,0
00101760,凯盛晶华合格品,001,白玻,8,3660,2740,0
00101759,凯盛晶华合格品,001,白玻,8,3660,2600,0
00101758,凯盛晶华合格品,001,白玻,8,3660,2440,0
00101757,凯盛晶华合格品,001,白玻,8,3660,2140,0
00101756,凯盛晶华合格品,001,白玻,8,3300,2740,0
00101755,凯盛晶华合格品,001,白玻,8,3300,2600,0
00101754,凯盛晶华合格品,001,白玻,8,3300,2440,0
00101753,凯盛晶华合格品,001,白玻,8,3300,2290,0
00101752,凯盛晶华合格品,001,白玻,8,3300,2250,0
00101751,凯盛晶华合格品,001,白玻,8,3050,2740,0
00101750,凯盛晶华合格品,001,白玻,8,3050,2440,0
00101749,凯盛晶华合格品,001,白玻,7.3,3660,2440,0
00101748,凯盛晶华合格品,001,白玻,7.3,3660,2000,0
00101747,凯盛晶华合格品,001,白玻,7.2,3660,2440,0
00101746,凯盛晶华合格品,001,白玻,6,3660,2800,0
00101745,凯盛晶华合格品,001,白玻,6,3660,2740,0
00101744,凯盛晶华合格品,001,白玻,6,3660,2630,0
00101743,凯盛晶华合格品,001,白玻,6,3660,2550,0
00101742,凯盛晶华合格品,001,白玻,6,3660,2440,0
00101741,凯盛晶华合格品,001,白玻,6,3660,2250,0
00101740,凯盛晶华合格品,001,白玻,6,3660,2140,0
00101739,凯盛晶华合格品,001,白玻,6,3300,2800,0
00101738,凯盛晶华合格品,001,白玻,6,3300,2740,0
00101737,凯盛晶华合格品,001,白玻,6,3300,2600,0
00101736,凯盛晶华合格品,001,白玻,6,3300,2440,0
00101735,凯盛晶华合格品,001,白玻,6,3300,2250,0
00101734,凯盛晶华合格品,001,白玻,6,3300,2140,0
00101733,凯盛晶华合格品,001,白玻,5,3660,2800,0
00101732,凯盛晶华合格品,001,白玻,5,3660,2760,0
00101731,凯盛晶华合格品,001,白玻,5,3660,2740,0
00101730,凯盛晶华合格品,001,白玻,5,3660,2630,0
00101729,凯盛晶华合格品,001,白玻,5,3660,2550,0
00101728,凯盛晶华合格品,001,白玻,5,3660,2440,0
00101727,凯盛晶华合格品,001,白玻,5,3660,2250,0
00101726,凯盛晶华合格品,001,白玻,5,3660,2140,0
00101725,凯盛晶华合格品,001,白玻,5,3300,2550,0
00101724,凯盛晶华合格品,001,白玻,5,3300,2440,0
00101723,凯盛晶华合格品,001,白玻,5,3300,2250,0
00101722,凯盛晶华合格品,001,白玻,5,3300,2140,0
00101721,凯盛晶华合格品,001,白玻,5,3210,2550,0
00101720,凯盛晶华合格品,001,白玻,5,3210,2000,0
00101719,凯盛晶华合格品,001,白玻,5,3050,2250,0
00101718,凯盛晶华合格品,001,白玻,5,3050,2140,0
00101717,凯盛晶华合格品,001,白玻,4.9,3660,2440,0
00101716,凯盛晶华合格品,001,白玻,4.5,3660,2440,0
00101715,凯盛晶华合格品,001,白玻,4.5,3300,2440,0
00101714,凯盛晶华合格品,001,白玻,4.3,3660,2440,0
00101713,凯盛晶华合格品,001,白玻,4.2,3660,2440,0
00101712,凯盛晶华合格品,001,白玻,4,3660,2760,0
00101711,凯盛晶华合格品,001,白玻,4,3660,2740,0
00101710,凯盛晶华合格品,001,白玻,4,3660,2600,0
00101709,凯盛晶华合格品,001,白玻,4,3660,2550,0
00101708,凯盛晶华合格品,001,白玻,4,3660,2440,0
00101707,凯盛晶华合格品,001,白玻,4,3660,2250,0
00101706,凯盛晶华合格品,001,白玻,4,3660,2140,0
00101705,凯盛晶华合格品,001,白玻,4,3660,2000,0
00101704,凯盛晶华合格品,001,白玻,4,3300,2740,0
00101703,凯盛晶华合格品,001,白玻,4,3300,2550,0
00101702,凯盛晶华合格品,001,白玻,4,3300,2440,0
00101701,凯盛晶华合格品,001,白玻,4,3300,2250,0
00101700,凯盛晶华合格品,001,白玻,4,3300,2140,0
00101699,凯盛晶华合格品,001,白玻,4,3300,2000,0
00101698,凯盛晶华合格品,001,白玻,4,3210,2550,0
00101697,凯盛晶华合格品,001,白玻,4,3210,2440,0
00101696,凯盛晶华合格品,001,白玻,4,3210,2400,0
00101695,凯盛晶华合格品,001,白玻,4,3210,2250,0
00101694,凯盛晶华合格品,001,白玻,4,3210,2140,0
00101693,凯盛晶华合格品,001,白玻,3.9,3660,2440,0
00101692,凯盛晶华合格品,001,白玻,3.9,3660,2250,0
00101691,凯盛晶华合格品,001,白玻,3.9,3660,2140,0
00101690,凯盛晶华合格品,001,白玻,3.9,3300,2550,0
00101689,凯盛晶华合格品,001,白玻,3.9,3300,2440,0
00101688,凯盛晶华合格品,001,白玻,3.9,3300,2250,0
00101687,凯盛晶华合格品,001,白玻,3.8,3660,2440,0
00101686,凯盛晶华合格品,001,白玻,3.6,3660,2440,0
00101685,凯盛晶华合格品,001,白玻,3.4,3660,2440,0
00101684,凯盛晶华合格品,001,白玻,3.2,3660,2440,0
00101683,凯盛晶华合格品,001,白玻,3.2,2505,1880,0
00101682,凯盛晶华合格品,001,白玻,3.2,2088,1880,0
00101681,凯盛晶华合格品,001,白玻,3,3660,2550,0
00101680,凯盛晶华合格品,001,白玻,3,3660,2440,0
00101679,凯盛晶华合格品,001,白玻,3,3660,2250,0
00101678,凯盛晶华合格品,001,白玻,3,3660,2140,0
00101677,凯盛晶华合格品,001,白玻,3,3300,2550,0
00101676,凯盛晶华合格品,001,白玻,3,3300,2440,0
00101675,凯盛晶华合格品,001,白玻,3,3300,2250,0
00101674,凯盛晶华合格品,001,白玻,3,3300,2140,0
00101673,凯盛晶华合格品,001,白玻,3,3050,2440,0
00101672,凯盛晶华合格品,001,白玻,3,3050,2140,0
00101671,凯盛晶华合格品,001,白玻,3,2440,2000,0.2
00101670,凯盛晶华合格品,001,白玻,3,2440,1830,0
00101669,凯盛晶华合格品,001,白玻,2.9,2760,2140,0
00101668,凯盛大明汽车级B,001,白玻,10,3660,2134,0.2
00101667,凯盛大明汽车级B,001,白玻,8,3660,2440,0.2
00101666,凯盛大明汽车级B,001,白玻,8,3660,2134,0.2
00101665,凯盛大明汽车级B,001,白玻,6,3660,2440,0.2
00101664,凯盛大明汽车级B,001,白玻,6,3660,2134,0.2
00101663,凯盛大明汽车级B,001,白玻,5,2440,1830,0.2
00101662,凯盛大明汽车级,001,白玻,12,3660,2600,0
00101661,凯盛大明汽车级,001,白玻,10,3660,2800,0
00101660,凯盛大明汽车级,001,白玻,10,3660,2134,0
00101659,凯盛大明汽车级,001,白玻,8,3660,2800,0
00101658,凯盛大明汽车级,001,白玻,8,3660,2440,0
00101657,凯盛大明汽车级,001,白玻,8,3660,2280,0
00101656,凯盛大明汽车级,001,白玻,7.5,3660,2440,0.25
00101655,凯盛大明汽车级,001,白玻,7.5,3660,2000,0.25
00101654,凯盛大明汽车级,001,白玻,7.4,3660,2440,0.15
00101653,凯盛大明汽车级,001,白玻,7.4,3660,2000,0.15
00101652,凯盛大明汽车级,001,白玻,7,2440,3660,0
00101651,凯盛大明汽车级,001,白玻,6,3660,2800,0
00101650,凯盛大明汽车级,001,白玻,6,3660,2600,0
00101649,凯盛大明汽车级,001,白玻,6,3660,2440,0
00101648,凯盛大明汽车级,001,白玻,6,3660,2280,0
00101647,凯盛大明汽车级,001,白玻,6,3660,2134,0
00101646,凯盛大明汽车级,001,白玻,5,3660,2600,0
00101645,凯盛大明汽车级,001,白玻,5,3660,2440,0
00101644,凯盛大明汽车级,001,白玻,4.8,3660,2800,0
00101643,凯盛大明汽车级,001,白玻,4.8,3660,2600,0
00101642,凯盛大明汽车级,001,白玻,4.8,3660,2440,0
00101641,凯盛大明汽车级,001,白玻,4.8,3660,2280,0
00101640,凯盛大明汽车级,001,白玻,4.6,3660,2600,0
00101639,凯盛大明汽车级,001,白玻,4.6,3660,2440,0.2
00101638,凯盛大明汽车级,001,白玻,4.5,3660,2440,0
00101637,凯盛大明汽车级,001,白玻,4,3660,2440,0
00101636,凯盛大明汽车级,001,白玻,3.8,3660,2200,0
00101635,凯盛大明汽车级,001,白玻,3.5,3660,2200,0
00101634,凯盛大明汽车级,001,白玻,3.5,2440,1830,0.2
00101633,凯盛大明汽车级,001,白玻,3.5,2200,1830,0.2
00101632,凯盛大明建筑级,001,白玻,8,3660,2440,0.2
00101631,凯盛大明建筑级,001,白玻,6,3660,2440,0
00101630,凯盛大明建筑级,001,白玻,6,3660,2134,0.2
00101629,凯盛大明建筑级,001,白玻,6,2440,1830,0.2
00101628,凯盛大明建筑级,001,白玻,4.6,3660,2440,0
00101627,凯盛大明建筑级,001,白玻,4.6,2440,1830,0.2
00101626,凯盛大明建筑A级,001,白玻,4.6,3660,2440,0.2
00101625,凯盛大明建筑A级,001,白玻,4.6,2440,1830,0.2
00101624,巨润优质加工级A,001,白玻,12,3660,2800,0
00101623,巨润优质加工级A,001,白玻,10,3660,2600,0
00101622,巨润优质加工级A,001,白玻,6,3660,2600,0
00101621,巨润优质加工级A,001,白玻,6,3660,2440,0
00101620,巨润优质加工级A,001,白玻,6,3300,2800,0
00101619,巨润优质加工级A,001,白玻,6,3300,2134,0
00101618,巨润优质加工级A,001,白玻,5,3660,2800,0
00101617,巨润优质加工级A,001,白玻,5,3660,2440,0
00101616,巨润优质加工级A,001,白玻,5,3660,2280,0
00101615,巨润优质加工级A,001,白玻,5,3300,2600,0
00101614,巨润优质加工级A,001,白玻,5,3300,2440,0
00101613,巨润优质加工级A,001,白玻,5,3300,2280,0
00101612,巨润优质加工级A,001,白玻,5,3300,2134,0
00101611,巨润优等品,001,白玻,5,3300,2440,0
00101610,巨润优等品,001,白玻,4.2,3660,2440,0.2
00101609,巨润一等品,001,白玻,12,4200,2800,0
00101608,巨润一等品,001,白玻,12,4200,2600,0
00101607,巨润一等品,001,白玻,12,4200,2440,0
00101606,巨润一等品,001,白玻,12,4200,2280,0
00101605,巨润一等品,001,白玻,12,4200,2134,0
00101604,巨润一等品,001,白玻,12,3660,2800,0
00101603,巨润一等品,001,白玻,12,3660,2600,0
00101602,巨润一等品,001,白玻,12,3660,2440,0
00101601,巨润一等品,001,白玻,12,3660,2280,0
00101600,巨润一等品,001,白玻,12,3660,2134,0
00101599,巨润一等品,001,白玻,12,3300,2800,0
00101598,巨润一等品,001,白玻,12,3300,2440,0
00101597,巨润一等品,001,白玻,10,4200,2800,0
00101596,巨润一等品,001,白玻,10,4200,2600,0.2
00101595,巨润一等品,001,白玻,10,4200,2440,0
00101594,巨润一等品,001,白玻,10,4200,2280,0
00101593,巨润一等品,001,白玻,10,4200,2140,0
00101592,巨润一等品,001,白玻,10,4200,2134,0
00101591,巨润一等品,001,白玻,10,3660,2800,0
00101590,巨润一等品,001,白玻,10,3660,2600,0
00101589,巨润一等品,001,白玻,10,3660,2440,0
00101588,巨润一等品,001,白玻,10,3660,2280,0
00101587,巨润一等品,001,白玻,10,3660,2250,0
00101586,巨润一等品,001,白玻,10,3660,2140,0
00101585,巨润一等品,001,白玻,10,3660,2134,0
00101584,巨润一等品,001,白玻,10,3660,2003,0
00101583,巨润一等品,001,白玻,10,3300,2800,0
00101582,巨润一等品,001,白玻,10,3300,2440,0
00101581,巨润一等品,001,白玻,10,3300,2250,0
00101580,巨润一等品,001,白玻,10,3300,2140,0
00101579,巨润一等品,001,白玻,10,3300,2134,0
00101578,巨润一等品,001,白玻,8,4880,3300,0
00101577,巨润一等品,001,白玻,8,4200,2800,0
00101576,巨润一等品,001,白玻,8,4200,2600,0
00101575,巨润一等品,001,白玻,8,4200,2440,0
00101574,巨润一等品,001,白玻,8,4200,2280,0
00101573,巨润一等品,001,白玻,8,3900,2440,0
00101572,巨润一等品,001,白玻,8,3660,2800,0
00101571,巨润一等品,001,白玻,8,3660,2600,0
00101570,巨润一等品,001,白玻,8,3660,2440,0
00101569,巨润一等品,001,白玻,8,3660,2280,0
00101568,巨润一等品,001,白玻,8,3660,2140,0
00101567,巨润一等品,001,白玻,8,3660,2134,0
00101566,巨润一等品,001,白玻,8,3660,2040,0
00101565,巨润一等品,001,白玻,8,3660,2003,0
00101564,巨润一等品,001,白玻,8,3660,1953,0
00101563,巨润一等品,001,白玻,8,3660,1950,0
00101562,巨润一等品,001,白玻,8,3660,1900,0
00101561,巨润一等品,001,白玻,8,3660,1800,0
00101560,巨润一等品,001,白玻,8,3660,1700,0
00101559,巨润一等品,001,白玻,8,3660,1600,0
00101558,巨润一等品,001,白玻,8,3600,1600,0
00101557,巨润一等品,001,白玻,8,3300,2600,0
00101556,巨润一等品,001,白玻,8,3300,2440,0
00101555,巨润一等品,001,白玻,8,3300,2250,0
00101554,巨润一等品,001,白玻,8,3300,2140,0
00101553,巨润一等品,001,白玻,8,3300,2134,0
00101552,巨润一等品,001,白玻,7.8,3660,2440,0
00101551,巨润一等品,001,白玻,7.8,3660,2280,0
00101550,巨润一等品,001,白玻,7.8,3660,2134,0
00101549,巨润一等品,001,白玻,7.8,3660,2000,0
00101548,巨润一等品,001,白玻,7.5,3660,2440,0
00101547,巨润一等品,001,白玻,7.5,3660,2280,0
00101546,巨润一等品,001,白玻,7.5,3660,2000,0
00101545,巨润一等品,001,白玻,7.3,3660,2440,0
00101544,巨润一等品,001,白玻,7.3,3660,2280,0
00101543,巨润一等品,001,白玻,7.3,3660,2000,0
00101542,巨润一等品,001,白玻,7.2,3660,2440,0
00101541,巨润一等品,001,白玻,7.2,3660,2000,0
00101540,巨润一等品,001,白玻,7.2,2800,1950,0
00101539,巨润一等品,001,白玻,7.2,2800,1850,0
00101538,巨润一等品,001,白玻,7.2,2680,2000,0
00101537,巨润一等品,001,白玻,7,3660,2600,0
00101536,巨润一等品,001,白玻,7,3660,2440,0.2
00101535,巨润一等品,001,白玻,7,3660,2280,0
00101534,巨润一等品,001,白玻,7,3660,2000,0
00101533,巨润一等品,001,白玻,6.4,4200,2280,0
00101532,巨润一等品,001,白玻,6,4880,3050,0
00101531,巨润一等品,001,白玻,6,4200,2800,0
00101530,巨润一等品,001,白玻,6,4200,2700,0
00101529,巨润一等品,001,白玻,6,4200,2600,0
00101528,巨润一等品,001,白玻,6,4200,2440,0
00101527,巨润一等品,001,白玻,6,4200,2134,0
00101526,巨润一等品,001,白玻,6,3900,2800,0
00101525,巨润一等品,001,白玻,6,3900,2600,0
00101524,巨润一等品,001,白玻,6,3900,2440,0
00101523,巨润一等品,001,白玻,6,3660,2800,0
00101522,巨润一等品,001,白玻,6,3660,2600,0
00101521,巨润一等品,001,白玻,6,3660,2440,0
00101520,巨润一等品,001,白玻,6,3660,2280,0
00101519,巨润一等品,001,白玻,6,3660,2134,0
00101518,巨润一等品,001,白玻,6,3660,2000,0
00101517,巨润一等品,001,白玻,6,3660,1800,0
00101516,巨润一等品,001,白玻,6,3660,1700,0
00101515,巨润一等品,001,白玻,6,3660,1600,0
00101514,巨润一等品,001,白玻,6,3300,2800,0
00101513,巨润一等品,001,白玻,6,3300,2600,0
00101512,巨润一等品,001,白玻,6,3300,2440,0
00101511,巨润一等品,001,白玻,6,3300,2280,0
00101510,巨润一等品,001,白玻,6,3300,2250,0
00101509,巨润一等品,001,白玻,6,3300,2149,0
00101508,巨润一等品,001,白玻,6,3300,2134,0
00101507,巨润一等品,001,白玻,6,3300,1500,0
00101506,巨润一等品,001,白玻,6,2440,2000,0
00101505,巨润一等品,001,白玻,5,3660,2800,0
00101504,巨润一等品,001,白玻,5,3660,2600,0
00101503,巨润一等品,001,白玻,5,3660,2440,0
00101502,巨润一等品,001,白玻,5,3660,2280,0
00101501,巨润一等品,001,白玻,5,3660,2134,0
00101500,巨润一等品,001,白玻,5,3300,2800,0
00101499,巨润一等品,001,白玻,5,3300,2600,0
00101498,巨润一等品,001,白玻,5,3300,2440,0
00101497,巨润一等品,001,白玻,5,3300,2280,0
00101496,巨润一等品,001,白玻,5,3300,2250,0
00101495,巨润一等品,001,白玻,5,3300,2134,0
00101494,巨润一等品,001,白玻,5,2790,2000,0
00101493,巨润一等品,001,白玻,5,2790,1900,0
00101492,巨润一等品,001,白玻,4.9,3660,2440,0
00101491,巨润一等品,001,白玻,4.9,2980,2440,0
00101490,巨润一等品,001,白玻,4.5,3900,2800,0
00101489,巨润一等品,001,白玻,4.5,3900,2600,0
00101488,巨润一等品,001,白玻,4.5,3660,2440,0
00101487,巨润一等品,001,白玻,4.5,3660,2280,0
00101486,巨润一等品,001,白玻,4.5,3300,2280,0
00101485,巨润一等品,001,白玻,4.5,2700,2000,0
00101484,巨润一等品,001,白玻,4.4,2800,2000,0
00101483,巨润一等品,001,白玻,4.3,3660,2440,0
00101482,巨润一等品,001,白玻,4.3,2440,2000,0
00101481,巨润一等品,001,白玻,4.3,2440,1830,0
00101480,巨润一等品,001,白玻,4.2,3660,2800,0.2
00101479,巨润一等品,001,白玻,4.2,3660,2600,0.1
00101478,巨润一等品,001,白玻,4.2,3660,2440,0
00101477,巨润一等品,001,白玻,4.2,3660,2280,0
00101476,巨润一等品,001,白玻,4.2,3660,2134,0
00101475,巨润一等品,001,白玻,4.2,2980,2000,0
00101474,巨润一等品,001,白玻,4.2,2600,2000,0
00101473,巨润一等品,001,白玻,4.2,2440,2000,0
00101472,巨润一等品,001,白玻,4,3660,2440,0
00101471,巨润一等品,001,白玻,4,3300,2140,0
00101470,巨润一等品,001,白玻,3.9,3660,2440,0
00101469,巨润一等品,001,白玻,3.9,3300,2140,0
00101468,巨润一等品,001,白玻,3.7,3660,2440,0
00101467,巨润一等品,001,白玻,3.7,2440,2000,0
00101466,巨润一等品,001,白玻,3.7,2440,1830,0
00101465,巨润一等品,001,白玻,3.4,3660,2440,0
00101464,巨润一等品,001,白玻,3.4,3660,2250,0
00101463,巨润一等品,001,白玻,3.4,3660,2220,0
00101462,巨润一等品,001,白玻,3.4,2440,2000,0
00101461,巨润一等品,001,白玻,3.4,2440,1900,0
00101460,巨润一等品,001,白玻,3.4,2200,2000,0
00101459,巨润一等品,001,白玻,3.4,2200,1900,0
00101458,巨润一等品,001,白玻,3.3,3660,2250,0
00101457,巨润一等品,001,白玻,3.3,2440,2000,0
00101456,巨润一等品,001,白玻,3.3,2440,1900,0
00101455,巨润一等品,001,白玻,3.3,2200,2000,0
00101454,巨润家装,001,白玻,10,4200,2600,0
00101453,巨润合格品,001,白玻,12,3660,2800,0
00101452,巨润合格品,001,白玻,12,3660,2600,0
00101451,巨润合格品,001,白玻,12,3660,2440,0
00101450,巨润合格品,001,白玻,12,3660,2280,0
00101449,巨润合格品,001,白玻,12,3300,2600,0
00101448,巨润合格品,001,白玻,12,3300,2440,0
00101447,巨润合格品,001,白玻,8,4200,2800,0
00101446,巨润合格品,001,白玻,8,4200,2700,0
00101445,巨润合格品,001,白玻,8,3660,2800,0
00101444,巨润合格品,001,白玻,8,3660,2600,0
00101443,巨润合格品,001,白玻,8,3660,2440,0
00101442,巨润合格品,001,白玻,8,3660,2140,0
00101441,巨润合格品,001,白玻,8,3660,2134,0
00101440,巨润合格品,001,白玻,8,3660,1600,0
00101439,巨润合格品,001,白玻,8,3300,2140,0
00101438,巨润合格品,001,白玻,7.5,3660,2440,0
00101437,巨润合格品,001,白玻,7.3,3660,2440,0
00101436,巨润合格品,001,白玻,7.3,3660,2280,0
00101435,巨润合格品,001,白玻,7.3,3660,2000,0
00101434,巨润合格品,001,白玻,7.2,2680,2000,0
00101433,巨润合格品,001,白玻,7,3660,2440,0
00101432,巨润合格品,001,白玻,6,4880,3050,0
00101431,巨润合格品,001,白玻,6,4200,2600,0
00101430,巨润合格品,001,白玻,6,4200,2440,0
00101429,巨润合格品,001,白玻,6,3900,2800,0
00101428,巨润合格品,001,白玻,6,3900,2600,0
00101427,巨润合格品,001,白玻,6,3660,2900,0
00101426,巨润合格品,001,白玻,6,3660,2600,0
00101425,巨润合格品,001,白玻,6,3660,2440,0
00101424,巨润合格品,001,白玻,6,3660,2134,0
00101423,巨润合格品,001,白玻,6,3660,2000,0
00101422,巨润合格品,001,白玻,6,3660,1600,0
00101421,巨润合格品,001,白玻,6,3300,2800,0
00101420,巨润合格品,001,白玻,6,3300,2440,0
00101419,巨润合格品,001,白玻,5,3900,2600,0
00101418,巨润合格品,001,白玻,5,3660,2800,0
00101417,巨润合格品,001,白玻,5,3660,2600,0
00101416,巨润合格品,001,白玻,5,3660,2440,0
00101415,巨润合格品,001,白玻,5,3660,2280,0
00101414,巨润合格品,001,白玻,5,3660,2134,0
00101413,巨润合格品,001,白玻,5,3300,2800,0
00101412,巨润合格品,001,白玻,5,3300,2600,0
00101411,巨润合格品,001,白玻,5,3300,2440,0
00101410,巨润合格品,001,白玻,5,3300,2280,0
00101409,巨润合格品,001,白玻,5,2790,2000,0
00101408,巨润合格品,001,白玻,4.9,3660,2600,0
00101407,巨润合格品,001,白玻,4.9,3660,2440,0
00101406,巨润合格品,001,白玻,4.9,2980,2440,0
00101405,巨润合格品,001,白玻,4.5,3660,2600,0
00101404,巨润合格品,001,白玻,4.5,3660,2440,0
00101403,巨润合格品,001,白玻,4.5,3660,2280,0
00101402,巨润合格品,001,白玻,4.5,3300,2280,0
00101401,巨润合格品,001,白玻,4.4,2800,2000,0
00101400,巨润合格品,001,白玻,4.3,3660,2600,0
00101399,巨润合格品,001,白玻,4.3,3660,2440,0
00101398,巨润合格品,001,白玻,4.2,3660,2800,0
00101397,巨润合格品,001,白玻,4.2,3660,2600,0
00101396,巨润合格品,001,白玻,4.2,3660,2440,0
00101395,巨润合格品,001,白玻,4.2,3660,2280,0
00101394,巨润合格品,001,白玻,4.2,2440,2000,0
00101393,巨润合格品,001,白玻,4,3660,2440,0
00101392,巨润合格品,001,白玻,4,3300,2140,0
00101391,巨润合格品,001,白玻,3.9,3660,2440,0
00101390,巨润合格品,001,白玻,3.9,3300,2140,0
00101389,巨润合格品,001,白玻,3.7,3660,2440,0
00101388,巨润合格品,001,白玻,3.7,3660,2250,0
00101387,巨润合格品,001,白玻,3.7,2440,2000,0
00101386,巨润合格品,001,白玻,3.4,3660,2440,0
00101385,巨润合格品,001,白玻,3.4,3660,2220,0.2
00101384,巨润合格品,001,白玻,3.3,2440,2000,0
00101383,巨润白玻家装A,001,白玻,8,3660,2440,0
00101382,巨强白玻合格品,001,白玻,4.5,2440,1950,0
00101381,巨强白玻合格品,001,白玻,4,2440,1830,0
00101380,金宏阳优等品,001,白玻,10,3660,2800,0.4
00101379,金宏阳优等品,001,白玻,10,3660,2600,0.4
00101378,金宏阳优等品,001,白玻,10,3660,2440,0.4
00101377,金宏阳优等品,001,白玻,10,3660,2250,0.4
00101376,金宏阳优等品,001,白玻,10,3660,2140,0.4
00101375,金宏阳优等品,001,白玻,8,4880,2600,0.2
00101374,金宏阳优等品,001,白玻,8,4580,2600,0.2
00101373,金宏阳优等品,001,白玻,8,4580,2140,0.2
00101372,金宏阳优等品,001,白玻,8,4280,2800,0.2
00101371,金宏阳优等品,001,白玻,8,4280,2140,0.2
00101370,金宏阳优等品,001,白玻,8,4200,2440,0.2
00101369,金宏阳优等品,001,白玻,8,4200,2250,0.2
00101368,金宏阳优等品,001,白玻,8,4000,2800,0.2
00101367,金宏阳优等品,001,白玻,8,4000,2600,0.2
00101366,金宏阳优等品,001,白玻,8,4000,2440,0.4
00101365,金宏阳优等品,001,白玻,8,4000,2250,0.2
00101364,金宏阳优等品,001,白玻,8,3660,2800,0.4
00101363,金宏阳优等品,001,白玻,8,3660,2600,0.4
00101362,金宏阳优等品,001,白玻,8,3660,2440,0.4
00101361,金宏阳优等品,001,白玻,8,3660,2250,0.4
00101360,金宏阳优等品,001,白玻,8,3660,2140,0.4
00101359,金宏阳优等品,001,白玻,8,3300,2440,0.2
00101358,金宏阳优等品,001,白玻,7.2,3660,2600,0.2
00101357,金宏阳优等品,001,白玻,7.2,3660,2440,0.2
00101356,金宏阳优等品,001,白玻,7.2,3660,2250,0.2
00101355,金宏阳优等品,001,白玻,7.2,3660,2140,0.2
00101354,金宏阳优等品,001,白玻,7,3660,2440,0.2
00101353,金宏阳优等品,001,白玻,7,3660,2250,0.2
00101352,金宏阳优等品,001,白玻,7,3660,2140,0.2
00101351,金宏阳优等品,001,白玻,6,4280,2440,0.2
00101350,金宏阳优等品,001,白玻,6,4200,2440,0.2
00101349,金宏阳优等品,001,白玻,6,4000,2440,0.2
00101348,金宏阳优等品,001,白玻,6,4000,2250,0.2
00101347,金宏阳优等品,001,白玻,6,3660,2800,0.2
00101346,金宏阳优等品,001,白玻,6,3660,2740,0.2
00101345,金宏阳优等品,001,白玻,6,3660,2600,0.2
00101344,金宏阳优等品,001,白玻,6,3660,2440,0.2
00101343,金宏阳优等品,001,白玻,6,3660,2280,0.2
00101342,金宏阳优等品,001,白玻,6,3660,2250,0.2
00101341,金宏阳优等品,001,白玻,6,3660,2140,0.2
00101340,金宏阳优等品,001,白玻,6,3300,2600,0.2
00101339,金宏阳优等品,001,白玻,6,3300,2440,0.2
00101338,金宏阳优等品,001,白玻,6,3300,2250,0.2
00101337,金宏阳优等品,001,白玻,6,3300,2140,0.2
00101336,金宏阳优等品,001,白玻,5,4000,2440,0.2
00101335,金宏阳优等品,001,白玻,5,3660,2800,0.2
00101334,金宏阳优等品,001,白玻,5,3660,2740,0.2
00101333,金宏阳优等品,001,白玻,5,3660,2600,0.2
00101332,金宏阳优等品,001,白玻,5,3660,2440,0.2
00101331,金宏阳优等品,001,白玻,5,3660,2250,0.2
00101330,金宏阳优等品,001,白玻,5,3660,2140,0.2
00101329,金宏阳优等品,001,白玻,5,3300,2600,0.2
00101328,金宏阳优等品,001,白玻,5,3300,2440,0.2
00101327,金宏阳优等品,001,白玻,5,3300,2250,0.2
00101326,金宏阳优等品,001,白玻,4.6,3660,2440,0.25
00101325,金宏阳优等品,001,白玻,4.5,3660,2600,0.2
00101324,金宏阳优等品,001,白玻,4.5,3660,2440,0.2
00101323,金宏阳优等品,001,白玻,4.5,3660,2250,0.2
00101322,金宏阳优等品,001,白玻,4.5,3660,2140,0.2
00101321,金宏阳优等品,001,白玻,4.5,3300,2440,0.2
00101320,金宏阳优等品,001,白玻,4.4,3660,2440,0.25
00101319,金宏阳优等品,001,白玻,4.3,3660,2600,0.2
00101318,金宏阳优等品,001,白玻,4.3,3660,2440,0.2
00101317,金宏阳优等品,001,白玻,4.3,3660,2250,0.2
00101316,金宏阳优等品,001,白玻,4,3660,2440,0.2
00101315,金宏阳优等品,001,白玻,4,2440,2000,0.2
00101314,金宏阳优等品,001,白玻,4,2440,1900,0.2
00101313,金宏阳优等品,001,白玻,4,2440,1830,0.2
00101312,金宏阳优等品,001,白玻,3.5,3660,2440,0.2
00101311,金宏阳优等品,001,白玻,3.2,3660,2440,0.2
00101310,金宏阳优等品,001,白玻,3.2,2440,2000,0.2
00101309,金宏阳优等品,001,白玻,3,3660,2440,0.2
00101308,金宏阳优等品,001,白玻,3,2440,2000,0.2
00101307,金宏阳优等品,001,白玻,3,2440,1830,0.2
00101306,金宏阳优等品,001,白玻,2.8,2440,1900,0.2
00101305,金宏阳优等品,001,白玻,2.8,2440,1830,0.2
00101304,金宏阳优等品,001,白玻,2.6,2440,2000,0.1
00101303,金宏阳优等品,001,白玻,2.6,2440,1830,0.1
00101302,金宏阳优等品,001,白玻,2.1,2440,1830,0.2
00101301,金宏阳优等品,001,白玻,2,2440,2000,0.2
00101300,金宏阳优等品,001,白玻,2,2440,1830,0.2
00101299,金宏阳优等品,001,白玻,2,2440,1700,0.2
00101298,金宏阳优等品,001,白玻,2,2440,1600,0.2
00101297,金宏阳优等品,001,白玻,2,2200,1600,0.15
00101296,金宏阳优等品,001,白玻,1.9,2440,2000,0.1
00101295,金宏阳优等品,001,白玻,1.9,2440,1830,0.2
00101294,金宏阳优等品,001,白玻,1.8,2440,1830,0.2
00101293,金宏阳优等品,001,白玻,1.8,2440,1700,0.1
00101292,金宏阳优等品,001,白玻,1.6,1626,2610,0.1
00101291,金宏阳合格品,001,白玻,8,3660,2600,0.4
00101290,金宏阳合格品,001,白玻,8,3660,2440,0.4
00101289,金宏阳合格品,001,白玻,7.2,3660,2440,0.2
00101288,金宏阳合格品,001,白玻,7.2,3660,2250,0.2
00101287,金宏阳合格品,001,白玻,6,3660,2800,0.2
00101286,金宏阳合格品,001,白玻,6,3660,2600,0.2
00101285,金宏阳合格品,001,白玻,6,3660,2440,0.2
00101284,金宏阳合格品,001,白玻,6,3660,2250,0.2
00101283,金宏阳合格品,001,白玻,6,3660,2140,0.2
00101282,金宏阳合格品,001,白玻,6,3300,2600,0.2
00101281,金宏阳合格品,001,白玻,5,3660,2600,0.2
00101280,金宏阳合格品,001,白玻,5,3660,2440,0.2
00101279,金宏阳合格品,001,白玻,5,3660,2250,0.2
00101278,金宏阳合格品,001,白玻,5,3660,2140,0.2
00101277,金宏阳合格品,001,白玻,5,3300,2600,0.2
00101276,金宏阳合格品,001,白玻,4.6,3660,2440,0.25
00101275,金宏阳合格品,001,白玻,4.5,3660,2660,0.2
00101274,金宏阳合格品,001,白玻,4.5,3660,2600,0.2
00101273,金宏阳合格品,001,白玻,4.5,3660,2440,0.2
00101272,金宏阳合格品,001,白玻,4.3,3660,2600,0.2
00101271,金宏阳合格品,001,白玻,4.3,3660,2440,0.2
00101270,金宏阳合格品,001,白玻,4,3660,2440,0.2
00101269,金宏阳合格品,001,白玻,2,2440,1830,0.2
00101268,金宏阳合格品,001,白玻,1.8,2440,1830,0.2
00101267,金宏阳合格品,001,白玻,1.8,2200,1600,0.15
00101266,金仓优等品,001,白玻,3,2440,2000,0.2
00101265,金仓优等品,001,白玻,2.9,2440,2000,0.2
00101264,金仓白玻一等品,001,白玻,3.8,2440,2000,0.45
00101263,金仓白玻一等品,001,白玻,3.8,2440,1900,0.4
00101262,金仓白玻一等品,001,白玻,3.8,2200,1900,0.45
00101261,金仓白玻一等品,001,白玻,3.8,2200,1830,0.4
00101260,金仓白玻合格品,001,白玻,3.8,2440,2000,0.45
00101259,蓟县中玻等外品,001,白玻,5,3660,2440,0.2
00101258,蓟县中玻等外品,001,白玻,4.5,3660,2440,0.2
00101257,湖南巨强优质加工级,001,白玻,8,3660,2440,0
00101256,湖南巨强优质加工级,001,白玻,6,3660,2740,0
00101255,湖南巨强优质加工级,001,白玻,6,3660,2600,0
00101254,湖南巨强优质加工级,001,白玻,6,3660,2440,0
00101253,湖南巨强优质加工级,001,白玻,5,3660,2440,0
00101252,湖南巨强优质加工级,001,白玻,4.3,3660,2440,0
00101251,湖南巨强优等品,001,白玻,4.5,2200,2000,0
00101250,湖南巨强优等品,001,白玻,3.9,2440,1950,0
00101249,湖南巨强优等品,001,白玻,3.9,2440,1830,0
00101248,湖南巨强优等品,001,白玻,3.8,2440,1950,0
00101247,湖南巨强一等品,001,白玻,4.5,2440,1830,0
00101246,湖南巨强一等品,001,白玻,4.5,2200,2000,0
00101245,湖南巨强普白协议品,001,白玻,6,3660,2600,0
00101244,湖南巨强普白协议品,001,白玻,6,3660,2440,0
00101243,湖南巨强普白合格品,001,白玻,6,3660,2740,0
00101242,湖南巨强普白合格品,001,白玻,6,3660,2600,0
00101241,湖南巨强普白合格品,001,白玻,6,3660,2440,0
00101240,湖南巨强普白合格品,001,白玻,6,3660,2280,0
00101239,湖南巨强普白合格品,001,白玻,5.8,3660,2740,0
00101238,湖南巨强普白合格品,001,白玻,4.5,3660,2740,0
00101237,湖南巨强普白合格品,001,白玻,4.5,3660,2440,0
00101236,湖南巨强普白合格品,001,白玻,4.5,3660,2280,0
00101235,湖南巨强白玻一等品,001,白玻,4.5,2440,1950,0
00101234,湖南巨强白玻协议品,001,白玻,4.5,2440,2000,0
00101233,湖南巨强白玻协议品,001,白玻,4.5,2440,1950,0
00101232,湖南巨强白玻协议品,001,白玻,4.5,2440,1830,0
00101231,湖南巨强白玻协议品,001,白玻,4.3,2440,1830,0
00101230,湖南巨强白玻协议品,001,白玻,4.2,2440,1830,0
00101229,湖南巨强白玻普通级,001,白玻,6,3660,2740,0
00101228,湖南巨强白玻普通级,001,白玻,6,3660,2600,0
00101227,湖南巨强白玻普通级,001,白玻,6,3660,2440,0
00101226,湖南巨强白玻普通级,001,白玻,6,3660,2280,0
00101225,湖南巨强白玻普通级,001,白玻,5,3660,2440,0
00101224,湖南巨强白玻普通级,001,白玻,5,3660,2280,0
00101223,湖南巨强白玻普通级,001,白玻,5,3660,2250,0
00101222,湖南巨强白玻普通级,001,白玻,4.5,3660,2440,0
00101221,湖南巨强白玻普通级,001,白玻,4.5,3660,2280,0
00101220,湖南巨强白玻普通级,001,白玻,4.5,2440,1830,0
00101219,湖南巨强白玻普通级,001,白玻,4,3660,2440,0
00101218,湖南巨强白玻普通级,001,白玻,4,2440,1830,0
00101217,湖南巨强白玻普通级,001,白玻,3.6,2440,1950,0
00101216,湖南巨强白玻合格品,001,白玻,6,3660,2440,0
00101215,湖南巨强白玻合格品,001,白玻,5,3660,2440,0
00101214,湖南巨强白玻合格品,001,白玻,4.5,3660,2740,0
00101213,湖南巨强白玻合格品,001,白玻,4.5,3660,2440,0
00101212,湖南巨强白玻合格品,001,白玻,4.5,2440,2650,0
00101211,湖南巨强白玻合格品,001,白玻,4.5,2440,2000,0
00101210,湖南巨强白玻合格品,001,白玻,4.3,3660,2440,0
00101209,湖南巨强白玻合格品,001,白玻,4,3660,2740,0
00101208,湖南巨强白玻合格品,001,白玻,4,3660,2440,0
00101207,湖北亿钧白玻一等品,001,白玻,6,3660,2600,0
00101206,湖北亿钧白玻一等品,001,白玻,6,3660,2440,0
00101205,湖北亿钧白玻一等品,001,白玻,6,3660,2140,0
00101204,湖北亿钧白玻一等品,001,白玻,6,3300,2440,0
00101203,湖北亿钧白玻一等品,001,白玻,6,3300,2280,0
00101202,湖北亿钧白玻一等品,001,白玻,5,3660,2440,0
00101201,湖北亿钧白玻一等品,001,白玻,5,3300,2600,0
00101200,湖北亿钧白玻一等品,001,白玻,5,3300,2440,0
00101199,湖北亿钧白玻一等品,001,白玻,5,3300,2280,0
00101198,湖北亿钧白玻一等品,001,白玻,4.3,3660,2440,0
00101197,湖北亿钧白玻一等品,001,白玻,4.3,3660,2140,0
00101196,湖北亿钧白玻一等品,001,白玻,4,3660,2440,0
00101195,湖北亿钧白玻合格品,001,白玻,8,3660,2000,0
00101194,湖北亿钧白玻合格品,001,白玻,6,3660,2440,0
00101193,湖北三峡白玻一等品,001,白玻,6,3660,2740,0
00101192,湖北三峡白玻一等品,001,白玻,6,3660,2600,0
00101191,湖北三峡白玻一等品,001,白玻,6,3660,2440,0
00101190,湖北三峡白玻一等品,001,白玻,5,3300,2440,0
00101189,湖北三峡白玻一等品,001,白玻,5,3300,2280,0
00101188,湖北三峡白玻一等品,001,白玻,4.3,3660,2440,0
00101187,湖北三峡白玻一等品,001,白玻,4.3,3660,2280,0
00101186,湖北明宏白玻一等品,001,白玻,6,3660,2280,0
00101185,湖北明宏白玻一等品,001,白玻,6,3660,2140,0
00101184,湖北明宏白玻一等品,001,白玻,6,3300,2280,0
00101183,湖北明宏白玻一等品,001,白玻,4.3,3660,2440,0
00101182,湖北明宏白玻一等品,001,白玻,4,3660,2440,0
00101181,湖北明宏白玻一等品,001,白玻,3.3,3660,2440,0
00101180,湖北明宏白玻一等品,001,白玻,3.3,3660,2250,0
00101179,湖北明宏白玻一等品,001,白玻,3.3,3660,2150,0
00101178,湖北明宏白玻合格品,001,白玻,5,3660,2440,0
00101177,湖北明弘一等品,001,白玻,6,3880,2440,0
00101176,湖北明弘一等品,001,白玻,6,3660,2440,0
00101175,湖北明弘一等品,001,白玻,6,3660,2140,0
00101174,湖北明弘一等品,001,白玻,5,3660,2280,0
00101173,湖北明弘一等品,001,白玻,4.3,3660,2740,0
00101172,湖北明弘一等品,001,白玻,4.3,3660,2600,0
00101171,湖北明弘一等品,001,白玻,4.3,3660,2440,0
00101170,湖北明弘一等品,001,白玻,3.5,3660,2200,0
00101169,湖北明弘一等品,001,白玻,3.3,3660,2250,0
00101168,湖北明弘合格品,001,白玻,7.5,3660,2440,0
00101167,湖北明弘合格品,001,白玻,7,3660,2440,0
00101166,湖北明弘合格品,001,白玻,5,3660,2440,0
00101165,湖北明弘合格品,001,白玻,3.5,3660,2200,0
00101164,湖北明弘白玻协议定制,001,白玻,4.5,3660,2440,0
00101163,湖北明弘白玻协议定制,001,白玻,4.5,3660,2280,0
00101162,湖北明弘白玻协议定制,001,白玻,4.3,3660,2600,0
00101161,湖北明弘白玻协议定制,001,白玻,4.3,3660,2440,0
00101160,湖北明弘白玻协议定制,001,白玻,3.5,3660,2440,0
00101159,湖北明弘白玻普通级,001,白玻,10,3660,2440,0
00101158,湖北明弘白玻普通级,001,白玻,10,3660,2280,0
00101157,湖北明弘白玻普通级,001,白玻,6,3660,2600,0
00101156,湖北明弘白玻普通级,001,白玻,6,3300,2600,0
00101155,湖北明弘白玻普通级,001,白玻,5,3660,2600,0
00101154,湖北明弘白玻普通级,001,白玻,5,3660,2440,0
00101153,湖北明弘白玻普通级,001,白玻,5,3660,2280,0
00101152,湖北明弘白玻普通级,001,白玻,4.5,3660,2600,0
00101151,湖北明弘白玻普通级,001,白玻,4.5,3660,2440,0
00101150,湖北明弘白玻普通级,001,白玻,4.3,3660,2740,0
00101149,湖北明弘白玻普通级,001,白玻,4.3,3660,2600,0
00101148,湖北明弘白玻普通级,001,白玻,4.3,3660,2440,0
00101147,湖北明弘白玻普通级,001,白玻,4.3,3660,2280,0
00101146,湖北明弘白玻普通级,001,白玻,3.5,3660,2440,0
00101145,湖北明弘白玻普通级,001,白玻,3.5,3660,2200,0
00101144,湖北明弘白玻普通级,001,白玻,3.5,3660,2000,0
00101143,湖北明弘白玻普通级,001,白玻,3.2,3660,2440,0
00101142,湖北明弘白玻定制级,001,白玻,5,3660,2440,0
00101141,湖北荆州亿均白玻优等品,001,白玻,6,3660,2740,0
00101140,湖北荆州亿均白玻优等品,001,白玻,6,3660,2600,0
00101139,湖北荆州亿均白玻优等品,001,白玻,6,3660,2440,0
00101138,湖北荆州亿均白玻优等品,001,白玻,6,3660,2280,0
00101137,湖北荆州亿均白玻优等品,001,白玻,6,3660,2140,0
00101136,湖北荆州亿均白玻优等品,001,白玻,6,3300,2740,0
00101135,湖北荆州亿均白玻优等品,001,白玻,6,3300,2600,0
00101134,湖北荆州亿均白玻优等品,001,白玻,6,3300,2280,0
00101133,湖北荆州亿均白玻优等品,001,白玻,6,3300,2140,0
00101132,湖北荆州亿均白玻优等品,001,白玻,5,3660,2740,0
00101131,湖北荆州亿均白玻优等品,001,白玻,5,3660,2440,0
00101130,湖北荆州亿均白玻优等品,001,白玻,5,3660,2280,0
00101129,湖北荆州亿均白玻优等品,001,白玻,4,3660,2440,0
00101128,湖北金晶白玻一等品,001,白玻,5,3660,2440,0
00101127,湖北金晶白玻一等品,001,白玻,5,3660,2280,0
00101126,湖北金晶白玻一等品,001,白玻,5,3660,2140,0
00101125,湖北瀚煜白玻合格品,001,白玻,6,3660,2740,0
00101124,湖北瀚煜白玻合格品,001,白玻,6,3660,2600,0
00101123,湖北瀚煜白玻合格品,001,白玻,6,3660,2440,0
00101122,湖北瀚煜白玻合格品,001,白玻,6,3660,2280,0
00101121,湖北瀚煜白玻合格品,001,白玻,6,3660,2140,0
00101120,湖北瀚煜白玻合格品,001,白玻,6,3300,2600,0
00101119,湖北瀚煜白玻合格品,001,白玻,6,3300,2280,0
00101118,湖北瀚煜白玻合格品,001,白玻,6,3300,2140,0
00101117,鸿昇优等品,001,白玻,3.8,2440,2000,0.45
00101116,鸿昇优等品,001,白玻,3.8,2200,2000,0.4
00101115,鸿昇优等品,001,白玻,3.8,2200,1830,0.4
00101114,鸿昇优等品,001,白玻,3.8,2200,1650,0.45
00101113,鸿昇优等品,001,白玻,3.5,2440,2000,0.2
00101112,鸿昇优等品,001,白玻,3.5,2440,1830,0.35
00101111,鸿昇优等品,001,白玻,3.5,2200,1900,0.3
00101110,鸿昇优等品,001,白玻,3,2440,2000,0.2
00101109,鸿昇优等品,001,白玻,3,2440,1900,0.2
00101108,鸿昇优等品,001,白玻,3,2440,1830,0.2
00101107,鸿昇优等品,001,白玻,3,2200,2000,0.2
00101106,鸿昇优等品,001,白玻,3,2200,1900,0.2
00101105,鸿昇优等品,001,白玻,2.9,2200,2000,0.2
00101104,鸿昇优等品,001,白玻,2.9,2200,1900,0.2
00101103,鸿昇优等品,001,白玻,2.8,2440,2000,0.2
00101102,鸿昇优等品,001,白玻,2.8,2440,1830,0.2
00101101,鸿昇优等品,001,白玻,2.8,2200,2000,0.2
00101100,鸿昇优等品,001,白玻,2.8,2200,1900,0.2
00101099,鸿昇优等品,001,白玻,2.6,2440,1900,0.2
00101098,鸿昇优等品,001,白玻,2.4,2440,1600,0.2
00101097,鸿昇优等品,001,白玻,2,2440,2000,0.2
00101096,鸿昇优等品,001,白玻,2,2440,1900,0.2
00101095,鸿昇优等品,001,白玻,2,2440,1830,0.2
00101094,鸿昇优等品,001,白玻,2,2440,1700,0.2
00101093,鸿昇优等品,001,白玻,2,2440,1500,0.2
00101092,鸿昇优等品,001,白玻,2,2000,1220,0.2
00101091,鸿昇优等品,001,白玻,1.9,2440,1900,0.1
00101090,鸿昇优等品,001,白玻,1.8,2440,1500,0.1
00101089,鸿昇一等品,001,白玻,3.8,2440,1900,0.45
00101088,鸿昇一等品,001,白玻,3.8,2200,1900,0.5
00101087,鸿昇一等品,001,白玻,3.5,2440,2000,0.3
00101086,鸿昇一等品,001,白玻,3.5,2440,1900,0.3
00101085,鸿昇一等品,001,白玻,3.5,2440,1830,0.3
00101084,鸿昇一等品,001,白玻,3,2440,2000,0.2
00101083,鸿昇一等品,001,白玻,2.5,2440,1900,0.2
00101082,鸿昇一等品,001,白玻,2,2440,2000,0.2
00101081,鸿昇一等品,001,白玻,2,2440,1900,0.2
00101080,鸿昇一等品,001,白玻,2,2440,1600,0.2
00101079,鸿昇一等品,001,白玻,2,2000,1220,0.2
00101078,鸿昇一等品,001,白玻,1.8,2440,2000,0.2
00101077,鸿升优等品,001,白玻,3.5,2440,2000,0.3
00101076,鸿升优等品,001,白玻,3.2,2440,1830,0.2
00101075,鸿升优等品,001,白玻,3.2,2200,2000,0.2
00101074,鸿升优等品,001,白玻,3,2440,2000,0.2
00101073,鸿升优等品,001,白玻,3,2440,1900,0.2
00101072,鸿升优等品,001,白玻,3,2440,1830,0.2
00101071,鸿升优等品,001,白玻,3,2200,1900,0.2
00101070,鸿升优等品,001,白玻,2.9,2440,1830,0.2
00101069,鸿升优等品,001,白玻,2.9,2200,1900,0.2
00101068,鸿升优等品,001,白玻,2.8,2440,2000,0.2
00101067,鸿升优等品,001,白玻,2.8,2200,2000,0.2
00101066,鸿升优等品,001,白玻,2.8,2200,1900,0.2
00101065,鸿升优等品,001,白玻,2,2440,2000,0.2
00101064,鸿升优等品,001,白玻,2,2440,1900,0.2
00101063,鸿升优等品,001,白玻,2,2440,1830,0.2
00101062,鸿升优等品,001,白玻,1.8,2440,1830,0.1
00101061,鸿升一等品,001,白玻,3.8,2440,2000,0.45
00101060,鸿升一等品,001,白玻,3.5,2440,1900,0.3
00101059,鸿升一等品,001,白玻,3.5,2440,1830,0.3
00101058,鸿升一等品,001,白玻,2.8,2440,1900,0.2
00101057,鸿升一等品,001,白玻,2,2440,1830,0.2
00101056,恒鑫光电混装品,001,白玻,1.5,1220,914,0
00101055,河北南玻普白汽车级,001,白玻,19,5000,3300,0
00101054,河北南玻普白汽车级,001,白玻,19,3660,2800,0.2
00101053,河北南玻普白汽车级,001,白玻,19,3660,2600,0.2
00101052,河北南玻普白汽车级,001,白玻,19,3660,2440,0.2
00101051,河北南玻普白汽车级,001,白玻,19,3660,2140,0.2
00101050,河北南玻普白汽车级,001,白玻,19,3300,2740,0.2
00101049,河北南玻普白汽车级,001,白玻,15,3660,2800,0.2
00101048,河北南玻普白汽车级,001,白玻,15,3660,2600,0.2
00101047,河北南玻普白汽车级,001,白玻,15,3660,2440,0.2
00101046,河北南玻普白汽车级,001,白玻,15,3660,2140,0.2
00101045,河北南玻普白汽车级,001,白玻,15,3300,2800,0.2
00101044,河北南玻普白汽车级,001,白玻,15,3300,2440,0.2
00101043,河北南玻普白汽车级,001,白玻,8,5500,3300,0
00101042,河北南玻普白汽车级,001,白玻,8,3660,2800,0
00101041,河北南玻普白汽车级,001,白玻,8,3660,2440,0
00101040,河北南玻普白汽车级,001,白玻,8,3660,2140,0
00101039,河北南玻普白汽车级,001,白玻,6,4880,3300,0
00101038,河北南玻普白汽车级,001,白玻,6,3660,2800,0
00101037,河北南玻普白汽车级,001,白玻,6,3660,2740,0
00101036,河北南玻普白汽车级,001,白玻,6,3660,2700,0
00101035,河北南玻普白汽车级,001,白玻,6,3660,2480,0
00101034,河北南玻普白汽车级,001,白玻,6,3660,2440,0
00101033,河北南玻普白汽车级,001,白玻,6,3660,2250,0
00101032,河北南玻普白汽车级,001,白玻,6,3300,2740,0
00101031,河北南玻普白汽车级,001,白玻,6,3300,2440,0
00101030,河北南玻普白汽车级,001,白玻,5,3660,2440,0.2
00101029,河北南玻白玻汽车级,001,白玻,12,3660,2740,0
00101028,河北南玻白玻汽车级,001,白玻,10,3660,2800,0
00101027,河北南玻白玻汽车级,001,白玻,6,3660,2800,0
00101026,冠盛合格品,001,白玻,7.5,3660,2000,0.25
00101025,冠盛白玻优B,001,白玻,5,3660,2280,0
00101024,冠盛白玻优A,001,白玻,4.5,3660,2600,0
00101023,冠盛白玻优A,001,白玻,4.3,3660,2140,0
00101022,阜康光耀白玻一等品,001,白玻,4.8,3660,2800,0
00101021,阜康光耀白玻一等品,001,白玻,4.8,3660,2600,0
00101020,阜康光耀白玻一等品,001,白玻,4.6,3660,2440,0
00101019,阜康光耀白玻一等品,001,白玻,4,3660,2440,0
00101018,阜康光耀白玻一等品,001,白玻,3.8,3660,2200,0
00101017,凤阳台玻优等品,001,白玻,12,4880,2800,0
00101016,凤阳台玻优等品,001,白玻,12,4880,2440,0
00101015,凤阳台玻优等品,001,白玻,10,4280,2440,0
00101014,凤阳台玻优等品,001,白玻,8,4280,2440,0
00101013,东台中玻白玻客户定制级,001,白玻,6,3660,2440,0
00101012,东台中玻白玻客户定制级,001,白玻,5,3660,2440,0
00101011,东台中玻白玻客户定制级,001,白玻,4.3,3660,2440,0
00101010,东台中玻白玻客户定制级,001,白玻,4,3660,2440,0
00101009,东台中玻白玻客户定制级,001,白玻,4,3660,2250,0
00101008,东海台玻一等品,001,白玻,8,3660,2440,0
00101007,东海台玻一等品,001,白玻,8,3660,2250,0
00101006,东海台玻一等品,001,白玻,8,3660,2000,0
00101005,东海台玻一等品,001,白玻,8,3300,2140,0
00101004,东海台玻一等品,001,白玻,8,2440,1830,0
00101003,东海台玻一等品,001,白玻,6,3660,2800,0
00101002,东海台玻一等品,001,白玻,6,3660,2760,0
00101001,东海台玻一等品,001,白玻,6,3660,2440,0
00101000,东海台玻一等品,001,白玻,6,3660,2250,0
00100999,东海台玻一等品,001,白玻,6,3660,2140,0
00100998,东海台玻一等品,001,白玻,6,3660,2000,0
00100997,东海台玻一等品,001,白玻,6,3050,2760,0
00100996,东海台玻一等品,001,白玻,6,3050,2440,0
00100995,东海台玻一等品,001,白玻,6,3050,2140,0
00100994,东海台玻一等品,001,白玻,5,3660,2800,0
00100993,东海台玻一等品,001,白玻,5,3660,2760,0.2
00100992,东海台玻一等品,001,白玻,5,3660,2630,0
00100991,东海台玻一等品,001,白玻,5,3660,2440,0
00100990,东海台玻一等品,001,白玻,5,3660,2250,0
00100989,东海台玻一等品,001,白玻,5,3660,2140,0
00100988,东海台玻一等品,001,白玻,5,3300,2630,0
00100987,东海台玻一等品,001,白玻,4,3660,2440,0
00100986,东海台玻一等品,001,白玻,4,3620,2420,0
00100985,东海台玻一等品,001,白玻,4,3460,1970,0
00100984,东海台玻一等品,001,白玻,3.2,3660,2440,0
00100983,东海台玻一等品,001,白玻,3.2,3300,2140,0
00100982,东海台玻一等品,001,白玻,3,3300,2440,0
00100981,东海台玻合格品,001,白玻,6,3660,2440,0
00100980,东海台玻合格品,001,白玻,6,3300,2440,0
00100979,东海台玻合格品,001,白玻,5,3660,2440,0
00100978,东海台玻合格品,001,白玻,4,3660,2440,0
00100977,东海台玻合格品,001,白玻,4,3620,2420,0
00100976,东海台玻合格品,001,白玻,3.2,3660,2440,0
00100975,东海台玻合格品,001,白玻,3,3660,2440,0
00100974,东莞台玻一等品,001,白玻,12,4580,3300,0
00100973,东莞台玻一等品,001,白玻,12,3300,2600,0
00100972,东莞台玻一等品,001,白玻,10,3300,2600,0
00100971,德阳信义白玻一等,001,白玻,12,4880,2140,0
00100970,德阳信义白玻一等,001,白玻,12,3300,2080,0
00100969,德阳信义白玻一等,001,白玻,10,3660,2800,0
00100968,德阳信义白玻一等,001,白玻,8,3660,2600,0
00100967,德金优等品,001,白玻,7.4,3660,2440,0.2
00100966,德金优等品,001,白玻,6,3660,2440,0.2
00100965,德金优等品,001,白玻,6,2440,2000,0.2
00100964,德金优等品,001,白玻,6,2440,1830,0.2
00100963,德金优等品,001,白玻,5,3660,2440,0.2
00100962,德金优等品,001,白玻,5,2440,2000,0.2
00100961,德金优等品,001,白玻,5,2440,1900,0.2
00100960,德金优等品,001,白玻,5,2440,1830,0.2
00100959,德金优等品,001,白玻,5,2200,2000,0.2
00100958,德金优等品,001,白玻,5,2200,1900,0.2
00100957,德金优等品,001,白玻,4.8,3660,2440,0.4
00100956,德金优等品,001,白玻,4.8,2440,2000,0.4
00100955,德金优等品,001,白玻,4.8,2440,1900,0.4
00100954,德金优等品,001,白玻,4.8,2440,1830,0.4
00100953,德金优等品,001,白玻,4.8,2200,2000,0.4
00100952,德金优等品,001,白玻,4.5,3660,2440,0.3
00100951,德金优等品,001,白玻,4.3,3660,2440,0.2
00100950,德金优等品,001,白玻,3.7,2440,2000,0.4
00100949,德金优等品,001,白玻,3.7,2440,1830,0.4
00100948,德金优等品,001,白玻,3.7,2440,1700,0.4
00100947,德金优等品,001,白玻,3.7,2200,2000,0.4
00100946,德金优等品,001,白玻,3.7,2200,1900,0.4
00100945,德金优等品,001,白玻,3.5,2440,2000,0.4
00100944,德金优等品,001,白玻,3.5,2440,1900,0.4
00100943,德金优等品,001,白玻,3.5,2440,1830,0.4
00100942,德金优等品,001,白玻,3.5,2200,2000,0.4
00100941,德金优等品,001,白玻,3.5,2200,1900,0.4
00100940,德金优等品,001,白玻,3.2,2440,2000,0.2
00100939,德金优等品,001,白玻,2.9,2440,1830,0.2
00100938,德金优等品,001,白玻,2.8,2440,1900,0.2
00100937,德金优等品,001,白玻,2.8,2200,2000,0.2
00100936,德金优等品,001,白玻,1.9,2440,2000,0.2
00100935,德金一等品,001,白玻,7.8,3660,2440,0.3
00100934,德金一等品,001,白玻,7.8,2440,2000,0.4
00100933,德金一等品,001,白玻,7.8,2440,1830,0.4
00100932,德金一等品,001,白玻,7.5,3660,2600,0.2
00100931,德金一等品,001,白玻,7.5,3660,2440,0.2
00100930,德金一等品,001,白玻,7.5,3660,2000,0.2
00100929,德金一等品,001,白玻,7,2440,2000,0.2
00100928,德金一等品,001,白玻,6,3660,2600,0.2
00100927,德金一等品,001,白玻,6,3660,2440,0.2
00100926,德金一等品,001,白玻,6,3660,2250,0.2
00100925,德金一等品,001,白玻,6,3660,2140,0.2
00100924,德金一等品,001,白玻,6,3660,2134,0.2
00100923,德金一等品,001,白玻,6,2440,2000,0.2
00100922,德金一等品,001,白玻,6,2440,1900,0.2
00100921,德金一等品,001,白玻,6,2440,1830,0.2
00100920,德金一等品,001,白玻,5,3660,2600,0.2
00100919,德金一等品,001,白玻,5,3660,2440,0.2
00100918,德金一等品,001,白玻,5,3660,2250,0.2
00100917,德金一等品,001,白玻,5,3660,2140,0.2
00100916,德金一等品,001,白玻,5,3660,2134,0.2
00100915,德金一等品,001,白玻,5,2440,2000,0.2
00100914,德金一等品,001,白玻,5,2440,1900,0.2
00100913,德金一等品,001,白玻,5,2440,1830,0.2
00100912,德金一等品,001,白玻,5,2330,1900,0.2
00100911,德金一等品,001,白玻,5,2200,2000,0.2
00100910,德金一等品,001,白玻,5,2200,1900,0.2
00100909,德金一等品,001,白玻,5,2200,1830,0.2
00100908,德金一等品,001,白玻,5,2000,1000,0.2
00100907,德金一等品,001,白玻,4.8,3660,2600,0.4
00100906,德金一等品,001,白玻,4.8,3660,2440,0.4
00100905,德金一等品,001,白玻,4.8,3660,2250,0.4
00100904,德金一等品,001,白玻,4.8,3660,2134,0.4
00100903,德金一等品,001,白玻,4.8,2440,2000,0.4
00100902,德金一等品,001,白玻,4.8,2440,1900,0.4
00100901,德金一等品,001,白玻,4.8,2440,1830,0.4
00100900,德金一等品,001,白玻,4.8,2200,2000,0.4
00100899,德金一等品,001,白玻,4.8,2200,1900,0.4
00100898,德金一等品,001,白玻,4.8,2200,1830,0.4
00100897,德金一等品,001,白玻,4.5,3660,2440,0.3
00100896,德金一等品,001,白玻,4.5,2440,2000,0.3
00100895,德金一等品,001,白玻,4.5,2440,1830,0.3
00100894,德金一等品,001,白玻,4,2440,1900,0.2
00100893,德金一等品,001,白玻,4,2440,1830,0.2
00100892,德金一等品,001,白玻,4,2200,1900,0.2
00100891,德金一等品,001,白玻,3.8,2440,2000,0.4
00100890,德金一等品,001,白玻,3.8,2440,1900,0.4
00100889,德金一等品,001,白玻,3.8,2440,1830,0.4
00100888,德金一等品,001,白玻,3.8,2440,1730,0.4
00100887,德金三线优等品,001,白玻,6,3660,2440,0.2
00100886,德金三线优等品,001,白玻,6,2440,2000,0.2
00100885,德金三线优等品,001,白玻,5,3660,2440,0.2
00100884,德金三线优等品,001,白玻,5,2440,2000,0.2
00100883,德金三线优等品,001,白玻,5,2440,1900,0.2
00100882,德金三线优等品,001,白玻,5,2440,1830,0.2
00100881,德金三线优等品,001,白玻,4.8,3660,2440,0.4
00100880,德金三线优等品,001,白玻,4.8,2440,2000,0.4
00100879,德金三线优等品,001,白玻,4.8,2440,1900,0.4
00100878,德金三线优等品,001,白玻,4.8,2440,1830,0.4
00100877,德金三线优等品,001,白玻,4.8,2200,2000,0.4
00100876,德金三线优等品,001,白玻,4.5,3660,2440,0.3
00100875,德金三线优等品,001,白玻,4.3,3660,2440,0.2
00100874,德金三线优等品,001,白玻,3.5,2440,2000,0.35
00100873,德金三线一等品,001,白玻,6,3660,2440,0.2
00100872,德金三线一等品,001,白玻,6,2440,2000,0.2
00100871,德金三线一等品,001,白玻,5,3660,2440,0.2
00100870,德金三线一等品,001,白玻,4.5,3660,2440,0.3
00100869,德金混装品,001,白玻,4.8,2440,2000,0.4
00100868,德金混装品,001,白玻,4.8,2440,1900,0.4
00100867,德金混装品,001,白玻,4.8,2440,1830,0.4
00100866,德金混装品,001,白玻,4.8,2440,1700,0.4
00100865,德金混装品,001,白玻,4.8,2200,2000,0.4
00100864,德金混装品,001,白玻,4.8,2200,1900,0.4
00100863,德金混装品,001,白玻,4.5,2440,2000,0.3
00100862,德金混装品,001,白玻,4.5,2440,1900,0.3
00100861,德金混装品,001,白玻,4.5,2440,1830,0.3
00100860,德金混装品,001,白玻,4.5,2200,2000,0.3
00100859,德金混装品,001,白玻,4.5,2200,1900,0.3
00100858,德金混装品,001,白玻,4.5,2200,1830,0.3
00100857,德金混装品,001,白玻,4.3,2440,1900,0.3
00100856,德金混装品,001,白玻,4,2440,2000,0.2
00100855,德金混装品,001,白玻,4,2440,1900,0.2
00100854,德金混装品,001,白玻,4,2440,1830,0.2
00100853,德金混装品,001,白玻,4,2200,2000,0.2
00100852,德金混装品,001,白玻,4,2200,1900,0.2
00100851,德金混装品,001,白玻,4,2200,1830,0.2
00100850,德金混装品,001,白玻,3.8,2440,2000,0.4
00100849,德金混装品,001,白玻,3.8,2440,1900,0.4
00100848,德金混装品,001,白玻,3.8,2440,1830,0.4
00100847,德金混装品,001,白玻,3.8,2440,1730,0.4
00100846,德金混装品,001,白玻,3.8,2200,2000,0.4
00100845,德金混装品,001,白玻,3.8,2200,1900,0.4
00100844,德金合格品,001,白玻,7.8,2440,2000,0.4
00100843,德金合格品,001,白玻,6,3660,2600,0.2
00100842,德金合格品,001,白玻,6,3660,2440,0.2
00100841,德金合格品,001,白玻,6,3660,2134,0.2
00100840,德金合格品,001,白玻,6,2440,2000,0.2
00100839,德金合格品,001,白玻,5,3660,2600,0.2
00100838,德金合格品,001,白玻,5,3660,2440,0.2
00100837,德金合格品,001,白玻,5,3660,2250,0.2
00100836,德金合格品,001,白玻,5,3660,2140,0.2
00100835,德金合格品,001,白玻,5,3660,2134,0.2
00100834,德金合格品,001,白玻,5,2440,2000,0.2
00100833,德金合格品,001,白玻,5,2440,1900,0.2
00100832,德金合格品,001,白玻,5,2440,1830,0.2
00100831,德金合格品,001,白玻,5,2200,2000,0.2
00100830,德金合格品,001,白玻,5,2200,1900,0.2
00100829,德金合格品,001,白玻,4.8,3660,2440,0.4
00100828,德金合格品,001,白玻,4.8,2440,2000,0.4
00100827,德金合格品,001,白玻,4.8,2440,1900,0.4
00100826,德金合格品,001,白玻,4.8,2440,1830,0.4
00100825,德金合格品,001,白玻,4.8,2200,2000,0.4
00100824,德金合格品,001,白玻,4.8,2200,1900,0.4
00100823,德金合格品,001,白玻,4.5,2440,2000,0.3
00100822,德金合格品,001,白玻,4.5,2440,1830,0.3
00100821,德金合格品,001,白玻,4.5,2200,2000,0.3
00100820,德金合格品,001,白玻,4.5,2200,1830,0.3
00100819,德金合格品,001,白玻,4,2440,2000,0.2
00100818,德金合格品,001,白玻,4,2440,1830,0.2
00100817,德金合格品,001,白玻,4,2200,2000,0.2
00100816,德金合格品,001,白玻,4,2200,1830,0.2
00100815,德金合格品,001,白玻,3.8,2440,2000,0.4
00100814,德金合格品,001,白玻,3.8,2440,1900,0.4
00100813,德金合格品,001,白玻,3.8,2440,1830,0.4
00100812,德金合格品,001,白玻,3.8,2200,2000,0.4
00100811,德金合格品,001,白玻,2.6,2440,2000,0.1
00100810,德金合格品,001,白玻,2.6,2440,1830,0.1
00100809,大连亿海一等品,001,白玻,4,3300,2440,0
00100808,大连亿海一等品,001,白玻,4,3300,2140,0
00100807,大连亿海一等品,001,白玻,4,2200,1650,0
00100806,大连亿海合格品,001,白玻,4,3300,2140,0
00100805,朝阳中玻优等品,001,白玻,5,3660,2440,0
00100804,朝阳中玻优等品,001,白玻,5,3300,2740,0
00100803,朝阳中玻优等品,001,白玻,5,3300,2140,0
00100802,朝阳中玻优等品,001,白玻,4,3660,2440,0
00100801,本溪玉晶一等品,001,白玻,12,3660,2740,0
00100800,本溪玉晶一等品,001,白玻,12,3660,2600,0
00100799,本溪玉晶一等品,001,白玻,12,3660,2440,0
00100798,本溪玉晶一等品,001,白玻,12,3660,2250,0
00100797,本溪玉晶一等品,001,白玻,12,3660,2140,0
00100796,本溪玉晶一等品,001,白玻,12,3300,2740,0
00100795,本溪玉晶一等品,001,白玻,12,3300,2600,0
00100794,本溪玉晶一等品,001,白玻,12,3300,2440,0
00100793,本溪玉晶一等品,001,白玻,12,3300,2250,0
00100792,本溪玉晶一等品,001,白玻,12,3300,2140,0
00100791,本溪玉晶一等品,001,白玻,12,3050,2800,0
00100790,本溪玉晶一等品,001,白玻,12,3050,1998,0
00100789,本溪玉晶一等品,001,白玻,10,3660,2800,0
00100788,本溪玉晶一等品,001,白玻,10,3660,2740,0
00100787,本溪玉晶一等品,001,白玻,10,3660,2600,0
00100786,本溪玉晶一等品,001,白玻,10,3660,2440,0
00100785,本溪玉晶一等品,001,白玻,10,3660,2250,0
00100784,本溪玉晶一等品,001,白玻,10,3660,2140,0
00100783,本溪玉晶一等品,001,白玻,10,3300,2740,0
00100782,本溪玉晶一等品,001,白玻,10,3300,2600,0
00100781,本溪玉晶一等品,001,白玻,10,3300,2550,0
00100780,本溪玉晶一等品,001,白玻,10,3300,2440,0
00100779,本溪玉晶一等品,001,白玻,10,3300,2250,0
00100778,本溪玉晶一等品,001,白玻,10,3300,2140,0
00100777,本溪玉晶一等品,001,白玻,8,3660,2800,0
00100776,本溪玉晶一等品,001,白玻,8,3660,2740,0
00100775,本溪玉晶一等品,001,白玻,8,3660,2600,0
00100774,本溪玉晶一等品,001,白玻,8,3660,2440,0
00100773,本溪玉晶一等品,001,白玻,8,3660,2250,0
00100772,本溪玉晶一等品,001,白玻,8,3660,2140,0
00100771,本溪玉晶一等品,001,白玻,8,3660,2003,0
00100770,本溪玉晶一等品,001,白玻,8,3660,1953,0
00100769,本溪玉晶一等品,001,白玻,8,3300,2740,0
00100768,本溪玉晶一等品,001,白玻,8,3300,2600,0
00100767,本溪玉晶一等品,001,白玻,8,3300,2440,0
00100766,本溪玉晶一等品,001,白玻,8,3300,2250,0
00100765,本溪玉晶一等品,001,白玻,8,3300,2140,0
00100764,本溪玉晶一等品,001,白玻,8,3050,4580,0
00100763,本溪玉晶一等品,001,白玻,8,3050,2140,0
00100762,本溪玉晶一等品,001,白玻,6.7,3660,2440,0
00100761,本溪玉晶一等品,001,白玻,6,3660,2800,0
00100760,本溪玉晶一等品,001,白玻,6,3660,2740,0
00100759,本溪玉晶一等品,001,白玻,6,3660,2600,0
00100758,本溪玉晶一等品,001,白玻,6,3660,2550,0
00100757,本溪玉晶一等品,001,白玻,6,3660,2440,0
00100756,本溪玉晶一等品,001,白玻,6,3660,2280,0
00100755,本溪玉晶一等品,001,白玻,6,3660,2250,0
00100754,本溪玉晶一等品,001,白玻,6,3660,2140,0
00100753,本溪玉晶一等品,001,白玻,6,3660,2003,0
00100752,本溪玉晶一等品,001,白玻,6,3660,1953,0
00100751,本溪玉晶一等品,001,白玻,6,3660,1903,0
00100750,本溪玉晶一等品,001,白玻,6,3300,2740,0
00100749,本溪玉晶一等品,001,白玻,6,3300,2600,0
00100748,本溪玉晶一等品,001,白玻,6,3300,2440,0
00100747,本溪玉晶一等品,001,白玻,6,3300,2280,0
00100746,本溪玉晶一等品,001,白玻,6,3300,2250,0
00100745,本溪玉晶一等品,001,白玻,6,3300,2140,0
00100744,本溪玉晶一等品,001,白玻,6,3100,2440,0
00100743,本溪玉晶一等品,001,白玻,6,3050,2140,0
00100742,本溪玉晶一等品,001,白玻,5,4880,2440,0
00100741,本溪玉晶一等品,001,白玻,5,3660,2800,0
00100740,本溪玉晶一等品,001,白玻,5,3660,2740,0
00100739,本溪玉晶一等品,001,白玻,5,3660,2600,0
00100738,本溪玉晶一等品,001,白玻,5,3660,2440,0
00100737,本溪玉晶一等品,001,白玻,5,3660,2280,0
00100736,本溪玉晶一等品,001,白玻,5,3660,2250,0
00100735,本溪玉晶一等品,001,白玻,5,3660,2140,0
00100734,本溪玉晶一等品,001,白玻,5,3300,2800,0
00100733,本溪玉晶一等品,001,白玻,5,3300,2740,0
00100732,本溪玉晶一等品,001,白玻,5,3300,2600,0
00100731,本溪玉晶一等品,001,白玻,5,3300,2550,0
00100730,本溪玉晶一等品,001,白玻,5,3300,2440,0
00100729,本溪玉晶一等品,001,白玻,5,3300,2250,0
00100728,本溪玉晶一等品,001,白玻,5,3300,2140,0
00100727,本溪玉晶一等品,001,白玻,5,3050,2440,0
00100726,本溪玉晶一等品,001,白玻,5,2440,1830,0
00100725,本溪玉晶一等品,001,白玻,5,2200,1650,0
00100724,本溪玉晶一等品,001,白玻,5,2200,1370,0
00100723,本溪玉晶一等品,001,白玻,4.6,3660,2440,0
00100722,本溪玉晶一等品,001,白玻,4.6,3660,2250,0
00100721,本溪玉晶一等品,001,白玻,4.6,3300,2440,0
00100720,本溪玉晶一等品,001,白玻,4.6,2440,2000,0
00100719,本溪玉晶一等品,001,白玻,4.6,2440,1830,0
00100718,本溪玉晶一等品,001,白玻,4.5,3660,2440,0
00100717,本溪玉晶一等品,001,白玻,4.5,3660,2140,0
00100716,本溪玉晶一等品,001,白玻,4.5,3300,2140,0
00100715,本溪玉晶一等品,001,白玻,4.5,2440,2000,0
00100714,本溪玉晶一等品,001,白玻,4.5,2440,1830,0
00100713,本溪玉晶一等品,001,白玻,4.3,3660,2440,0
00100712,本溪玉晶一等品,001,白玻,4,3660,2800,0
00100711,本溪玉晶一等品,001,白玻,4,3660,2740,0
00100710,本溪玉晶一等品,001,白玻,4,3660,2600,0
00100709,本溪玉晶一等品,001,白玻,4,3660,2440,0
00100708,本溪玉晶一等品,001,白玻,4,3660,2250,0
00100707,本溪玉晶一等品,001,白玻,4,3660,2140,0
00100706,本溪玉晶一等品,001,白玻,4,3660,2000,0
00100705,本溪玉晶一等品,001,白玻,4,3300,2740,0
00100704,本溪玉晶一等品,001,白玻,4,3300,2550,0
00100703,本溪玉晶一等品,001,白玻,4,3300,2440,0
00100702,本溪玉晶一等品,001,白玻,4,3300,2250,0
00100701,本溪玉晶一等品,001,白玻,4,3300,2140,0
00100700,本溪玉晶一等品,001,白玻,4,3050,2740,0
00100699,本溪玉晶一等品,001,白玻,4,3050,1981,0
00100698,本溪玉晶一等品,001,白玻,4,2440,2000,0
00100697,本溪玉晶一等品,001,白玻,4,2440,1830,0
00100696,本溪玉晶一等品,001,白玻,4,2200,1650,0
00100695,本溪玉晶一等品,001,白玻,4,2000,1800,0
00100694,本溪玉晶一等品,001,白玻,4,2000,1500,0
00100693,本溪玉晶一等品,001,白玻,3.6,3660,2140,0
00100692,本溪玉晶一等品,001,白玻,3.5,3660,2440,0
00100691,本溪玉晶一等品,001,白玻,3.5,2440,2000,0
00100690,本溪玉晶一等品,001,白玻,3.5,2440,1830,0
00100689,本溪玉晶一等品,001,白玻,3.5,2200,1650,0
00100688,本溪玉晶一等品,001,白玻,3.5,2000,1500,0
00100687,本溪玉晶一等品,001,白玻,3.2,3660,2440,0
00100686,本溪玉晶一等品,001,白玻,3.2,3660,2140,0
00100685,本溪玉晶一等品,001,白玻,3.2,2440,2000,0
00100684,本溪玉晶一等品,001,白玻,3.2,2440,1830,0
00100683,本溪玉晶一等品,001,白玻,3.2,2410,1850,0
00100682,本溪玉晶一等品,001,白玻,3.2,2350,1850,0
00100681,本溪玉晶一等品,001,白玻,3.2,2200,1650,0
00100680,本溪玉晶一等品,001,白玻,3.2,2000,1500,0
00100679,本溪玉晶一等品,001,白玻,3,3660,2550,0
00100678,本溪玉晶一等品,001,白玻,3,3660,2440,0
00100677,本溪玉晶一等品,001,白玻,3,3660,2140,0
00100676,本溪玉晶一等品,001,白玻,3,3300,2550,0
00100675,本溪玉晶一等品,001,白玻,3,3300,2440,0
00100674,本溪玉晶一等品,001,白玻,3,2440,1830,0
00100673,本溪玉晶一等品,001,白玻,3,2140,1830,0
00100672,本溪玉晶一等品,001,白玻,2.9,3660,2440,0
00100671,本溪玉晶一等品,001,白玻,2.9,3660,2140,0
00100670,本溪玉晶一等品,001,白玻,2.9,3300,2140,0
00100669,本溪玉晶一等品,001,白玻,1.6,2440,1830,0
00100668,本溪玉晶协议品,001,白玻,12,3660,2740,0
00100667,本溪玉晶协议品,001,白玻,10,3660,2600,0
00100666,本溪玉晶协议品,001,白玻,6,3660,2440,0
00100665,本溪玉晶协议品,001,白玻,5.3,3300,2250,0
00100664,本溪玉晶协议品,001,白玻,5,3660,2800,0
00100663,本溪玉晶协议品,001,白玻,5,3660,2740,0
00100662,本溪玉晶协议品,001,白玻,5,3660,2600,0
00100661,本溪玉晶协议品,001,白玻,5,3660,2440,0
00100660,本溪玉晶协议品,001,白玻,5,3660,2250,0
00100659,本溪玉晶协议品,001,白玻,5,3660,2140,0
00100658,本溪玉晶协议品,001,白玻,5,3300,2740,0
00100657,本溪玉晶协议品,001,白玻,5,3300,2600,0
00100656,本溪玉晶协议品,001,白玻,4,3660,2440,0
00100655,本溪玉晶协议品,001,白玻,4,3300,2250,0
00100654,本溪玉晶协议品,001,白玻,4,3300,2140,0
00100653,本溪玉晶协议品,001,白玻,4,2440,1830,0
00100652,本溪玉晶协议品,001,白玻,3,3660,2440,0
00100651,本溪玉晶协议品,001,白玻,3,3660,2140,0
00100650,本溪玉晶协议品,001,白玻,3,3300,2440,0
00100649,本溪玉晶协议品,001,白玻,2.9,3660,2440,0
00100648,本溪玉晶混装品,001,白玻,12,3660,2440,0
00100647,本溪玉晶混装品,001,白玻,12,3660,2140,0
00100646,本溪玉晶混装品,001,白玻,12,3300,2140,0
00100645,本溪玉晶混装品,001,白玻,10,3660,2740,0
00100644,本溪玉晶混装品,001,白玻,10,3660,2440,0
00100643,本溪玉晶混装品,001,白玻,8,3660,2740,0
00100642,本溪玉晶混装品,001,白玻,8,3660,2600,0
00100641,本溪玉晶混装品,001,白玻,8,3660,2440,0
00100640,本溪玉晶混装品,001,白玻,8,3660,2140,0
00100639,本溪玉晶混装品,001,白玻,8,3300,2440,0
00100638,本溪玉晶混装品,001,白玻,8,3300,2140,0
00100637,本溪玉晶混装品,001,白玻,6,3660,2740,0
00100636,本溪玉晶混装品,001,白玻,6,3660,2440,0
00100635,本溪玉晶混装品,001,白玻,6,3660,2250,0
00100634,本溪玉晶混装品,001,白玻,6,3660,2140,0
00100633,本溪玉晶混装品,001,白玻,6,3660,1950,0
00100632,本溪玉晶混装品,001,白玻,6,3300,2550,0
00100631,本溪玉晶混装品,001,白玻,6,3300,2440,0
00100630,本溪玉晶混装品,001,白玻,6,3300,2140,0
00100629,本溪玉晶混装品,001,白玻,6,3000,2500,0
00100628,本溪玉晶混装品,001,白玻,5.2,3660,2440,0
00100627,本溪玉晶混装品,001,白玻,5,3660,2740,0
00100626,本溪玉晶混装品,001,白玻,5,3660,2600,0
00100625,本溪玉晶混装品,001,白玻,5,3660,2440,0
00100624,本溪玉晶混装品,001,白玻,5,3660,2250,0
00100623,本溪玉晶混装品,001,白玻,5,3660,2140,0
00100622,本溪玉晶混装品,001,白玻,5,3300,2440,0
00100621,本溪玉晶混装品,001,白玻,5,3300,2140,0
00100620,本溪玉晶混装品,001,白玻,4.5,3660,2700,0
00100619,本溪玉晶混装品,001,白玻,4.5,3660,2440,0
00100618,本溪玉晶混装品,001,白玻,4.5,3300,2440,0
00100617,本溪玉晶混装品,001,白玻,4.5,3050,2440,0
00100616,本溪玉晶混装品,001,白玻,4,3660,2440,0
00100615,本溪玉晶混装品,001,白玻,4,3300,2440,0
00100614,本溪玉晶混装品,001,白玻,4,3300,2140,0
00100613,本溪玉晶混装品,001,白玻,3.5,2440,1830,0
00100612,本溪玉晶混装品,001,白玻,3.2,2105,1880,0
00100611,本溪玉晶混装品,001,白玻,3,2134,1650,0
00100610,本溪玉晶合格品,001,白玻,12,3660,2740,0
00100609,本溪玉晶合格品,001,白玻,12,3660,2440,0
00100608,本溪玉晶合格品,001,白玻,12,3660,2250,0
00100607,本溪玉晶合格品,001,白玻,12,3660,2140,0
00100606,本溪玉晶合格品,001,白玻,12,3300,2250,0
00100605,本溪玉晶合格品,001,白玻,10,3660,2740,0
00100604,本溪玉晶合格品,001,白玻,10,3660,2600,0
00100603,本溪玉晶合格品,001,白玻,10,3660,2440,0
00100602,本溪玉晶合格品,001,白玻,10,3660,2140,0
00100601,本溪玉晶合格品,001,白玻,10,3300,2600,0
00100600,本溪玉晶合格品,001,白玻,8,3660,2800,0
00100599,本溪玉晶合格品,001,白玻,8,3660,2740,0
00100598,本溪玉晶合格品,001,白玻,8,3660,2600,0
00100597,本溪玉晶合格品,001,白玻,8,3660,2440,0
00100596,本溪玉晶合格品,001,白玻,8,3660,2280,0
00100595,本溪玉晶合格品,001,白玻,8,3660,2250,0
00100594,本溪玉晶合格品,001,白玻,8,3660,2200,0
00100593,本溪玉晶合格品,001,白玻,8,3660,2140,0
00100592,本溪玉晶合格品,001,白玻,8,3660,1950,0
00100591,本溪玉晶合格品,001,白玻,8,3300,2740,0
00100590,本溪玉晶合格品,001,白玻,8,3300,2550,0
00100589,本溪玉晶合格品,001,白玻,8,3300,2440,0
00100588,本溪玉晶合格品,001,白玻,8,3300,2250,0
00100587,本溪玉晶合格品,001,白玻,8,3300,2200,0
00100586,本溪玉晶合格品,001,白玻,8,3300,2140,0
00100585,本溪玉晶合格品,001,白玻,8,3050,2740,0
00100584,本溪玉晶合格品,001,白玻,6,3660,2800,0
00100583,本溪玉晶合格品,001,白玻,6,3660,2740,0
00100582,本溪玉晶合格品,001,白玻,6,3660,2600,0
00100581,本溪玉晶合格品,001,白玻,6,3660,2550,0
00100580,本溪玉晶合格品,001,白玻,6,3660,2440,0
00100579,本溪玉晶合格品,001,白玻,6,3660,2250,0
00100578,本溪玉晶合格品,001,白玻,6,3660,2140,0
00100577,本溪玉晶合格品,001,白玻,6,3660,1902,0
00100576,本溪玉晶合格品,001,白玻,6,3660,1830,0
00100575,本溪玉晶合格品,001,白玻,6,3300,2740,0
00100574,本溪玉晶合格品,001,白玻,6,3300,2550,0
00100573,本溪玉晶合格品,001,白玻,6,3300,2440,0
00100572,本溪玉晶合格品,001,白玻,6,3050,2740,0
00100571,本溪玉晶合格品,001,白玻,6,3050,2440,0
00100570,本溪玉晶合格品,001,白玻,6,2440,2000,0
00100569,本溪玉晶合格品,001,白玻,6,2440,1830,0
00100568,本溪玉晶合格品,001,白玻,5,3660,2740,0
00100567,本溪玉晶合格品,001,白玻,5,3660,2600,0
00100566,本溪玉晶合格品,001,白玻,5,3660,2550,0
00100565,本溪玉晶合格品,001,白玻,5,3660,2440,0
00100564,本溪玉晶合格品,001,白玻,5,3660,2280,0
00100563,本溪玉晶合格品,001,白玻,5,3660,2250,0
00100562,本溪玉晶合格品,001,白玻,5,3660,2140,0
00100561,本溪玉晶合格品,001,白玻,5,3300,2740,0
00100560,本溪玉晶合格品,001,白玻,5,3300,2600,0
00100559,本溪玉晶合格品,001,白玻,5,3300,2550,0
00100558,本溪玉晶合格品,001,白玻,5,3300,2440,0
00100557,本溪玉晶合格品,001,白玻,5,3300,2280,0
00100556,本溪玉晶合格品,001,白玻,5,3300,2250,0
00100555,本溪玉晶合格品,001,白玻,5,3300,2140,0
00100554,本溪玉晶合格品,001,白玻,5,2440,2750,0
00100553,本溪玉晶合格品,001,白玻,5,2440,2550,0
00100552,本溪玉晶合格品,001,白玻,5,2440,1830,0
00100551,本溪玉晶合格品,001,白玻,4.5,3660,2440,0
00100550,本溪玉晶合格品,001,白玻,4.5,3300,2440,0
00100549,本溪玉晶合格品,001,白玻,4,3660,2800,0
00100548,本溪玉晶合格品,001,白玻,4,3660,2740,0
00100547,本溪玉晶合格品,001,白玻,4,3660,2550,0
00100546,本溪玉晶合格品,001,白玻,4,3660,2440,0
00100545,本溪玉晶合格品,001,白玻,4,3660,2250,0
00100544,本溪玉晶合格品,001,白玻,4,3660,2140,0
00100543,本溪玉晶合格品,001,白玻,4,3600,2440,0
00100542,本溪玉晶合格品,001,白玻,4,3300,2740,0
00100541,本溪玉晶合格品,001,白玻,4,3300,2550,0
00100540,本溪玉晶合格品,001,白玻,4,3300,2440,0
00100539,本溪玉晶合格品,001,白玻,4,3300,2250,0
00100538,本溪玉晶合格品,001,白玻,4,3300,2140,0
00100537,本溪玉晶合格品,001,白玻,4,3210,2000,0
00100536,本溪玉晶合格品,001,白玻,4,3050,2440,0
00100535,本溪玉晶合格品,001,白玻,4,2440,2000,0
00100534,本溪玉晶合格品,001,白玻,4,2440,1830,0
00100533,本溪玉晶合格品,001,白玻,4,2200,1650,0
00100532,本溪玉晶合格品,001,白玻,4,2200,1370,0
00100531,本溪玉晶合格品,001,白玻,3.5,2440,1830,0
00100530,本溪玉晶合格品,001,白玻,3.2,3660,2440,0
00100529,本溪玉晶合格品,001,白玻,3.2,2440,1830,0
00100528,本溪玉晶合格品,001,白玻,2.2,1217,2016,0
00100527,本溪玉晶合格品,001,白玻,1.6,1626,2610,0
00100526,本溪玉晶合格过渡品,001,白玻,10,3660,2740,0
00100525,本溪玉晶合格过渡品,001,白玻,10,3660,2440,0
00100524,本溪玉晶合格过渡品,001,白玻,8,3660,2440,0
00100523,本溪玉晶合格过渡品,001,白玻,8,2440,2000,0
00100522,本溪玉晶合格过渡品,001,白玻,7.4,3660,2440,0
00100521,本溪玉晶合格过渡品,001,白玻,6.7,3660,2440,0
00100520,本溪玉晶合格过渡品,001,白玻,6.7,3660,2140,0
00100519,本溪玉晶合格过渡品,001,白玻,6.3,3660,2440,0
00100518,本溪玉晶合格过渡品,001,白玻,6.3,3660,2250,0
00100517,本溪玉晶合格过渡品,001,白玻,6.3,3660,2140,0
00100516,本溪玉晶合格过渡品,001,白玻,6,3660,2440,0
00100515,本溪玉晶合格过渡品,001,白玻,6,3300,2250,0
00100514,本溪玉晶合格过渡品,001,白玻,6,3300,2140,0
00100513,本溪玉晶合格过渡品,001,白玻,4.5,3660,2440,0
00100512,本溪玉晶合格过渡品,001,白玻,4.5,2440,1830,0
00100511,本溪玉晶合格过渡品,001,白玻,4,3660,2740,0
00100510,本溪玉晶合格过渡品,001,白玻,4,3660,2440,0
00100509,本溪玉晶合格过渡品,001,白玻,4,3300,2250,0
00100508,本溪玉晶合格过渡品,001,白玻,4,3300,2140,0
00100507,本溪玉晶合格过渡品,001,白玻,4,2440,1830,0
00100506,本溪玉晶合格过渡品,001,白玻,4,2210,1995,0
00100505,本溪玉晶合格过渡品,001,白玻,4,2200,2000,0
00100504,本溪玉晶合格过渡品,001,白玻,3.5,3660,2440,0
00100503,本溪玉晶合格过渡品,001,白玻,3.2,3660,2740,0
00100502,本溪玉晶合格过渡品,001,白玻,3.2,3660,2440,0
00100501,本溪玉晶合格过渡品,001,白玻,3.2,3300,2140,0
00100500,本溪玉晶合格过渡品,001,白玻,3.2,2440,1830,0
00100499,本溪玉晶合格过渡品,001,白玻,2.9,3050,2440,0
00100498,本溪合格过渡品,001,白玻,10,3660,2740,0
00100497,本溪合格过渡品,001,白玻,8,3660,2440,0
00100496,本溪合格过渡品,001,白玻,6.7,3660,2440,0
00100495,本溪合格过渡品,001,白玻,6.7,3660,2140,0
00100494,本溪合格过渡品,001,白玻,6,3660,2440,0
00100493,本溪合格过渡品,001,白玻,6,3300,2140,0
00100492,本溪合格过渡品,001,白玻,4.5,3660,2440,0
00100491,本溪合格过渡品,001,白玻,4.5,2440,1830,0
00100490,本溪合格过渡品,001,白玻,4,3660,2740,0
00100489,本溪合格过渡品,001,白玻,4,3660,2440,0
00100488,本溪合格过渡品,001,白玻,4,3300,2140,0
00100487,本溪合格过渡品,001,白玻,4,2440,1830,0
00100486,本溪合格过渡品,001,白玻,4,2200,2000,0
00100485,本溪合格过渡品,001,白玻,3.2,3660,2440,0
00100484,本溪合格过渡品,001,白玻,3.2,2440,1830,0
00100483,本溪合格过渡品,001,白玻,2.9,3050,2440,0
00100482,蚌埠凯盛一等品,001,白玻,3,2440,1780,0
00100481,安全优等品,001,白玻,8,3660,2003,0.2
00100480,安全优等品,001,白玻,6,2440,2000,0.2
00100479,安全优等品,001,白玻,3.6,2000,1650,0.2
00100478,安全优等品,001,白玻,12,4880,3300,0.2
00100477,安全优等品,001,白玻,12,4880,2440,0.2
00100476,安全优等品,001,白玻,12,4580,2280,0.2
00100475,安全优等品,001,白玻,12,3660,2800,0.2
00100474,安全优等品,001,白玻,12,3660,2740,0.2
00100473,安全优等品,001,白玻,12,3660,2600,0.2
00100472,安全优等品,001,白玻,12,3660,2440,0.2
00100471,安全优等品,001,白玻,12,3660,2280,0.2
00100470,安全优等品,001,白玻,12,3660,2250,0.2
00100469,安全优等品,001,白玻,12,3660,2140,0.2
00100468,安全优等品,001,白玻,12,3660,2134,0.2
00100467,安全优等品,001,白玻,12,3300,2800,0.2
00100466,安全优等品,001,白玻,12,3300,2600,0.2
00100465,安全优等品,001,白玻,12,3300,2440,0.2
00100464,安全优等品,001,白玻,12,3300,2280,0.2
00100463,安全优等品,001,白玻,12,3300,2250,0.2
00100462,安全优等品,001,白玻,12,3300,2140,0.2
00100461,安全优等品,001,白玻,12,3300,2134,0.2
00100460,安全优等品,001,白玻,10,4880,3300,0.2
00100459,安全优等品,001,白玻,10,4880,3050,0.2
00100458,安全优等品,001,白玻,10,4880,2700,0.2
00100457,安全优等品,001,白玻,10,4880,2600,0.2
00100456,安全优等品,001,白玻,10,4880,2440,0.2
00100455,安全优等品,001,白玻,10,4880,2140,0.2
00100454,安全优等品,001,白玻,10,4200,2600,0.2
00100453,安全优等品,001,白玻,10,4200,2280,0.2
00100452,安全优等品,001,白玻,10,3660,2800,0.2
00100451,安全优等品,001,白玻,10,3660,2740,0.2
00100450,安全优等品,001,白玻,10,3660,2600,0.2
00100449,安全优等品,001,白玻,10,3660,2440,0.2
00100448,安全优等品,001,白玻,10,3660,2280,0.2
00100447,安全优等品,001,白玻,10,3660,2250,0.2
00100446,安全优等品,001,白玻,10,3660,2140,0.2
00100445,安全优等品,001,白玻,10,3660,2134,0.2
00100444,安全优等品,001,白玻,10,3300,2800,0.2
00100443,安全优等品,001,白玻,10,3300,2740,0.2
00100442,安全优等品,001,白玻,10,3300,2600,0.2
00100441,安全优等品,001,白玻,10,3300,2440,0.2
00100440,安全优等品,001,白玻,10,3300,2250,0.2
00100439,安全优等品,001,白玻,10,3300,2134,0.2
00100438,安全优等品,001,白玻,8,4880,3300,0.2
00100437,安全优等品,001,白玻,8,4880,3050,0.2
00100436,安全优等品,001,白玻,8,4880,2570,0.2
00100435,安全优等品,001,白玻,8,4880,2440,0.2
00100434,安全优等品,001,白玻,8,4880,2140,0.2
00100433,安全优等品,001,白玻,8,4580,2440,0.2
00100432,安全优等品,001,白玻,8,4200,2740,0.2
00100431,安全优等品,001,白玻,8,4200,2440,0.2
00100430,安全优等品,001,白玻,8,4200,2140,0.2
00100429,安全优等品,001,白玻,8,3660,2800,0.2
00100428,安全优等品,001,白玻,8,3660,2740,0.2
00100427,安全优等品,001,白玻,8,3660,2600,0.2
00100426,安全优等品,001,白玻,8,3660,2440,0.2
00100425,安全优等品,001,白玻,8,3660,2280,0.2
00100424,安全优等品,001,白玻,8,3660,2250,0.2
00100423,安全优等品,001,白玻,8,3660,2140,0.2
00100422,安全优等品,001,白玻,8,3660,2134,0.2
00100421,安全优等品,001,白玻,8,3660,2080,0.2
00100420,安全优等品,001,白玻,8,3300,2800,0.2
00100419,安全优等品,001,白玻,8,3300,2740,0.2
00100418,安全优等品,001,白玻,8,3300,2600,0.2
00100417,安全优等品,001,白玻,8,3300,2440,0.2
00100416,安全优等品,001,白玻,8,3300,2280,0.2
00100415,安全优等品,001,白玻,8,3300,2250,0.2
00100414,安全优等品,001,白玻,8,3300,2140,0.2
00100413,安全优等品,001,白玻,8,3300,2134,0.2
00100412,安全优等品,001,白玻,8,3300,2080,0.2
00100411,安全优等品,001,白玻,8,3050,2140,0.2
00100410,安全优等品,001,白玻,7.4,3660,2600,0.2
00100409,安全优等品,001,白玻,7.4,3660,2440,0.2
00100408,安全优等品,001,白玻,7.4,3660,2250,0.2
00100407,安全优等品,001,白玻,7.4,3660,2000,0.2
00100406,安全优等品,001,白玻,7.4,2440,2000,0.2
00100405,安全优等品,001,白玻,7.3,3660,2600,0.2
00100404,安全优等品,001,白玻,7.3,3660,2440,0.2
00100403,安全优等品,001,白玻,7.3,3660,2250,0.2
00100402,安全优等品,001,白玻,7.3,3660,2140,0.2
00100401,安全优等品,001,白玻,7.3,3660,2000,0.2
00100400,安全优等品,001,白玻,7.2,3660,2440,0.2
00100399,安全优等品,001,白玻,7.2,3660,2250,0.2
00100398,安全优等品,001,白玻,7.2,3660,2140,0.2
00100397,安全优等品,001,白玻,7.2,3660,2000,0.2
00100396,安全优等品,001,白玻,7,3660,2440,0.2
00100395,安全优等品,001,白玻,7,3660,2250,0.2
00100394,安全优等品,001,白玻,6,4880,3300,0.2
00100393,安全优等品,001,白玻,6,4880,3050,0.2
00100392,安全优等品,001,白玻,6,4880,2600,0.2
00100391,安全优等品,001,白玻,6,4880,2440,0.2
00100390,安全优等品,001,白玻,6,4880,2250,0.2
00100389,安全优等品,001,白玻,6,4850,2800,0.2
00100388,安全优等品,001,白玻,6,4580,2440,0.2
00100387,安全优等品,001,白玻,6,4200,2440,0.2
00100386,安全优等品,001,白玻,6,3660,2800,0.2
00100385,安全优等品,001,白玻,6,3660,2740,0.2
00100384,安全优等品,001,白玻,6,3660,2680,0.2
00100383,安全优等品,001,白玻,6,3660,2600,0.2
00100382,安全优等品,001,白玻,6,3660,2440,0.2
00100381,安全优等品,001,白玻,6,3660,2280,0.2
00100380,安全优等品,001,白玻,6,3660,2250,0.2
00100379,安全优等品,001,白玻,6,3660,2140,0.2
00100378,安全优等品,001,白玻,6,3660,2134,0.2
00100377,安全优等品,001,白玻,6,3300,2800,0.2
00100376,安全优等品,001,白玻,6,3300,2740,0.2
00100375,安全优等品,001,白玻,6,3300,2630,0.2
00100374,安全优等品,001,白玻,6,3300,2600,0.2
00100373,安全优等品,001,白玻,6,3300,2440,0.2
00100372,安全优等品,001,白玻,6,3300,2280,0.2
00100371,安全优等品,001,白玻,6,3300,2250,0.2
00100370,安全优等品,001,白玻,6,3300,2140,0.2
00100369,安全优等品,001,白玻,6,3300,2134,0.2
00100368,安全优等品,001,白玻,6,3300,2080,0.2
00100367,安全优等品,001,白玻,6,3050,2440,0.2
00100366,安全优等品,001,白玻,6,3050,2140,0.2
00100365,安全优等品,001,白玻,6,2440,1830,0.2
00100364,安全优等品,001,白玻,5.15,3660,2140,0.2
00100363,安全优等品,001,白玻,5,4880,3300,0.2
00100362,安全优等品,001,白玻,5,4880,3050,0.2
00100361,安全优等品,001,白玻,5,3660,2800,0.2
00100360,安全优等品,001,白玻,5,3660,2740,0.2
00100359,安全优等品,001,白玻,5,3660,2600,0.2
00100358,安全优等品,001,白玻,5,3660,2440,0.2
00100357,安全优等品,001,白玻,5,3660,2280,0.2
00100356,安全优等品,001,白玻,5,3660,2250,0.2
00100355,安全优等品,001,白玻,5,3660,2140,0.2
00100354,安全优等品,001,白玻,5,3660,2134,0.2
00100353,安全优等品,001,白玻,5,3660,2080,0.2
00100352,安全优等品,001,白玻,5,3300,2800,0.2
00100351,安全优等品,001,白玻,5,3300,2740,0.2
00100350,安全优等品,001,白玻,5,3300,2630,0.2
00100349,安全优等品,001,白玻,5,3300,2600,0.2
00100348,安全优等品,001,白玻,5,3300,2440,0.2
00100347,安全优等品,001,白玻,5,3300,2280,0.2
00100346,安全优等品,001,白玻,5,3300,2250,0.2
00100345,安全优等品,001,白玻,5,3300,2140,0.2
00100344,安全优等品,001,白玻,5,3300,2134,0.2
00100343,安全优等品,001,白玻,5,2440,2000,0.2
00100342,安全优等品,001,白玻,5,2440,1830,0.2
00100341,安全优等品,001,白玻,4.95,2440,2000,0.2
00100340,安全优等品,001,白玻,4.95,2440,1830,0.2
00100339,安全优等品,001,白玻,4.95,2200,2000,0.2
00100338,安全优等品,001,白玻,4.75,3660,2440,0.2
00100337,安全优等品,001,白玻,4.7,2440,2000,0.2
00100336,安全优等品,001,白玻,4.7,2440,1830,0.2
00100335,安全优等品,001,白玻,4.6,3660,2600,0.2
00100334,安全优等品,001,白玻,4.6,3660,2440,0.2
00100333,安全优等品,001,白玻,4.6,3660,2250,0.2
00100332,安全优等品,001,白玻,4.6,2440,2000,0.2
00100331,安全优等品,001,白玻,4.6,2440,1830,0.2
00100330,安全优等品,001,白玻,4.5,3660,2740,0.2
00100329,安全优等品,001,白玻,4.5,3660,2600,0.2
00100328,安全优等品,001,白玻,4.5,3660,2440,0.2
00100327,安全优等品,001,白玻,4.4,3660,2600,0.2
00100326,安全优等品,001,白玻,4.4,3660,2440,0.2
00100325,安全优等品,001,白玻,4.4,3660,2250,0.2
00100324,安全优等品,001,白玻,4.4,3660,2134,0.2
00100323,安全优等品,001,白玻,4.3,3660,2600,0.2
00100322,安全优等品,001,白玻,4.3,3660,2440,0.2
00100321,安全优等品,001,白玻,4.3,3660,2140,0.2
00100320,安全优等品,001,白玻,4.3,3660,2134,0.2
00100319,安全优等品,001,白玻,4.3,2440,2000,0.2
00100318,安全优等品,001,白玻,4.3,2440,1830,0.2
00100317,安全优等品,001,白玻,4.2,2440,2000,0.2
00100316,安全优等品,001,白玻,4.2,2400,2000,0.2
00100315,安全优等品,001,白玻,4,3660,2440,0.2
00100314,安全优等品,001,白玻,4,3660,2140,0.2
00100313,安全优等品,001,白玻,4,2440,2000,0.2
00100312,安全优等品,001,白玻,4,2440,1830,0.2
00100311,安全优等品,001,白玻,4,2383,1860,0.2
00100310,安全优等品,001,白玻,4,2200,2000,0.2
00100309,安全优等品,001,白玻,3.95,2440,2000,0.2
00100308,安全优等品,001,白玻,3.95,2440,1830,0.2
00100307,安全优等品,001,白玻,3.95,2200,2000,0.2
00100306,安全优等品,001,白玻,3.7,2440,2000,0.2
00100305,安全优等品,001,白玻,3.7,2440,1900,0.2
00100304,安全优等品,001,白玻,3.7,2440,1830,0.2
00100303,安全优等品,001,白玻,3.7,2200,2000,0.2
00100302,安全优等品,001,白玻,3.6,2440,2000,0.2
00100301,安全优等品,001,白玻,3.6,2440,1830,0.2
00100300,安全优等品,001,白玻,3.6,2200,2000,0.2
00100299,安全优等品,001,白玻,3.6,2200,1900,0.2
00100298,安全优等品,001,白玻,3.5,2440,1900,0.2
00100297,安全优等品,001,白玻,3.3,2440,2000,0.2
00100296,安全优等品,001,白玻,3.3,2440,1900,0.2
00100295,安全优等品,001,白玻,3,2440,2000,0.2
00100294,安全优等品,001,白玻,3,2440,1830,0.2
00100293,安全优等品,001,白玻,2.95,2440,2000,0.2
00100292,安全优等品,001,白玻,2.95,2440,1830,0.2
00100291,安全一等品,001,白玻,12,4880,3300,0.2
00100290,安全一等品,001,白玻,12,4880,2440,0.2
00100289,安全一等品,001,白玻,12,4580,2280,0.2
00100288,安全一等品,001,白玻,12,3660,2800,0.2
00100287,安全一等品,001,白玻,12,3660,2740,0.2
00100286,安全一等品,001,白玻,12,3660,2600,0.2
00100285,安全一等品,001,白玻,12,3660,2440,0.2
00100284,安全一等品,001,白玻,12,3660,2280,0.2
00100283,安全一等品,001,白玻,12,3660,2250,0.2
00100282,安全一等品,001,白玻,12,3660,2140,0.2
00100281,安全一等品,001,白玻,12,3660,2134,0.2
00100280,安全一等品,001,白玻,12,3300,2800,0.2
00100279,安全一等品,001,白玻,12,3300,2600,0.2
00100278,安全一等品,001,白玻,12,3300,2440,0.2
00100277,安全一等品,001,白玻,12,3300,2280,0.2
00100276,安全一等品,001,白玻,12,3300,2250,0.2
00100275,安全一等品,001,白玻,12,3300,2140,0.2
00100274,安全一等品,001,白玻,12,3300,2134,0.2
00100273,安全一等品,001,白玻,10,4880,3300,0.2
00100272,安全一等品,001,白玻,10,4880,3050,0.2
00100271,安全一等品,001,白玻,10,4880,2700,0.2
00100270,安全一等品,001,白玻,10,4880,2600,0.2
00100269,安全一等品,001,白玻,10,4880,2440,0.2
00100268,安全一等品,001,白玻,10,4880,2140,0.2
00100267,安全一等品,001,白玻,10,4200,2600,0.2
00100266,安全一等品,001,白玻,10,4200,2280,0.2
00100265,安全一等品,001,白玻,10,3660,2800,0.2
00100264,安全一等品,001,白玻,10,3660,2740,0.2
00100263,安全一等品,001,白玻,10,3660,2600,0.2
00100262,安全一等品,001,白玻,10,3660,2440,0.2
00100261,安全一等品,001,白玻,10,3660,2280,0.2
00100260,安全一等品,001,白玻,10,3660,2250,0.2
00100259,安全一等品,001,白玻,10,3660,2140,0.2
00100258,安全一等品,001,白玻,10,3660,2134,0.2
00100257,安全一等品,001,白玻,10,3300,2800,0.2
00100256,安全一等品,001,白玻,10,3300,2740,0.2
00100255,安全一等品,001,白玻,10,3300,2600,0.2
00100254,安全一等品,001,白玻,10,3300,2440,0.2
00100253,安全一等品,001,白玻,10,3300,2250,0.2
00100252,安全一等品,001,白玻,10,3300,2134,0.2
00100251,安全一等品,001,白玻,8,4880,3300,0.2
00100250,安全一等品,001,白玻,8,4880,3050,0.2
00100249,安全一等品,001,白玻,8,4880,2570,0.2
00100248,安全一等品,001,白玻,8,4880,2440,0.2
00100247,安全一等品,001,白玻,8,4880,2140,0.2
00100246,安全一等品,001,白玻,8,4580,2440,0.2
00100245,安全一等品,001,白玻,8,4200,2740,0.2
00100244,安全一等品,001,白玻,8,4200,2440,0.2
00100243,安全一等品,001,白玻,8,4200,2140,0.2
00100242,安全一等品,001,白玻,8,3660,2800,0.2
00100241,安全一等品,001,白玻,8,3660,2740,0.2
00100240,安全一等品,001,白玻,8,3660,2600,0.2
00100239,安全一等品,001,白玻,8,3660,2440,0.2
00100238,安全一等品,001,白玻,8,3660,2280,0.2
00100237,安全一等品,001,白玻,8,3660,2250,0.2
00100236,安全一等品,001,白玻,8,3660,2140,0.2
00100235,安全一等品,001,白玻,8,3660,2134,0.2
00100234,安全一等品,001,白玻,8,3660,2080,0.2
00100233,安全一等品,001,白玻,8,3300,2800,0.2
00100232,安全一等品,001,白玻,8,3300,2740,0.2
00100231,安全一等品,001,白玻,8,3300,2600,0.2
00100230,安全一等品,001,白玻,8,3300,2440,0.2
00100229,安全一等品,001,白玻,8,3300,2280,0.2
00100228,安全一等品,001,白玻,8,3300,2250,0.2
00100227,安全一等品,001,白玻,8,3300,2140,0.2
00100226,安全一等品,001,白玻,8,3300,2134,0.2
00100225,安全一等品,001,白玻,8,3300,2080,0.2
00100224,安全一等品,001,白玻,8,3050,2140,0.2
00100223,安全一等品,001,白玻,7.4,3660,2600,0.2
00100222,安全一等品,001,白玻,7.4,3660,2440,0.2
00100221,安全一等品,001,白玻,7.4,3660,2250,0.2
00100220,安全一等品,001,白玻,7.4,3660,2000,0.2
00100219,安全一等品,001,白玻,7.4,2440,2000,0.2
00100218,安全一等品,001,白玻,7.3,3660,2600,0.2
00100217,安全一等品,001,白玻,7.3,3660,2440,0.2
00100216,安全一等品,001,白玻,7.3,3660,2250,0.2
00100215,安全一等品,001,白玻,7.3,3660,2140,0.2
00100214,安全一等品,001,白玻,7.3,3660,2000,0.2
00100213,安全一等品,001,白玻,7.2,3660,2440,0.2
00100212,安全一等品,001,白玻,7.2,3660,2250,0.2
00100211,安全一等品,001,白玻,7.2,3660,2140,0.2
00100210,安全一等品,001,白玻,7.2,3660,2000,0.2
00100209,安全一等品,001,白玻,7,3660,2440,0.2
00100208,安全一等品,001,白玻,7,3660,2250,0.2
00100207,安全一等品,001,白玻,6,4880,3300,0.2
00100206,安全一等品,001,白玻,6,4880,3050,0.2
00100205,安全一等品,001,白玻,6,4880,2600,0.2
00100204,安全一等品,001,白玻,6,4880,2440,0.2
00100203,安全一等品,001,白玻,6,4880,2250,0.2
00100202,安全一等品,001,白玻,6,4850,2800,0.2
00100201,安全一等品,001,白玻,6,4580,2440,0.2
00100200,安全一等品,001,白玻,6,4200,2440,0.2
00100199,安全一等品,001,白玻,6,3660,2800,0.2
00100198,安全一等品,001,白玻,6,3660,2740,0.2
00100197,安全一等品,001,白玻,6,3660,2680,0.2
00100196,安全一等品,001,白玻,6,3660,2600,0.2
00100195,安全一等品,001,白玻,6,3660,2440,0.2
00100194,安全一等品,001,白玻,6,3660,2280,0.2
00100193,安全一等品,001,白玻,6,3660,2250,0.2
00100192,安全一等品,001,白玻,6,3660,2140,0.2
00100191,安全一等品,001,白玻,6,3660,2134,0.2
00100190,安全一等品,001,白玻,6,3300,2800,0.2
00100189,安全一等品,001,白玻,6,3300,2740,0.2
00100188,安全一等品,001,白玻,6,3300,2630,0.2
00100187,安全一等品,001,白玻,6,3300,2600,0.2
00100186,安全一等品,001,白玻,6,3300,2440,0.2
00100185,安全一等品,001,白玻,6,3300,2280,0.2
00100184,安全一等品,001,白玻,6,3300,2250,0.2
00100183,安全一等品,001,白玻,6,3300,2140,0.2
00100182,安全一等品,001,白玻,6,3300,2134,0.2
00100181,安全一等品,001,白玻,6,3300,2080,0.2
00100180,安全一等品,001,白玻,6,3050,2440,0.2
00100179,安全一等品,001,白玻,6,3050,2140,0.2
00100178,安全一等品,001,白玻,6,2440,1830,0.2
00100177,安全一等品,001,白玻,5.15,3660,2140,0.2
00100176,安全一等品,001,白玻,5,4880,3300,0.2
00100175,安全一等品,001,白玻,5,4880,3050,0.2
00100174,安全一等品,001,白玻,5,3660,2800,0.2
00100173,安全一等品,001,白玻,5,3660,2740,0.2
00100172,安全一等品,001,白玻,5,3660,2600,0.2
00100171,安全一等品,001,白玻,5,3660,2440,0.2
00100170,安全一等品,001,白玻,5,3660,2280,0.2
00100169,安全一等品,001,白玻,5,3660,2250,0.2
00100168,安全一等品,001,白玻,5,3660,2140,0.2
00100167,安全一等品,001,白玻,5,3660,2134,0.2
00100166,安全一等品,001,白玻,5,3660,2080,0.2
00100165,安全一等品,001,白玻,5,3300,2800,0.2
00100164,安全一等品,001,白玻,5,3300,2740,0.2
00100163,安全一等品,001,白玻,5,3300,2630,0.2
00100162,安全一等品,001,白玻,5,3300,2600,0.2
00100161,安全一等品,001,白玻,5,3300,2440,0.2
00100160,安全一等品,001,白玻,5,3300,2280,0.2
00100159,安全一等品,001,白玻,5,3300,2250,0.2
00100158,安全一等品,001,白玻,5,3300,2140,0.2
00100157,安全一等品,001,白玻,5,3300,2134,0.2
00100156,安全一等品,001,白玻,5,2440,2000,0.2
00100155,安全一等品,001,白玻,5,2440,1830,0.2
00100154,安全一等品,001,白玻,4.95,2440,2000,0.2
00100153,安全一等品,001,白玻,4.95,2440,1830,0.2
00100152,安全一等品,001,白玻,4.95,2200,2000,0.2
00100151,安全一等品,001,白玻,4.75,3660,2440,0.2
00100150,安全一等品,001,白玻,4.7,2440,2000,0.2
00100149,安全一等品,001,白玻,4.7,2440,1830,0.2
00100148,安全一等品,001,白玻,4.6,3660,2600,0.2
00100147,安全一等品,001,白玻,4.6,3660,2440,0.2
00100146,安全一等品,001,白玻,4.6,3660,2250,0.2
00100145,安全一等品,001,白玻,4.6,2440,2000,0.2
00100144,安全一等品,001,白玻,4.6,2440,1830,0.2
00100143,安全一等品,001,白玻,4.5,3660,2740,0.2
00100142,安全一等品,001,白玻,4.5,3660,2600,0.2
00100141,安全一等品,001,白玻,4.5,3660,2440,0.2
00100140,安全一等品,001,白玻,4.4,3660,2600,0.2
00100139,安全一等品,001,白玻,4.4,3660,2440,0.2
00100138,安全一等品,001,白玻,4.4,3660,2250,0.2
00100137,安全一等品,001,白玻,4.4,3660,2134,0.2
00100136,安全一等品,001,白玻,4.3,3660,2600,0.2
00100135,安全一等品,001,白玻,4.3,3660,2440,0.2
00100134,安全一等品,001,白玻,4.3,3660,2140,0.2
00100133,安全一等品,001,白玻,4.3,3660,2134,0.2
00100132,安全一等品,001,白玻,4.3,2440,2000,0.2
00100131,安全一等品,001,白玻,4.3,2440,1830,0.2
00100130,安全一等品,001,白玻,4.2,2400,2000,0.2
00100129,安全一等品,001,白玻,4,3660,2440,0.2
00100128,安全一等品,001,白玻,4,3660,2140,0.2
00100127,安全一等品,001,白玻,4,2440,2000,0.2
00100126,安全一等品,001,白玻,4,2440,1830,0.2
00100125,安全一等品,001,白玻,4,2383,1860,0.2
00100124,安全一等品,001,白玻,4,2200,2000,0.2
00100123,安全一等品,001,白玻,3.95,2440,2000,0.2
00100122,安全一等品,001,白玻,3.95,2440,1830,0.2
00100121,安全一等品,001,白玻,3.95,2200,2000,0.2
00100120,安全一等品,001,白玻,3.7,2440,2000,0.2
00100119,安全一等品,001,白玻,3.7,2440,1900,0.2
00100118,安全一等品,001,白玻,3.7,2440,1830,0.2
00100117,安全一等品,001,白玻,3.7,2200,2000,0.2
00100116,安全一等品,001,白玻,3.6,2440,2000,0.2
00100115,安全一等品,001,白玻,3.6,2440,1830,0.2
00100114,安全一等品,001,白玻,3.6,2200,2000,0.2
00100113,安全一等品,001,白玻,3.6,2200,1900,0.2
00100112,安全一等品,001,白玻,3.5,2440,1900,0.2
00100111,安全一等品,001,白玻,3.3,2440,2000,0.2
00100110,安全一等品,001,白玻,3.3,2440,1900,0.2
00100109,安全一等品,001,白玻,3,2440,2000,0.2
00100108,安全一等品,001,白玻,3,2440,1830,0.2
00100107,安全一等品,001,白玻,2.95,2440,2000,0.2
00100106,安全高端家装级,001,白玻,5,3660,2740,0.2
00100105,安全合格品,001,白玻,12,3660,2800,0.2
00100104,安全合格品,001,白玻,12,3660,2600,0.2
00100103,安全合格品,001,白玻,12,3660,2440,0.2
00100102,安全合格品,001,白玻,12,3660,2250,0.2
00100101,安全合格品,001,白玻,12,3660,2140,0.2
00100100,安全合格品,001,白玻,12,3660,2134,0.2
00100099,安全合格品,001,白玻,12,3300,2800,0.2
00100098,安全合格品,001,白玻,12,3300,2600,0.2
00100097,安全合格品,001,白玻,12,3300,2440,0.2
00100096,安全合格品,001,白玻,12,3300,2250,0.2
00100095,安全合格品,001,白玻,12,3300,2134,0.2
00100094,安全合格品,001,白玻,10,3660,2800,0.2
00100093,安全合格品,001,白玻,10,3660,2740,0.2
00100092,安全合格品,001,白玻,10,3660,2600,0.2
00100091,安全合格品,001,白玻,10,3660,2440,0.2
00100090,安全合格品,001,白玻,10,3660,2280,0.2
00100089,安全合格品,001,白玻,10,3660,2250,0.2
00100088,安全合格品,001,白玻,10,3660,2140,0.2
00100087,安全合格品,001,白玻,10,3660,2134,0.2
00100086,安全合格品,001,白玻,10,3300,2800,0.2
00100085,安全合格品,001,白玻,10,3300,2600,0.2
00100084,安全合格品,001,白玻,10,3300,2440,0.2
00100083,安全合格品,001,白玻,10,3300,2250,0.2
00100082,安全合格品,001,白玻,10,3300,2134,0.2
00100081,安全合格品,001,白玻,8,3660,2800,0.2
00100080,安全合格品,001,白玻,8,3660,2740,0.2
00100079,安全合格品,001,白玻,8,3660,2600,0.2
00100078,安全合格品,001,白玻,8,3660,2440,0.2
00100077,安全合格品,001,白玻,8,3660,2280,0.2
00100076,安全合格品,001,白玻,8,3660,2250,0.2
00100075,安全合格品,001,白玻,8,3660,2140,0.2
00100074,安全合格品,001,白玻,8,3660,2134,0.2
00100073,安全合格品,001,白玻,8,3300,2800,0.2
00100072,安全合格品,001,白玻,8,3300,2600,0.2
00100071,安全合格品,001,白玻,8,3300,2440,0.2
00100070,安全合格品,001,白玻,8,3300,2250,0.2
00100069,安全合格品,001,白玻,8,3300,2134,0.2
00100068,安全合格品,001,白玻,7.2,3660,2440,0.2
00100067,安全合格品,001,白玻,7.2,3660,2250,0.2
00100066,安全合格品,001,白玻,6,3660,2800,0.2
00100065,安全合格品,001,白玻,6,3660,2740,0.2
00100064,安全合格品,001,白玻,6,3660,2600,0.2
00100063,安全合格品,001,白玻,6,3660,2440,0.2
00100062,安全合格品,001,白玻,6,3660,2280,0.2
00100061,安全合格品,001,白玻,6,3660,2250,0.2
00100060,安全合格品,001,白玻,6,3660,2140,0.2
00100059,安全合格品,001,白玻,6,3660,2134,0.2
00100058,安全合格品,001,白玻,6,3300,2800,0.2
00100057,安全合格品,001,白玻,6,3300,2740,0.2
00100056,安全合格品,001,白玻,6,3300,2600,0.2
00100055,安全合格品,001,白玻,6,3300,2440,0.2
00100054,安全合格品,001,白玻,6,3300,2280,0.2
00100053,安全合格品,001,白玻,6,3300,2250,0.2
00100052,安全合格品,001,白玻,6,3300,2140,0.2
00100051,安全合格品,001,白玻,6,3300,2134,0.2
00100050,安全合格品,001,白玻,6,3300,2000,0.2
00100049,安全合格品,001,白玻,6,2440,1830,0.2
00100048,安全合格品,001,白玻,5,3660,2800,0.2
00100047,安全合格品,001,白玻,5,3660,2740,0.2
00100046,安全合格品,001,白玻,5,3660,2600,0.2
00100045,安全合格品,001,白玻,5,3660,2440,0.2
00100044,安全合格品,001,白玻,5,3660,2280,0.2
00100043,安全合格品,001,白玻,5,3660,2250,0.2
00100042,安全合格品,001,白玻,5,3660,2140,0.2
00100041,安全合格品,001,白玻,5,3660,2134,0.2
00100040,安全合格品,001,白玻,5,3300,2800,0.2
00100039,安全合格品,001,白玻,5,3300,2600,0.2
00100038,安全合格品,001,白玻,5,3300,2440,0.2
00100037,安全合格品,001,白玻,5,3300,2280,0.2
00100036,安全合格品,001,白玻,5,3300,2250,0.2
00100035,安全合格品,001,白玻,5,3300,2140,0.2
00100034,安全合格品,001,白玻,5,3300,2134,0.2
00100033,安全合格品,001,白玻,5,2440,2000,0.2
00100032,安全合格品,001,白玻,5,2440,1830,0.2
00100031,安全合格品,001,白玻,4.95,2440,2000,0.2
00100030,安全合格品,001,白玻,4.95,2440,1830,0.2
00100029,安全合格品,001,白玻,4.75,3660,2440,0.2
00100028,安全合格品,001,白玻,4.7,2440,2000,0.2
00100027,安全合格品,001,白玻,4.7,2440,1830,0.2
00100026,安全合格品,001,白玻,4.6,3660,2440,0.2
00100025,安全合格品,001,白玻,4.6,2440,2000,0.2
00100024,安全合格品,001,白玻,4.6,2440,1830,0.2
00100023,安全合格品,001,白玻,4.4,3660,2440,0.2
00100022,安全合格品,001,白玻,4.4,3660,2134,0.2
00100021,安全合格品,001,白玻,4.3,3660,2440,0.2
00100020,安全合格品,001,白玻,4.3,2440,2000,0.2
00100019,安全合格品,001,白玻,4.3,2440,1830,0.2
00100018,安全合格品,001,白玻,4,2440,2000,0.2
00100017,安全合格品,001,白玻,4,2440,1830,0.2
00100016,安全合格品,001,白玻,3.95,2440,2000,0.2
00100015,安全合格品,001,白玻,3.95,2440,1830,0.2
00100014,安全合格品,001,白玻,3.7,2440,2000,0.2
00100013,安全合格品,001,白玻,3.7,2440,1900,0.2
00100012,安全合格品,001,白玻,3.7,2440,1830,0.2
00100011,安全合格品,001,白玻,3.7,2200,2000,0.2
00100010,安全合格品,001,白玻,3.6,2440,2000,0.2
00100009,安全合格品,001,白玻,3.6,2440,1830,0.2
00100008,安全合格品,001,白玻,3.6,2200,2000,0.2
00100007,安全合格品,001,白玻,3.6,2200,1900,0.2
00100006,安全合格品,001,白玻,3.5,2440,1900,0.2
00100005,安全合格品,001,白玻,3.3,2440,1900,0.2
00100004,安全合格品,001,白玻,3,2440,2000,0.2
00100003,安全合格品,001,白玻,3,2440,1830,0.2
00100002,安全合格品,001,白玻,2.95,2440,2000,0.2
00100001,安全一等品,001,白玻,2.95,2440,1830,0.2
